1048576;16218;552925;31829567;86753752;0;0;0;0;0;0;0;0.653
1048576;347442;7751301;485372945;1298759934;0;0;0;0;0;0;0;6.797
4194304;481068;106425577;1803736356;4769106298;0;0;0;0;0;0;0;22.644
4194304;37884;12217079;222942377;602282143;0;0;0;0;0;0;0;3.328
1048576;1598;121044;9168343;26265830;0;0;0;0;0;0;0;0.219
4194304;12524;1069047;52004818;145953381;0;0;0;0;0;0;0;1.202
1048576;5550;207362;14941761;41666586;0;0;0;0;0;0;0;0.287
262144;35298;1115778;53778627;143475258;0;0;0;0;0;0;0;0.795
1048576;11859;216067;21515012;59355137;0;0;0;0;0;0;0;0.382
1048576;26705;2174937;57926871;153579047;0;0;0;0;0;0;0;0.844
4194304;23465;1472021;68405552;189334536;0;0;0;0;0;0;0;1.340
1048576;375;20226;6159034;18204377;0;0;0;0;0;0;0;0.167
1048576;324996;25947766;630972437;1653304701;0;0;0;0;0;0;0;8.308
4194304;84;8455;21265558;63721692;0;0;0;0;0;0;0;0.750
1048576;20400;608490;37716181;103004147;0;0;0;0;0;0;0;0.600
1048576;18144;1183837;40114199;107955473;0;0;0;0;0;0;0;0.616
4194304;530455;117751940;1857741295;4850333627;0;0;0;0;0;0;0;23.729
1048576;54;7117;5459496;16332983;0;0;0;0;0;0;0;0.164
1048576;4048;225131;13081388;36597097;0;0;0;0;0;0;0;0.302
4194304;374490;120655164;1960967387;5230155861;0;0;0;0;0;0;0;24.138
4194304;330472;84007255;1259020588;3266865553;0;0;0;0;0;0;0;15.873
1048576;225264;44032901;742002264;1946566882;0;0;0;0;0;0;0;9.116
262144;1960;92222;5059038;13946388;0;0;0;0;0;0;0;0.114
262144;36225;834458;52359918;140326214;0;0;0;0;0;0;0;0.763
4194304;158048;39830246;655188533;1726837692;0;0;0;0;0;0;0;8.411
4194304;476800;271778280;3914180599;10430836967;0;0;0;0;0;0;0;46.344
4194304;25476;2829181;87587565;240886876;0;0;0;0;0;0;0;1.620
1048576;27495;4437903;92730615;247368263;0;0;0;0;0;0;0;1.274
1048576;56;7088;5461988;16339869;0;0;0;0;0;0;0;0.199
4194304;504480;154745394;2414267246;6375471399;0;0;0;0;0;0;0;29.412
1048576;23283;1916773;54953229;147503258;0;0;0;0;0;0;0;0.802
4194304;9240;1713584;55231975;154435919;0;0;0;0;0;0;0;1.154
1048576;17802;1075875;39175067;105997386;0;0;0;0;0;0;0;0.771
1048576;21472;2308960;63015842;169991430;0;0;0;0;0;0;0;0.959
1048576;348381;51190048;870901497;2240936475;0;0;0;0;0;0;0;10.795
4194304;225792;129176963;1862759418;4965692238;0;0;0;0;0;0;0;25.840
4194304;170178;32066365;573127292;1509323498;0;0;0;0;0;0;0;7.560
1048576;16;6125;5392577;16152779;0;0;0;0;0;0;0;0.181
4194304;1930390;1918108792;22398929774;57908312902;0;0;0;0;0;0;0;266.334
262144;15736;511897;25644083;68803981;0;0;0;0;0;0;0;0.418
1048576;23782;3378709;80174010;216143035;0;0;0;0;0;0;0;1.107
4194304;468048;137249111;1976746888;5133156552;0;0;0;0;0;0;0;24.997
1048576;4760;210601;14308076;39982822;0;0;0;0;0;0;0;0.284
1048576;82188;3344805;136984351;365428945;0;0;0;0;0;0;0;1.937
1048576;10992;646924;24977153;67792211;0;0;0;0;0;0;0;0.439
1048576;18290;1663322;50154527;135919175;0;0;0;0;0;0;0;0.745
262144;4140;141571;8158548;22248188;0;0;0;0;0;0;0;0.154
4194304;62928;6656851;180380131;486896256;0;0;0;0;0;0;0;2.760
4194304;173628;99040025;1458657439;3899614990;0;0;0;0;0;0;0;17.279
262144;19950;369376;28517486;76666103;0;0;0;0;0;0;0;0.435
1048576;253;14480;5868688;17425425;0;0;0;0;0;0;0;0.172
1048576;4092;165281;12649306;35514771;0;0;0;0;0;0;0;0.288
4194304;309524;72880567;1162602256;3046106930;0;0;0;0;0;0;0;14.566
4194304;533655;166458988;2211581655;5655525180;0;0;0;0;0;0;0;27.076
4194304;541926;50423702;1184863495;3128804074;0;0;0;0;0;0;0;15.755
1048576;3498;861182;20836382;57385166;0;0;0;0;0;0;0;0.372
262144;3483;126014;7248280;19793295;0;0;0;0;0;0;0;0.142
1048576;10660;820442;28449768;77580372;0;0;0;0;0;0;0;0.462
4194304;152084;15247544;376934534;1005075022;0;0;0;0;0;0;0;5.264
4194304;71440;7306812;195912352;528721570;0;0;0;0;0;0;0;2.981
4194304;108025;4659721;193081057;518406332;0;0;0;0;0;0;0;3.030
4194304;26466;3516323;97650340;267665318;0;0;0;0;0;0;0;1.681
4194304;213923;117016964;1691449172;4517004501;0;0;0;0;0;0;0;20.938
262144;13932;601549;24616000;65855712;0;0;0;0;0;0;0;0.376
4194304;6005;1025000;41035666;116185602;0;0;0;0;0;0;0;0.971
4194304;68265;15070835;283588931;759118141;0;0;0;0;0;0;0;4.012
4194304;152425;8562049;281165692;748334736;0;0;0;0;0;0;0;4.193
1048576;27416;1508784;53974631;144762837;0;0;0;0;0;0;0;0.811
1048576;252;10995;5755431;17124272;0;0;0;0;0;0;0;0.409
1048576;2262;129072;10192048;29009385;0;0;0;0;0;0;0;0.267
262144;6885;356219;13911328;37423196;0;0;0;0;0;0;0;0.287
4194304;27456;1232792;68192039;188460291;0;0;0;0;0;0;0;1.374
262144;352;20722;2188230;6306715;0;0;0;0;0;0;0;0.086
4194304;79386;8059057;211864018;569841702;0;0;0;0;0;0;0;3.212
1048576;19431;520831;33827238;92005945;0;0;0;0;0;0;0;0.554
1048576;11616;982769;31368210;85253873;0;0;0;0;0;0;0;0.501
262144;15272;616781;26611268;71385305;0;0;0;0;0;0;0;0.436
1048576;80738;17043764;325771016;871966665;0;0;0;0;0;0;0;5.559
1048576;10080;879006;29958406;81831618;0;0;0;0;0;0;0;0.486
262144;51920;2933045;91286386;241163140;0;0;0;0;0;0;0;1.312
1048576;1365;54808;7957972;23017822;0;0;0;0;0;0;0;0.190
4194304;28718;3063285;99165466;272030939;0;0;0;0;0;0;0;1.731
1048576;371412;34347151;739041279;1918140787;0;0;0;0;0;0;0;9.621
4194304;387185;118321815;1901790306;5055200901;0;0;0;0;0;0;0;23.314
1048576;18144;4597370;87079770;234404147;0;0;0;0;0;0;0;1.189
1048576;24992;3319240;80261069;216083815;0;0;0;0;0;0;0;1.124
4194304;290472;39622637;760869524;1992703706;0;0;0;0;0;0;0;10.122
4194304;165600;38829129;717023430;1920094361;0;0;0;0;0;0;0;9.331
4194304;3745;1665764;47378884;133441833;0;0;0;0;0;0;0;1.031
4194304;265591;105347233;1554356703;4110118785;0;0;0;0;0;0;0;19.204
262144;34008;1646876;57231259;151605250;0;0;0;0;0;0;0;0.808
1048576;18906;619919;34565494;93815933;0;0;0;0;0;0;0;0.592
1048576;45486;1154668;70772594;190772467;0;0;0;0;0;0;0;1.095
4194304;53958;15486776;283347684;763203657;0;0;0;0;0;0;0;3.992
4194304;846884;193742950;2876730987;7418114740;0;0;0;0;0;0;0;35.806
262144;18865;512937;29006456;77792128;0;0;0;0;0;0;0;0.441
262144;28952;505854;40476152;108817783;0;0;0;0;0;0;0;0.605
1048576;27432;1094472;49194219;132673739;0;0;0;0;0;0;0;0.787
1048576;11150;414852;23089544;63183606;0;0;0;0;0;0;0;0.414
262144;6443;183356;11528473;31268105;0;0;0;0;0;0;0;0.199
4194304;31104;3361040;104810260;286951918;0;0;0;0;0;0;0;1.905
262144;72;7546;1568874;4647871;0;0;0;0;0;0;0;0.066
262144;13334;677626;24649761;65789545;0;0;0;0;0;0;0;0.373
1048576;8302;201726;17876992;49562172;0;0;0;0;0;0;0;0.364
262144;44640;1580600;68930094;183358855;0;0;0;0;0;0;0;1.231
4194304;289838;39468864;757354752;1984148308;0;0;0;0;0;0;0;9.938
1048576;9251;350531;20784153;57262862;0;0;0;0;0;0;0;0.381
4194304;201588;11192285;353877022;936623370;0;0;0;0;0;0;0;5.853
4194304;585208;75042856;1422253596;3701852068;0;0;0;0;0;0;0;18.694
262144;3753;183889;8598946;23430985;0;0;0;0;0;0;0;0.159
4194304;9401;670170;41745965;118329684;0;0;0;0;0;0;0;1.053
4194304;44668;2008396;97780003;267555847;0;0;0;0;0;0;0;1.824
1048576;247826;12074937;406481407;1074514165;0;0;0;0;0;0;0;5.580
4194304;115536;23411470;453308591;1214725947;0;0;0;0;0;0;0;5.959
262144;1152;45598;3593941;10068878;0;0;0;0;0;0;0;0.123
1048576;6045;340770;16620007;45943104;0;0;0;0;0;0;0;0.306
1048576;11340;771821;29592804;80735300;0;0;0;0;0;0;0;0.483
4194304;215196;21084536;530024521;1420418947;0;0;0;0;0;0;0;7.158
4194304;5700;528841;35806847;102641322;0;0;0;0;0;0;0;0.950
262144;14637;495483;24051071;64369478;0;0;0;0;0;0;0;0.368
1048576;38688;6991741;146084579;393094874;0;0;0;0;0;0;0;1.922
1048576;193375;57330651;966792198;2581940114;0;0;0;0;0;0;0;11.719
1048576;382962;23594978;668546937;1757381155;0;0;0;0;0;0;0;8.751
262144;7596;200659;12739619;34489200;0;0;0;0;0;0;0;0.218
262144;4777;148024;8937843;24316602;0;0;0;0;0;0;0;0.164
1048576;8208;480990;22366138;61570242;0;0;0;0;0;0;0;0.384
262144;33728;1563309;56399947;149517767;0;0;0;0;0;0;0;0.791
4194304;30268;5828054;129963180;353730685;0;0;0;0;0;0;0;2.077
4194304;781788;180615733;2782646164;7225734081;0;0;0;0;0;0;0;33.964
262144;3120;94745;6553695;18016425;0;0;0;0;0;0;0;0.134
262144;67859;1598785;96870199;259154864;0;0;0;0;0;0;0;1.358
262144;7707;195503;12613885;34064064;0;0;0;0;0;0;0;0.217
4194304;1176;66973;23599683;69960677;0;0;0;0;0;0;0;0.768
1048576;33300;834091;53193134;143788674;0;0;0;0;0;0;0;0.823
1048576;159900;38353146;592206081;1541448480;0;0;0;0;0;0;0;7.382
4194304;35560;913403;72600087;200830271;0;0;0;0;0;0;0;1.483
4194304;12765;1075968;52427000;147112825;0;0;0;0;0;0;0;1.188
1048576;8424;553700;23790061;65450249;0;0;0;0;0;0;0;0.447
1048576;16425;365204;28723484;78566037;0;0;0;0;0;0;0;0.596
4194304;5863;363181;32854003;94367199;0;0;0;0;0;0;0;0.957
4194304;182985;61468223;1016890755;2721532655;0;0;0;0;0;0;0;12.949
1048576;404;32063;6410384;18873367;0;0;0;0;0;0;0;0.195
1048576;12996;2172326;50388841;136358521;0;0;0;0;0;0;0;0.728
4194304;103452;48825781;752303277;2015044283;0;0;0;0;0;0;0;9.254
262144;1980;55910;4550089;12612052;0;0;0;0;0;0;0;0.107
4194304;139104;13122190;333455021;889212045;0;0;0;0;0;0;0;4.853
4194304;188235;40893952;690368210;1815136112;0;0;0;0;0;0;0;8.990
1048576;7174;768774;23713468;64686827;0;0;0;0;0;0;0;0.394
4194304;328440;22129131;638670157;1696649808;0;0;0;0;0;0;0;8.830
1048576;5671;381716;18165712;50345109;0;0;0;0;0;0;0;0.342
1048576;123675;6051841;204381749;539553875;0;0;0;0;0;0;0;2.845
1048576;53128;1862238;85513329;228774730;0;0;0;0;0;0;0;1.528
1048576;86078;5684323;157669619;414728385;0;0;0;0;0;0;0;2.177
1048576;66933;3514978;119072248;316164845;0;0;0;0;0;0;0;1.687
262144;2254;76163;5330900;14710859;0;0;0;0;0;0;0;0.118
262144;8200;606131;18028403;48094510;0;0;0;0;0;0;0;0.287
262144;480;23278;2342787;6717311;0;0;0;0;0;0;0;0.078
262144;188;11463;1804038;5278501;0;0;0;0;0;0;0;0.068
4194304;26931;5028064;120560662;329145669;0;0;0;0;0;0;0;1.957
1048576;18717;2018454;53086020;142863563;0;0;0;0;0;0;0;0.807
4194304;5357;865976;39725888;113069745;0;0;0;0;0;0;0;0.929
1048576;3978;154805;12477137;35108197;0;0;0;0;0;0;0;0.269
1048576;74539;9674479;186989423;487868266;0;0;0;0;0;0;0;2.450
4194304;110448;9808597;264748498;710626664;0;0;0;0;0;0;0;3.872
4194304;36738;3721833;113769265;310193098;0;0;0;0;0;0;0;2.066
262144;1440;32814;3633170;10184079;0;0;0;0;0;0;0;0.095
1048576;164205;5212349;249794458;666565544;0;0;0;0;0;0;0;3.493
4194304;474232;199442352;2964041698;7886652227;0;0;0;0;0;0;0;35.277
1048576;119251;6610425;210640557;557845496;0;0;0;0;0;0;0;2.908
262144;1508;38735;3748854;10488860;0;0;0;0;0;0;0;0.097
1048576;86153;3105495;136603267;364837424;0;0;0;0;0;0;0;1.955
262144;5151;123091;8954393;24398628;0;0;0;0;0;0;0;0.175
4194304;155630;20473247;421816441;1114264592;0;0;0;0;0;0;0;5.815
4194304;4884;1093586;41720236;118395983;0;0;0;0;0;0;0;1.258
4194304;20002;329355;47870146;135068264;0;0;0;0;0;0;0;1.208
4194304;38263;5467976;136331464;370140386;0;0;0;0;0;0;0;2.221
262144;210;14020;1895020;5522663;0;0;0;0;0;0;0;0.081
262144;11186;385434;18417085;49375830;0;0;0;0;0;0;0;0.345
262144;18768;747896;30973031;82506238;0;0;0;0;0;0;0;0.618
4194304;68820;9577811;219004496;589109660;0;0;0;0;0;0;0;3.248
4194304;1267860;777013871;9036094326;23050870235;0;0;0;0;0;0;0;110.858
1048576;7276;1774007;37574280;102132235;0;0;0;0;0;0;0;0.588
1048576;108625;15563463;303665901;800342038;0;0;0;0;0;0;0;3.947
4194304;590733;186340511;2759941467;7240951506;0;0;0;0;0;0;0;34.254
4194304;976752;141273218;2580330204;6732367414;0;0;0;0;0;0;0;32.851
1048576;47478;2210277;81600335;217089824;0;0;0;0;0;0;0;1.220
4194304;68450;15389819;303963146;819155075;0;0;0;0;0;0;0;4.247
262144;3744;172296;8449818;23012074;0;0;0;0;0;0;0;0.156
4194304;327184;89371453;1517653212;4049248846;0;0;0;0;0;0;0;18.811
1048576;158928;13791517;322279942;843607842;0;0;0;0;0;0;0;4.263
4194304;49500;8515992;174956006;466962663;0;0;0;0;0;0;0;2.691
1048576;263860;23346843;535805034;1401263443;0;0;0;0;0;0;0;7.030
1048576;72325;4257483;130179452;344535539;0;0;0;0;0;0;0;1.849
4194304;219765;63894107;1093251290;2923105044;0;0;0;0;0;0;0;13.828
262144;22176;1347112;42575817;113422412;0;0;0;0;0;0;0;0.610
1048576;416;41388;6515150;19153980;0;0;0;0;0;0;0;0.177
1048576;203742;12899452;355650713;931359069;0;0;0;0;0;0;0;4.749
4194304;440352;144592368;2236051530;5914061298;0;0;0;0;0;0;0;27.527
262144;16124;742816;27726241;73752105;0;0;0;0;0;0;0;0.458
4194304;58896;4990866;147774582;399495433;0;0;0;0;0;0;0;2.415
4194304;84048;6333644;178449925;475337417;0;0;0;0;0;0;0;2.822
4194304;184080;96987388;1446454343;3866662515;0;0;0;0;0;0;0;18.123
262144;39192;1008514;58258830;156051717;0;0;0;0;0;0;0;0.833
262144;969;27422;2907721;8234639;0;0;0;0;0;0;0;0.087
262144;4576;136194;8427181;22941978;0;0;0;0;0;0;0;0.162
1048576;210617;50795545;756050945;1955108553;0;0;0;0;0;0;0;9.256
4194304;94668;34049401;565423094;1517267499;0;0;0;0;0;0;0;7.414
4194304;181248;22006873;487440022;1296472772;0;0;0;0;0;0;0;6.610
4194304;369320;165358630;2417280854;6418054792;0;0;0;0;0;0;0;30.030
1048576;2108;60352;9079367;26010432;0;0;0;0;0;0;0;0.223
262144;5796;170271;10505944;28489978;0;0;0;0;0;0;0;0.220
1048576;45360;832156;66705793;180106550;0;0;0;0;0;0;0;1.066
4194304;3395;232092;28824746;83932273;0;0;0;0;0;0;0;0.852
262144;63220;2973623;104767831;277563923;0;0;0;0;0;0;0;1.486
4194304;14;6044;21127220;63349763;0;0;0;0;0;0;0;0.785
1048576;4771;141005;12900902;36205105;0;0;0;0;0;0;0;0.295
4194304;427656;134951206;2153255739;5743071504;0;0;0;0;0;0;0;26.050
4194304;352084;77589961;1340862471;3548155890;0;0;0;0;0;0;0;16.822
4194304;1046468;698068857;8917933734;23325259411;0;0;0;0;0;0;0;105.002
1048576;32240;2319185;69191894;185267365;0;0;0;0;0;0;0;1.023
1048576;220848;18343350;433140401;1132527477;0;0;0;0;0;0;0;5.644
1048576;13113;1071140;35282122;95707866;0;0;0;0;0;0;0;0.553
1048576;144072;5329442;221917793;589526058;0;0;0;0;0;0;0;3.064
262144;1614;52149;4230744;11777712;0;0;0;0;0;0;0;0.100
4194304;21960;4671911;109107634;298344915;0;0;0;0;0;0;0;1.827
4194304;1089752;624704695;8392478021;22064957983;0;0;0;0;0;0;0;98.029
4194304;503271;194725441;3035868587;8120945127;0;0;0;0;0;0;0;40.759
1048576;16206;915713;35467011;96341102;0;0;0;0;0;0;0;0.558
4194304;342088;155446976;2351997285;6273887590;0;0;0;0;0;0;0;28.272
262144;146;12052;1778800;5211316;0;0;0;0;0;0;0;0.069
4194304;833196;373383368;5252583161;13832603047;0;0;0;0;0;0;0;63.148
1048576;993;72006;7848726;22727646;0;0;0;0;0;0;0;0.207
1048576;448224;160314285;2468314101;6557169802;0;0;0;0;0;0;0;29.813
4194304;322588;69934980;1170662150;3078167277;0;0;0;0;0;0;0;14.722
262144;13286;346666;21337006;57534342;0;0;0;0;0;0;0;0.333
4194304;464678;126253105;2007885474;5300550048;0;0;0;0;0;0;0;24.545
4194304;5358;371656;33342120;96030305;0;0;0;0;0;0;0;0.902
262144;26394;1009505;43519469;116258446;0;0;0;0;0;0;0;0.675
4194304;95100;24676451;390486691;1022613340;0;0;0;0;0;0;0;5.460
262144;54230;2038661;84071172;223136961;0;0;0;0;0;0;0;1.169
4194304;11480;732299;44443622;125486727;0;0;0;0;0;0;0;1.041
1048576;6996;133661;15024771;41904206;0;0;0;0;0;0;0;0.320
1048576;6762;467737;19939558;54967643;0;0;0;0;0;0;0;0.358
262144;5370;240263;10840389;29370036;0;0;0;0;0;0;0;0.212
4194304;249300;23641077;555980801;1471111710;0;0;0;0;0;0;0;7.524
1048576;3600;233054;13261105;37197013;0;0;0;0;0;0;0;0.277
4194304;43460;5612918;150182312;408789518;0;0;0;0;0;0;0;2.365
262144;315;24020;2171148;6262669;0;0;0;0;0;0;0;0.075
4194304;448;84206;22992647;68336384;0;0;0;0;0;0;0;1.100
262144;8736;379030;16206469;43513653;0;0;0;0;0;0;0;0.368
4194304;101920;32264495;551922645;1479841616;0;0;0;0;0;0;0;7.136
4194304;64163;4944133;144499896;386417750;0;0;0;0;0;0;0;6.883
1048576;309;32488;6268292;18493945;0;0;0;0;0;0;0;0.179
1048576;18020;3487931;73360706;197742219;0;0;0;0;0;0;0;0.979
4194304;392472;56495860;987523207;2549200995;0;0;0;0;0;0;0;12.748
4194304;337184;193693214;2827512021;7554423613;0;0;0;0;0;0;0;32.944
1048576;305909;66217855;1119417623;2949919924;0;0;0;0;0;0;0;13.481
4194304;2100;132018;25800496;75855595;0;0;0;0;0;0;0;0.820
4194304;446472;321150884;4513260382;12052145241;0;0;0;0;0;0;0;65.811
1048576;223740;20592336;462568855;1210314464;0;0;0;0;0;0;0;6.045
4194304;102060;29347595;494111616;1322107344;0;0;0;0;0;0;0;6.582
1048576;30282;1271793;54448381;146273320;0;0;0;0;0;0;0;0.829
262144;62;8130;1578246;4672898;0;0;0;0;0;0;0;0.070
262144;3492;192693;8130038;22143317;0;0;0;0;0;0;0;0.163
4194304;63468;17348591;312038868;839478692;0;0;0;0;0;0;0;4.521
1048576;42448;1541704;72035598;193420407;0;0;0;0;0;0;0;1.058
4194304;11200;375596;39290204;111883714;0;0;0;0;0;0;0;0.999
4194304;231099;25248469;548999891;1445041329;0;0;0;0;0;0;0;7.510
1048576;47104;2456489;87549284;234048178;0;0;0;0;0;0;0;1.254
4194304;1215568;317722718;4578795181;11820145350;0;0;0;0;0;0;0;55.939
1048576;25344;1638704;55875322;150655117;0;0;0;0;0;0;0;0.838
4194304;920700;297889231;4480118705;11806115556;0;0;0;0;0;0;0;54.328
1048576;85400;7340428;180863775;477126145;0;0;0;0;0;0;0;2.436
4194304;19278;2256917;73999181;204309777;0;0;0;0;0;0;0;1.388
1048576;163086;6561239;260160147;691561523;0;0;0;0;0;0;0;3.559
1048576;200504;7622006;314722817;838251064;0;0;0;0;0;0;0;4.326
1048576;23858;408663;37476612;102082839;0;0;0;0;0;0;0;0.664
1048576;20703;1170673;45677934;123814431;0;0;0;0;0;0;0;0.716
4194304;24112;2520779;86048198;237010601;0;0;0;0;0;0;0;1.638
262144;26307;891202;41616106;111151006;0;0;0;0;0;0;0;0.603
1048576;81420;5806727;157108835;414024669;0;0;0;0;0;0;0;2.128
1048576;10;5897;5369150;16091219;0;0;0;0;0;0;0;0.181
1048576;20838;2147532;52152436;138519767;0;0;0;0;0;0;0;0.775
1048576;35066;2125462;73398430;197150228;0;0;0;0;0;0;0;1.082
4194304;19817;3470978;89036345;244561906;0;0;0;0;0;0;0;1.593
4194304;435502;259960982;3683982216;9820982345;0;0;0;0;0;0;0;43.214
4194304;38892;1275799;81193541;223366305;0;0;0;0;0;0;0;1.621
4194304;683533;200952403;3171031044;8396878098;0;0;0;0;0;0;0;39.378
4194304;44132;21304474;339370202;912595271;0;0;0;0;0;0;0;4.675
1048576;3016;122673;10893362;30872081;0;0;0;0;0;0;0;0.257
1048576;353800;15413792;561362545;1486257263;0;0;0;0;0;0;0;7.551
4194304;201267;112145589;1598929884;4258960486;0;0;0;0;0;0;0;20.772
4194304;32767;2186894;84090040;229757791;0;0;0;0;0;0;0;1.606
4194304;353772;44814222;862793783;2248977531;0;0;0;0;0;0;0;11.368
4194304;94563;4214734;173510464;466461742;0;0;0;0;0;0;0;2.774
1048576;4312;172106;12972559;36404852;0;0;0;0;0;0;0;0.263
4194304;63024;11669394;235721862;634290856;0;0;0;0;0;0;0;3.386
262144;1209;42871;3402300;9539729;0;0;0;0;0;0;0;0.091
4194304;156849;22404410;451394487;1194718097;0;0;0;0;0;0;0;6.147
262144;41250;1506458;65176791;173481645;0;0;0;0;0;0;0;0.916
262144;372;18197;2179414;6281727;0;0;0;0;0;0;0;0.072
1048576;7656;517786;21066653;57823951;0;0;0;0;0;0;0;0.374
262144;4975;245338;10589155;28718652;0;0;0;0;0;0;0;0.186
1048576;38624;1613739;67362844;180552781;0;0;0;0;0;0;0;1.007
262144;51;7447;1533114;4554120;0;0;0;0;0;0;0;0.257
262144;49329;2454488;82443608;217969418;0;0;0;0;0;0;0;1.286
4194304;226394;19165883;503488081;1339389871;0;0;0;0;0;0;0;7.054
1048576;13804;987629;33583424;91183750;0;0;0;0;0;0;0;0.571
1048576;4543;610313;19149888;52905544;0;0;0;0;0;0;0;0.349
4194304;11466;1189732;52103058;146199791;0;0;0;0;0;0;0;1.101
4194304;126412;29098189;518425441;1378160387;0;0;0;0;0;0;0;6.822
262144;320;16264;2136234;6168794;0;0;0;0;0;0;0;0.077
1048576;12789;1414157;38060505;103311483;0;0;0;0;0;0;0;0.579
4194304;78342;6317278;189092354;510228784;0;0;0;0;0;0;0;2.885
4194304;6550;2075662;55530931;155184839;0;0;0;0;0;0;0;1.138
4194304;175522;45296522;775611052;2070078887;0;0;0;0;0;0;0;9.936
4194304;14360;4002621;89823695;246790946;0;0;0;0;0;0;0;1.589
262144;4914;123894;8950246;24413729;0;0;0;0;0;0;0;0.204
1048576;814;34061;6938534;20290177;0;0;0;0;0;0;0;0.203
4194304;157608;79023424;1172585868;3130247620;0;0;0;0;0;0;0;14.833
4194304;578496;242769734;3419301293;8966661551;0;0;0;0;0;0;0;41.130
4194304;73602;3832649;150743179;408358475;0;0;0;0;0;0;0;2.433
4194304;1974;63895;24342459;71937763;0;0;0;0;0;0;0;0.770
1048576;6732;287762;17520274;48587261;0;0;0;0;0;0;0;0.327
262144;386;22913;2357582;6759909;0;0;0;0;0;0;0;0.075
262144;11154;409969;19233443;51683312;0;0;0;0;0;0;0;0.304
1048576;7105;207643;16325772;45328175;0;0;0;0;0;0;0;0.341
262144;212;17729;1936574;5632921;0;0;0;0;0;0;0;0.101
1048576;116064;2673741;167975185;450627983;0;0;0;0;0;0;0;2.392
1048576;4278;318146;15370016;42846371;0;0;0;0;0;0;0;0.287
4194304;97438;6263147;208449679;563077041;0;0;0;0;0;0;0;3.183
4194304;8520;903227;44286087;125239553;0;0;0;0;0;0;0;1.009
1048576;52998;4442901;114499510;303959993;0;0;0;0;0;0;0;1.566
4194304;54315;9599947;204421781;550226621;0;0;0;0;0;0;0;3.095
4194304;219300;85845251;1364973304;3650339405;0;0;0;0;0;0;0;16.854
4194304;7903;1497541;51082925;143403786;0;0;0;0;0;0;0;1.117
1048576;82620;20323774;367669228;984048463;0;0;0;0;0;0;0;4.577
4194304;31080;4976146;123800673;337261746;0;0;0;0;0;0;0;2.005
4194304;1289170;177854138;3071255507;7894895580;0;0;0;0;0;0;0;38.572
1048576;284544;12704505;450620703;1189833601;0;0;0;0;0;0;0;6.188
262144;216;14897;1869949;5452738;0;0;0;0;0;0;0;0.068
262144;8640;405906;16086493;43118416;0;0;0;0;0;0;0;0.258
1048576;7620;251259;17824084;49381878;0;0;0;0;0;0;0;0.430
4194304;1495640;496919178;6916902941;17936307120;0;0;0;0;0;0;0;89.283
1048576;1010;67960;7582757;22008568;0;0;0;0;0;0;0;0.225
1048576;9792;324077;20814163;57206041;0;0;0;0;0;0;0;0.423
1048576;42244;766653;62365676;168641398;0;0;0;0;0;0;0;0.969
1048576;1530;103801;8837124;25367869;0;0;0;0;0;0;0;0.216
4194304;171264;17140239;409525977;1087907933;0;0;0;0;0;0;0;5.804
1048576;1228;126740;8988797;25771699;0;0;0;0;0;0;0;0.246
1048576;512;28815;6483028;19072366;0;0;0;0;0;0;0;0.194
1048576;15368;1686699;41932076;112139370;0;0;0;0;0;0;0;0.654
4194304;230076;57838175;1034295781;2768510150;0;0;0;0;0;0;0;13.188
4194304;120782;35009736;606667154;1626755583;0;0;0;0;0;0;0;8.014
4194304;12120;1389660;55443608;155145223;0;0;0;0;0;0;0;1.224
1048576;9504;652290;24929261;68062364;0;0;0;0;0;0;0;0.424
4194304;205134;58395637;1015324542;2718323865;0;0;0;0;0;0;0;12.873
262144;1443;63807;3953912;10991842;0;0;0;0;0;0;0;0.098
262144;156;11824;1772610;5195700;0;0;0;0;0;0;0;0.083
4194304;18348;1686448;67778474;188101887;0;0;0;0;0;0;0;1.356
1048576;316635;39279639;773990791;2024422570;0;0;0;0;0;0;0;9.945
262144;448;19675;2224848;6403430;0;0;0;0;0;0;0;0.076
4194304;364140;51430238;976606757;2559062716;0;0;0;0;0;0;0;12.845
4194304;57505;8446556;195413771;526392717;0;0;0;0;0;0;0;2.982
262144;3150;127690;6705289;18333463;0;0;0;0;0;0;0;0.136
4194304;46662;5426745;141400858;383766812;0;0;0;0;0;0;0;2.249
262144;21450;1226231;39245222;104228621;0;0;0;0;0;0;0;0.607
1048576;46284;3358532;95187671;252797951;0;0;0;0;0;0;0;1.384
1048576;1764;86841;8931550;25627817;0;0;0;0;0;0;0;0.218
4194304;1096755;86772605;2142576674;5628880384;0;0;0;0;0;0;0;28.488
4194304;2501763;201395716;4694519733;12224038216;0;0;0;0;0;0;0;61.936
262144;73440;5748502;139242565;363678001;0;0;0;0;0;0;0;1.871
4194304;78814;16883724;307765484;818083661;0;0;0;0;0;0;0;4.327
4194304;97988;28659130;496499351;1333742598;0;0;0;0;0;0;0;6.427
262144;34;6707;1505664;4479063;0;0;0;0;0;0;0;0.064
1048576;49929;2414156;87901261;234217481;0;0;0;0;0;0;0;1.361
1048576;141913;9363154;262927903;692431171;0;0;0;0;0;0;0;3.576
1048576;6372;405827;18564119;51329243;0;0;0;0;0;0;0;0.380
4194304;6125;555660;36658788;104873793;0;0;0;0;0;0;0;0.945
1048576;4536;301616;15587211;43436223;0;0;0;0;0;0;0;0.303
4194304;61152;4074946;141664237;383577117;0;0;0;0;0;0;0;2.338
4194304;468861;89396291;1520442107;3985078276;0;0;0;0;0;0;0;19.424
4194304;20010;1613512;65796363;182197101;0;0;0;0;0;0;0;1.473
1048576;2016;92850;9199651;26334676;0;0;0;0;0;0;0;0.343
262144;5425;147224;9604515;26131060;0;0;0;0;0;0;0;0.188
1048576;76232;3442759;129188105;344291903;0;0;0;0;0;0;0;1.863
1048576;60554;2475578;100015408;266678563;0;0;0;0;0;0;0;1.451
4194304;517626;248214526;3592452212;9528712125;0;0;0;0;0;0;0;41.749
262144;11826;209805;17481406;47280075;0;0;0;0;0;0;0;0.293
1048576;3003;128435;11004549;31167068;0;0;0;0;0;0;0;0.239
4194304;283140;32613632;687020207;1807421826;0;0;0;0;0;0;0;9.162
262144;16995;792057;28956927;76959166;0;0;0;0;0;0;0;0.429
262144;7128;305441;12980645;34840123;0;0;0;0;0;0;0;0.234
1048576;140384;4961947;219370506;585262803;0;0;0;0;0;0;0;3.042
1048576;8777;755992;25750383;70371592;0;0;0;0;0;0;0;0.435
4194304;852150;153958161;2504448305;6488631692;0;0;0;0;0;0;0;31.292
262144;52060;1848507;80674554;214647365;0;0;0;0;0;0;0;1.124
1048576;64258;1414538;94134099;253212905;0;0;0;0;0;0;0;1.402
1048576;30712;1049218;54499939;147234586;0;0;0;0;0;0;0;0.821
262144;2912;183939;7583044;20729879;0;0;0;0;0;0;0;0.142
4194304;87360;25321232;436254662;1169792365;0;0;0;0;0;0;0;5.843
1048576;736;33494;6815008;19958013;0;0;0;0;0;0;0;0.183
4194304;135499;28318492;524301414;1403979278;0;0;0;0;0;0;0;6.927
262144;20210;897332;34654412;92335387;0;0;0;0;0;0;0;0.509
1048576;10272;721462;28861452;78940457;0;0;0;0;0;0;0;0.480
1048576;122952;4083344;188600694;503155775;0;0;0;0;0;0;0;2.683
262144;390;18417;2189174;6308851;0;0;0;0;0;0;0;0.073
4194304;40128;5359460;131425784;355636721;0;0;0;0;0;0;0;2.132
4194304;280324;21311895;562534733;1487892872;0;0;0;0;0;0;0;7.762
4194304;28796;1650656;75293443;207230102;0;0;0;0;0;0;0;1.605
262144;11060;501226;19751269;52838900;0;0;0;0;0;0;0;0.390
4194304;381984;234814279;3379985857;9026771397;0;0;0;0;0;0;0;40.196
262144;24940;1308554;43819621;116098278;0;0;0;0;0;0;0;0.653
4194304;104832;6209551;211473006;567106867;0;0;0;0;0;0;0;3.295
4194304;1393470;918403427;12799365419;34042006833;0;0;0;0;0;0;0;150.842
1048576;202860;30706285;559058667;1460870548;0;0;0;0;0;0;0;7.086
1048576;40077;2903805;86956489;233027933;0;0;0;0;0;0;0;1.241
4194304;54707;4450374;135172408;364328084;0;0;0;0;0;0;0;2.179
1048576;1760;502617;14459101;40362843;0;0;0;0;0;0;0;0.276
4194304;367820;65051440;1149254435;3013656800;0;0;0;0;0;0;0;14.705
4194304;78256;31710796;513801613;1378473915;0;0;0;0;0;0;0;6.552
4194304;811395;186073465;2807489475;7269523566;0;0;0;0;0;0;0;34.668
262144;20480;962703;34921610;92725301;0;0;0;0;0;0;0;0.510
262144;19241;662869;30942359;82713984;0;0;0;0;0;0;0;0.463
4194304;1161501;153582777;2874585370;7495532940;0;0;0;0;0;0;0;36.551
1048576;20900;1196158;44167915;119182388;0;0;0;0;0;0;0;0.729
4194304;235304;81077184;1332657297;3567539130;0;0;0;0;0;0;0;16.641
4194304;790230;169697387;2539355348;6532455849;0;0;0;0;0;0;0;31.342
1048576;510;27205;6406448;18866139;0;0;0;0;0;0;0;0.188
4194304;5168;361928;32925201;94936561;0;0;0;0;0;0;0;0.913
262144;4123;201080;9153847;24908732;0;0;0;0;0;0;0;0.165
1048576;8512;266862;18352599;50692091;0;0;0;0;0;0;0;0.367
1048576;848;37743;7043168;20573167;0;0;0;0;0;0;0;0.180
1048576;482736;38019247;907863811;2370071623;0;0;0;0;0;0;0;11.960
4194304;11139;733079;42184311;118996317;0;0;0;0;0;0;0;1.000
262144;5352;202217;10531639;28614894;0;0;0;0;0;0;0;0.188
262144;532;24305;2475017;7072991;0;0;0;0;0;0;0;0.078
1048576;6912;242910;16898592;46925567;0;0;0;0;0;0;0;0.346
4194304;848100;399281533;5413820364;14181978239;0;0;0;0;0;0;0;65.400
4194304;17182;2930300;81102442;223536777;0;0;0;0;0;0;0;1.447
1048576;680;42758;6886757;20148406;0;0;0;0;0;0;0;0.186
4194304;6840;151262;31134295;90202313;0;0;0;0;0;0;0;0.890
1048576;1520;66018;8142748;23497426;0;0;0;0;0;0;0;0.231
1048576;53418;3073310;96699683;256211443;0;0;0;0;0;0;0;1.507
4194304;101311;16901183;361808673;971909715;0;0;0;0;0;0;0;5.087
1048576;195460;12527532;357032918;942038039;0;0;0;0;0;0;0;4.807
262144;428;13941;2134228;6163270;0;0;0;0;0;0;0;0.079
4194304;169099;39059813;707986832;1891891276;0;0;0;0;0;0;0;9.129
262144;2349;62034;5010194;13842402;0;0;0;0;0;0;0;0.113
4194304;153824;74687288;1137940043;3044583551;0;0;0;0;0;0;0;14.272
1048576;59019;8610933;181399328;482352334;0;0;0;0;0;0;0;2.410
262144;72980;3126169;117208098;310791322;0;0;0;0;0;0;0;1.627
1048576;833;35130;6871850;20111123;0;0;0;0;0;0;0;0.220
262144;4641;126434;8490905;23146365;0;0;0;0;0;0;0;0.160
4194304;1436619;1072681974;13675787875;35868258922;0;0;0;0;0;0;0;160.434
1048576;35838;2169437;67607434;179534546;0;0;0;0;0;0;0;0.983
1048576;42456;2286913;80154046;214108939;0;0;0;0;0;0;0;1.201
1048576;1012;45056;7363920;21427449;0;0;0;0;0;0;0;0.216
262144;22080;763111;35701640;95533687;0;0;0;0;0;0;0;0.535
4194304;37520;7107506;160665098;436113891;0;0;0;0;0;0;0;2.478
262144;3591;109547;7162980;19578480;0;0;0;0;0;0;0;0.146
262144;11050;304960;17385830;46781041;0;0;0;0;0;0;0;0.280
1048576;154567;32274390;512017008;1330592469;0;0;0;0;0;0;0;6.304
1048576;125112;9086444;237486639;624242486;0;0;0;0;0;0;0;3.190
1048576;104902;4713317;172790108;458461537;0;0;0;0;0;0;0;2.386
4194304;780;113608;23955972;70917549;0;0;0;0;0;0;0;0.824
4194304;928268;287362490;3742965894;9530814696;0;0;0;0;0;0;0;45.563
262144;26800;1294220;46073455;122443328;0;0;0;0;0;0;0;0.655
1048576;355216;5733215;475875065;1277402207;0;0;0;0;0;0;0;6.587
4194304;14532;3670096;86515704;238011289;0;0;0;0;0;0;0;1.553
4194304;24168;1827122;73516974;202803713;0;0;0;0;0;0;0;1.444
1048576;23903;558594;39461774;107142765;0;0;0;0;0;0;0;0.751
4194304;522245;171284724;2570018309;6762644433;0;0;0;0;0;0;0;31.142
262144;59682;4175609;110565187;290191400;0;0;0;0;0;0;0;1.498
4194304;34528;4508955;123541702;336558084;0;0;0;0;0;0;0;2.072
4194304;21808;2387930;81195479;223977967;0;0;0;0;0;0;0;1.501
4194304;43410;17101364;284723191;766722450;0;0;0;0;0;0;0;3.862
1048576;3072;163452;11546588;32605495;0;0;0;0;0;0;0;0.258
1048576;22650;1413619;48553616;130488663;0;0;0;0;0;0;0;0.768
4194304;1696;222992;26427711;77515357;0;0;0;0;0;0;0;0.794
262144;531;18320;2377735;6813940;0;0;0;0;0;0;0;0.079
262144;280;13274;1999083;5799967;0;0;0;0;0;0;0;0.074
1048576;13320;1485163;42546666;115539947;0;0;0;0;0;0;0;0.651
4194304;30820;4688585;121687221;332203327;0;0;0;0;0;0;0;1.987
4194304;103824;24737769;451319325;1208911131;0;0;0;0;0;0;0;6.195
262144;8299;245729;13987116;37723500;0;0;0;0;0;0;0;0.239
1048576;39360;3648973;90341817;239816883;0;0;0;0;0;0;0;1.278
4194304;6180;871509;39972699;113650099;0;0;0;0;0;0;0;0.973
4194304;55428;6357214;163629485;441069520;0;0;0;0;0;0;0;2.595
262144;2400;100764;5709774;15703623;0;0;0;0;0;0;0;0.122
262144;10680;451076;19395368;52067012;0;0;0;0;0;0;0;0.306
4194304;363580;31584483;794038875;2108997296;0;0;0;0;0;0;0;10.736
1048576;3397;117254;10968350;31043009;0;0;0;0;0;0;0;0.256
1048576;21038;1113270;43390321;117197645;0;0;0;0;0;0;0;0.762
262144;7950;515348;17822277;48046740;0;0;0;0;0;0;0;0.284
4194304;600400;119503914;1814760795;4660869468;0;0;0;0;0;0;0;22.847
1048576;97470;7931831;194047772;509309671;0;0;0;0;0;0;0;2.612
4194304;72906;8415412;198983526;530675394;0;0;0;0;0;0;0;2.988
1048576;10447;654899;26943375;73749139;0;0;0;0;0;0;0;0.445
262144;11178;255618;17208073;46400212;0;0;0;0;0;0;0;0.279
1048576;69736;1724737;103848245;278592701;0;0;0;0;0;0;0;1.617
4194304;897750;261367460;3921227089;10264341903;0;0;0;0;0;0;0;48.282
4194304;13244;2020132;63584089;176783638;0;0;0;0;0;0;0;1.279
1048576;38994;1004820;61807100;166675524;0;0;0;0;0;0;0;0.940
1048576;34960;1437302;60169684;161145397;0;0;0;0;0;0;0;0.900
4194304;224;12794;21536595;64445579;0;0;0;0;0;0;0;0.753
1048576;1160;85652;8172880;23589976;0;0;0;0;0;0;0;0.476
262144;5252;96835;8688577;23724474;0;0;0;0;0;0;0;0.189
1048576;17688;1577989;47687219;128738009;0;0;0;0;0;0;0;0.798
4194304;417780;138212656;2158543842;5719050829;0;0;0;0;0;0;0;25.860
4194304;1552;113351;24749150;73040839;0;0;0;0;0;0;0;0.835
4194304;462988;40806472;968997546;2549445968;0;0;0;0;0;0;0;12.835
262144;7826;363823;15175923;40870340;0;0;0;0;0;0;0;0.243
1048576;43840;2648434;88341897;236931117;0;0;0;0;0;0;0;1.241
4194304;154786;58061728;935426416;2502727586;0;0;0;0;0;0;0;12.223
1048576;204554;11126433;351640507;929414285;0;0;0;0;0;0;0;4.707
262144;2430;117552;5872099;16107974;0;0;0;0;0;0;0;0.122
4194304;148420;26060300;509534922;1357152621;0;0;0;0;0;0;0;6.845
1048576;42400;701823;62004277;167944020;0;0;0;0;0;0;0;0.950
262144;1342;53645;3684759;10282984;0;0;0;0;0;0;0;0.098
4194304;297856;121556063;1905759173;5094553849;0;0;0;0;0;0;0;23.497
1048576;80500;16341908;305319555;812897697;0;0;0;0;0;0;0;3.914
1048576;903;68483;7549486;21917128;0;0;0;0;0;0;0;0.204
4194304;670923;125402743;2024651133;5247039642;0;0;0;0;0;0;0;25.244
1048576;89800;3126563;140682219;374969087;0;0;0;0;0;0;0;1.983
4194304;1680;80981;24526238;72449753;0;0;0;0;0;0;0;0.783
4194304;210444;109007714;1616832729;4318703155;0;0;0;0;0;0;0;20.403
4194304;3236;203398;28387299;82783112;0;0;0;0;0;0;0;0.807
262144;1112;36323;3439669;9664027;0;0;0;0;0;0;0;0.095
262144;59334;3626480;105332037;277327687;0;0;0;0;0;0;0;1.417
1048576;491200;18276431;749843241;1987616834;0;0;0;0;0;0;0;10.093
262144;648;20817;2468147;7055665;0;0;0;0;0;0;0;0.363
1048576;85260;2320796;127024964;339979263;0;0;0;0;0;0;0;1.822
4194304;39760;10592321;205578856;555973479;0;0;0;0;0;0;0;2.989
1048576;8756;312605;20165769;55618870;0;0;0;0;0;0;0;0.410
262144;52299;2761505;90540104;239835396;0;0;0;0;0;0;0;1.232
4194304;107712;21591492;392296767;1039394797;0;0;0;0;0;0;0;5.369
1048576;65880;4934615;131622158;347792058;0;0;0;0;0;0;0;1.802
4194304;39843;3453267;103157492;279063024;0;0;0;0;0;0;0;1.784
1048576;126666;16713361;330894286;871089364;0;0;0;0;0;0;0;4.363
1048576;49042;2320680;86500185;230797109;0;0;0;0;0;0;0;1.336
1048576;3660;189681;12324217;34643134;0;0;0;0;0;0;0;0.288
4194304;129156;41494670;703568961;1887214125;0;0;0;0;0;0;0;8.903
1048576;50768;2612927;89717120;238429851;0;0;0;0;0;0;0;1.316
1048576;2656;172573;10934160;30947681;0;0;0;0;0;0;0;0.509
4194304;2013;117028;25426336;74856785;0;0;0;0;0;0;0;1.057
4194304;321167;55780454;907854272;2341445071;0;0;0;0;0;0;0;11.964
1048576;33904;880340;54543684;147364834;0;0;0;0;0;0;0;0.867
1048576;138380;11890405;274979620;718008150;0;0;0;0;0;0;0;3.694
4194304;551532;82613514;1586832906;4205351961;0;0;0;0;0;0;0;20.096
1048576;1080;47453;7492154;21773639;0;0;0;0;0;0;0;0.206
1048576;91060;8613204;208712508;551773065;0;0;0;0;0;0;0;2.738
1048576;11682;659425;27946705;76237242;0;0;0;0;0;0;0;0.462
1048576;43132;8063863;163162820;437748860;0;0;0;0;0;0;0;2.118
1048576;11118;1618714;40760170;110667713;0;0;0;0;0;0;0;0.596
1048576;3916;286622;13917476;38925418;0;0;0;0;0;0;0;0.304
1048576;36000;772299;55923519;151342701;0;0;0;0;0;0;0;0.862
262144;61685;1384420;88994694;238472214;0;0;0;0;0;0;0;1.248
262144;83580;2534265;123427715;328506938;0;0;0;0;0;0;0;1.706
1048576;220458;11462503;381760243;1013320783;0;0;0;0;0;0;0;5.098
262144;180;13448;1859308;5426187;0;0;0;0;0;0;0;0.070
262144;15008;609542;26399838;70828667;0;0;0;0;0;0;0;0.395
1048576;86350;5011233;151572662;399404510;0;0;0;0;0;0;0;2.099
1048576;10854;456560;23720577;64867912;0;0;0;0;0;0;0;0.408
1048576;511784;23883382;812957355;2140391458;0;0;0;0;0;0;0;10.826
4194304;1076165;210355519;3271630265;8438304780;0;0;0;0;0;0;0;40.350
1048576;217440;64608510;1030934767;2730864980;0;0;0;0;0;0;0;12.350
1048576;5278;237530;15295591;42655574;0;0;0;0;0;0;0;0.308
4194304;174464;14032197;379910799;1011338055;0;0;0;0;0;0;0;5.374
1048576;51840;2475361;96421377;258667418;0;0;0;0;0;0;0;1.356
4194304;10101;898909;45725965;129053785;0;0;0;0;0;0;0;1.230
1048576;260352;75139946;1149202269;3015346185;0;0;0;0;0;0;0;13.703
262144;2952;68635;5661719;15580979;0;0;0;0;0;0;0;0.124
1048576;17427;552120;32472440;88277840;0;0;0;0;0;0;0;0.531
4194304;79805;21800785;392710696;1055831361;0;0;0;0;0;0;0;5.041
1048576;15960;932786;35397025;95770022;0;0;0;0;0;0;0;0.562
1048576;2588;73076;9906775;28235087;0;0;0;0;0;0;0;0.256
1048576;69905;4424834;132711232;351950524;0;0;0;0;0;0;0;1.824
262144;2816;120119;6056652;16531793;0;0;0;0;0;0;0;0.126
4194304;89610;17605252;357553100;962805895;0;0;0;0;0;0;0;4.932
4194304;324850;56758381;1032563148;2723548314;0;0;0;0;0;0;0;13.024
4194304;41382;5204602;133247901;361206870;0;0;0;0;0;0;0;2.162
1048576;1254;52056;7609765;22073630;0;0;0;0;0;0;0;0.204
1048576;688;30814;6634217;19473738;0;0;0;0;0;0;0;0.209
4194304;1456616;25032146;1962710416;5254584157;0;0;0;0;0;0;0;27.230
4194304;236340;71684960;1182624866;3158524956;0;0;0;0;0;0;0;15.489
1048576;36180;3488939;91309382;244910425;0;0;0;0;0;0;0;1.273
262144;12876;736011;25317064;67522095;0;0;0;0;0;0;0;0.378
262144;3564;111002;7105928;19421206;0;0;0;0;0;0;0;0.140
1048576;206980;10311355;345366078;913205366;0;0;0;0;0;0;0;4.691
1048576;93018;7150426;190183331;503581103;0;0;0;0;0;0;0;2.569
262144;364;28226;2344508;6722767;0;0;0;0;0;0;0;0.076
1048576;75240;3630813;132915075;354205355;0;0;0;0;0;0;0;1.860
1048576;7540;492982;22102547;60833518;0;0;0;0;0;0;0;0.398
4194304;111333;37429616;630396984;1689981089;0;0;0;0;0;0;0;8.423
4194304;966812;94508763;2021301993;5271384383;0;0;0;0;0;0;0;26.389
262144;49728;2129241;79381673;210313523;0;0;0;0;0;0;0;1.128
1048576;3750;331223;15000823;41890061;0;0;0;0;0;0;0;0.316
1048576;7848;225640;17468695;48406258;0;0;0;0;0;0;0;0.367
4194304;5016;1630216;48581964;136705053;0;0;0;0;0;0;0;1.109
1048576;53460;2265045;89808937;239475966;0;0;0;0;0;0;0;1.428
262144;1350;57249;3902173;10880221;0;0;0;0;0;0;0;0.106
1048576;53567;7553125;147029663;385581215;0;0;0;0;0;0;0;1.934
1048576;116772;2520368;166357580;445975424;0;0;0;0;0;0;0;2.391
262144;4675;155936;9045687;24621114;0;0;0;0;0;0;0;0.182
1048576;1468;93416;8948024;25655351;0;0;0;0;0;0;0;0.207
4194304;24402;6730709;137269764;373722953;0;0;0;0;0;0;0;2.224
4194304;528;29090;22195972;66210889;0;0;0;0;0;0;0;0.750
4194304;149226;25209682;496476394;1327315318;0;0;0;0;0;0;0;6.817
262144;18618;627729;30082049;80498130;0;0;0;0;0;0;0;0.447
1048576;176150;29795836;539879558;1419482169;0;0;0;0;0;0;0;6.857
262144;1344;75997;4274945;11885571;0;0;0;0;0;0;0;0.100
262144;25752;1332017;45898548;121920708;0;0;0;0;0;0;0;0.649
262144;26169;576061;38399822;103194928;0;0;0;0;0;0;0;0.563
1048576;7791;824049;26421669;72386669;0;0;0;0;0;0;0;0.439
262144;27389;1133123;45732177;121827210;0;0;0;0;0;0;0;0.653
1048576;27456;1209457;48273544;129171325;0;0;0;0;0;0;0;0.827
1048576;30498;785119;49718597;134544319;0;0;0;0;0;0;0;0.804
1048576;68;7637;5496930;16432933;0;0;0;0;0;0;0;0.169
1048576;1898;105447;9396712;26862053;0;0;0;0;0;0;0;0.211
4194304;98838;11122418;268343378;719493821;0;0;0;0;0;0;0;3.859
4194304;495159;212255996;3275736296;8752571977;0;0;0;0;0;0;0;40.729
4194304;126868;36200398;623318757;1667902812;0;0;0;0;0;0;0;7.992
4194304;15939;572561;46752120;131609219;0;0;0;0;0;0;0;1.176
4194304;1092;82944;23791624;70479591;0;0;0;0;0;0;0;0.808
1048576;1580;87614;8715620;25041945;0;0;0;0;0;0;0;0.209
1048576;13431;460632;26095239;71207942;0;0;0;0;0;0;0;0.472
1048576;25947;3293292;82285884;221671517;0;0;0;0;0;0;0;1.139
262144;17300;927739;31761854;84436277;0;0;0;0;0;0;0;0.463
262144;2983;131057;6685966;18327934;0;0;0;0;0;0;0;0.150
262144;4422;100023;8057098;21987958;0;0;0;0;0;0;0;0.155
4194304;7714;530367;37500681;107116818;0;0;0;0;0;0;0;1.323
262144;54027;1967429;83734242;222632080;0;0;0;0;0;0;0;1.219
4194304;32487;2731780;91617719;250806486;0;0;0;0;0;0;0;1.649
4194304;601977;221281451;3250519357;8552390448;0;0;0;0;0;0;0;38.976
4194304;205400;63599288;943144134;2465169703;0;0;0;0;0;0;0;11.943
4194304;27612;4305196;112746624;308191557;0;0;0;0;0;0;0;1.934
4194304;118828;2752615;189724916;514749986;0;0;0;0;0;0;0;3.001
262144;2960;78588;6029702;16584658;0;0;0;0;0;0;0;0.129
262144;33792;2191662;63057183;166402542;0;0;0;0;0;0;0;0.873
1048576;13413;928476;30157972;81074159;0;0;0;0;0;0;0;0.489
1048576;3502;205647;12584496;35359894;0;0;0;0;0;0;0;0.270
4194304;205024;27283587;561482488;1482911276;0;0;0;0;0;0;0;7.514
1048576;69984;6922833;170343341;453348714;0;0;0;0;0;0;0;2.370
4194304;233289;72902244;1136293978;3003996926;0;0;0;0;0;0;0;14.107
1048576;178233;10082369;302277109;793922275;0;0;0;0;0;0;0;4.069
262144;21045;832856;35167451;93797881;0;0;0;0;0;0;0;0.513
1048576;22104;3135834;74948836;202059135;0;0;0;0;0;0;0;1.046
4194304;33158;8872430;175593496;475785523;0;0;0;0;0;0;0;2.589
262144;10486;199574;15923905;43062420;0;0;0;0;0;0;0;0.317
4194304;168324;42607314;695226918;1834536665;0;0;0;0;0;0;0;8.791
4194304;90978;31517590;530090012;1422175729;0;0;0;0;0;0;0;6.692
1048576;39497;1465920;67345585;180838958;0;0;0;0;0;0;0;0.992
4194304;6300;517664;36510240;104517205;0;0;0;0;0;0;0;0.942
262144;7739;220596;12759993;34417316;0;0;0;0;0;0;0;0.217
4194304;4095;118534;27461819;80253001;0;0;0;0;0;0;0;0.860
4194304;5655;664616;37352508;106746995;0;0;0;0;0;0;0;0.949
4194304;1416;126977;24807048;73193213;0;0;0;0;0;0;0;0.832
262144;1995;60762;4561328;12646338;0;0;0;0;0;0;0;0.106
262144;594;23982;2496576;7133183;0;0;0;0;0;0;0;0.080
262144;752;40170;3157225;8899385;0;0;0;0;0;0;0;0.126
1048576;5200;318284;16562899;46005533;0;0;0;0;0;0;0;0.390
1048576;86100;4821959;150117511;396107333;0;0;0;0;0;0;0;2.295
4194304;119925;27069028;517654512;1389918225;0;0;0;0;0;0;0;10.269
262144;2492;88164;5399406;14830715;0;0;0;0;0;0;0;0.118
262144;37800;3399076;78748010;206395416;0;0;0;0;0;0;0;1.063
1048576;44220;2696718;82889114;219989661;0;0;0;0;0;0;0;1.516
1048576;156520;36062082;537155656;1385475777;0;0;0;0;0;0;0;6.629
1048576;7900;425919;20850073;57385758;0;0;0;0;0;0;0;0.360
262144;640;19825;2446160;6996055;0;0;0;0;0;0;0;0.077
1048576;4272;159700;12719930;35743614;0;0;0;0;0;0;0;0.276
4194304;163878;22160452;451436438;1193202160;0;0;0;0;0;0;0;6.164
4194304;2412;211496;27212397;79624917;0;0;0;0;0;0;0;0.795
4194304;66306;27862022;443452532;1190052989;0;0;0;0;0;0;0;6.020
1048576;64935;3724413;116981320;309759757;0;0;0;0;0;0;0;1.644
1048576;4611;193689;13764385;38530518;0;0;0;0;0;0;0;0.298
1048576;8019;624039;23705170;65091760;0;0;0;0;0;0;0;0.414
4194304;23980;2019675;78604851;217015357;0;0;0;0;0;0;0;1.633
262144;27600;685520;40577982;108604958;0;0;0;0;0;0;0;0.616
4194304;468462;32401947;893143044;2362699717;0;0;0;0;0;0;0;11.992
4194304;15570;2580284;74914304;207133313;0;0;0;0;0;0;0;1.439
4194304;266086;122052131;1866635630;4989931763;0;0;0;0;0;0;0;22.156
262144;25662;1275226;46453269;123775798;0;0;0;0;0;0;0;0.660
4194304;290550;113279551;1746202036;4650249377;0;0;0;0;0;0;0;21.442
1048576;142884;11996996;293000908;770609867;0;0;0;0;0;0;0;3.858
262144;1820;56867;4443434;12336024;0;0;0;0;0;0;0;0.118
1048576;32357;2601091;69457597;184337089;0;0;0;0;0;0;0;0.992
262144;218;29165;2153542;6213677;0;0;0;0;0;0;0;0.072
4194304;34680;2412196;90844222;248353985;0;0;0;0;0;0;0;1.631
262144;552;31526;2560733;7297711;0;0;0;0;0;0;0;0.080
1048576;2093;125504;9932816;28297305;0;0;0;0;0;0;0;0.229
4194304;35482;6500943;150124666;408030827;0;0;0;0;0;0;0;2.376
1048576;95170;4411096;155079245;410043771;0;0;0;0;0;0;0;2.142
1048576;6720;578581;21076497;58091522;0;0;0;0;0;0;0;0.365
4194304;1252230;655774426;8739346104;22895022872;0;0;0;0;0;0;0;104.449
262144;6555;191121;11625019;31544723;0;0;0;0;0;0;0;0.200
1048576;16284;890380;34954876;94564681;0;0;0;0;0;0;0;0.559
4194304;612306;57743743;1340841363;3540024171;0;0;0;0;0;0;0;17.505
1048576;121835;13551766;277379599;723826027;0;0;0;0;0;0;0;3.616
4194304;146434;16785761;378753257;1005935957;0;0;0;0;0;0;0;5.235
4194304;49173;4293386;133625762;362897442;0;0;0;0;0;0;0;2.196
1048576;9398;478897;22878291;62718284;0;0;0;0;0;0;0;0.404
4194304;173740;21183284;461389997;1221821319;0;0;0;0;0;0;0;6.307
262144;4940;229782;9999094;27041288;0;0;0;0;0;0;0;0.184
1048576;7097;240720;16742768;46420573;0;0;0;0;0;0;0;0.316
262144;16480;341318;24477818;65793555;0;0;0;0;0;0;0;0.380
4194304;34235;3950312;117711780;321629773;0;0;0;0;0;0;0;2.001
1048576;10224;713688;27014835;73817232;0;0;0;0;0;0;0;0.448
4194304;12557;1814496;61321272;170772457;0;0;0;0;0;0;0;1.282
1048576;4536;162268;13011445;36483246;0;0;0;0;0;0;0;0.274
1048576;62471;3404224;111374569;295599506;0;0;0;0;0;0;0;1.591
4194304;149838;61802814;977141308;2616690879;0;0;0;0;0;0;0;12.017
262144;1064;34858;3206592;9028343;0;0;0;0;0;0;0;0.089
1048576;4776;967195;24261303;66553176;0;0;0;0;0;0;0;0.405
262144;7770;330162;13816933;37007420;0;0;0;0;0;0;0;0.230
1048576;962;43881;7272094;21183477;0;0;0;0;0;0;0;0.194
4194304;18321;2018204;71754904;198673169;0;0;0;0;0;0;0;1.372
4194304;1367604;266076836;4437081051;11619131027;0;0;0;0;0;0;0;55.507
1048576;4896;241978;14811706;41376557;0;0;0;0;0;0;0;0.292
4194304;23970;3590189;98036334;268526658;0;0;0;0;0;0;0;1.710
262144;47538;1543650;72245823;192495456;0;0;0;0;0;0;0;1.026
4194304;19188;2910978;83342502;229575716;0;0;0;0;0;0;0;1.529
4194304;12070;822392;46064928;129743729;0;0;0;0;0;0;0;1.094
262144;14070;423778;22591866;60695541;0;0;0;0;0;0;0;0.351
4194304;67830;5143125;155206201;416941840;0;0;0;0;0;0;0;2.464
262144;2799;99679;6302249;17304377;0;0;0;0;0;0;0;0.129
262144;78874;1833481;111586869;298359861;0;0;0;0;0;0;0;1.560
4194304;274300;31407421;626917432;1631259753;0;0;0;0;0;0;0;8.343
4194304;853755;112843160;2387960072;6374785590;0;0;0;0;0;0;0;30.548
262144;434;23897;2435566;6969773;0;0;0;0;0;0;0;0.077
4194304;90729;24341864;443359680;1191498345;0;0;0;0;0;0;0;5.921
4194304;330164;37295378;788735875;2072007134;0;0;0;0;0;0;0;10.460
4194304;333995;68868655;1172611711;3083377526;0;0;0;0;0;0;0;14.844
