1048576;54365;0;89235827;239158016;0;0;0;0;0;2216771;25913233;1.649
4194304;804094;0;2196295255;5723246652;0;0;0;0;0;171581597;506433024;31.718
4194304;11682;0;68911546;190973845;0;0;0;0;0;5059382;14999568;1.418
4194304;234;0;21546154;64473967;0;0;0;0;0;19231;4358109;0.827
4194304;97146;0;263372647;707814721;0;0;0;0;0;18184636;65158310;4.474
4194304;1932;0;26660088;78139689;0;0;0;0;0;384514;5683824;0.875
1048576;144171;0;242340128;641645216;0;0;0;0;0;7981184;68228661;3.883
262144;12240;0;21892487;58570375;0;0;0;0;0;711112;6158773;0.387
1048576;54516;0;93144086;249728315;0;0;0;0;0;2695699;26840241;1.567
1048576;300;0;6016859;17822925;0;0;0;0;0;26346;1270200;0.190
1048576;138484;0;469063716;1226718972;0;0;0;0;0;42710142;103889137;6.830
4194304;11799;0;81121280;223606501;0;0;0;0;0;6967300;17206438;1.594
4194304;87975;0;179803480;483371820;0;0;0;0;0;6878102;48151708;3.257
1048576;20461;0;64769084;174985753;0;0;0;0;0;4836182;15949300;1.075
4194304;231336;0;439966535;1169455168;0;0;0;0;0;18949336;118769132;7.471
4194304;62952;0;231028251;624523757;0;0;0;0;0;19471101;54421843;3.906
1048576;43840;0;86533890;231743664;0;0;0;0;0;3758713;23636792;1.487
262144;24;0;1466036;4374563;0;0;0;0;0;6791;299843;0.070
262144;1581;0;3952818;11019142;0;0;0;0;0;59165;1059025;0.108
262144;4347;0;8248143;22505242;0;0;0;0;0;161156;2360615;0.176
4194304;18106;0;125566774;342193245;0;0;0;0;0;12744626;26195270;2.256
1048576;7518;0;19331364;53427231;0;0;0;0;0;618181;5045085;0.403
4194304;113022;0;542519248;1456144471;0;0;0;0;0;58974060;118491294;8.321
1048576;64890;0;99432796;266281073;0;0;0;0;0;1852774;29431645;1.696
1048576;27213;0;67986159;182992979;0;0;0;0;0;4140984;17442775;1.132
4194304;24881;0;66615995;183100763;0;0;0;0;0;2015023;16668173;1.501
262144;15075;0;25105241;66944497;0;0;0;0;0;635316;7229208;0.442
1048576;1903;0;8160248;23546863;0;0;0;0;0;34754;1955289;0.222
4194304;219912;0;972657993;2585243340;0;0;0;0;0;104547590;209939657;14.414
1048576;72485;0;113654918;303499950;0;0;0;0;0;2490627;33347939;1.924
1048576;307297;0;435489197;1160281332;0;0;0;0;0;6253512;133319842;7.245
1048576;24955;0;94716048;254532918;0;0;0;0;0;9117304;21481922;1.549
1048576;5796;0;18667345;51683637;0;0;0;0;0;760035;4725901;0.396
1048576;18105;0;40545237;109677228;0;0;0;0;0;1690602;10838222;0.718
1048576;12716;0;36021022;97667264;0;0;0;0;0;2152298;8952764;0.745
1048576;298147;0;537780193;1410442852;0;0;0;0;0;21718804;145538364;8.355
4194304;60431;0;171037258;460671620;0;0;0;0;0;10844692;41929032;3.076
1048576;926;0;7677524;22260898;0;0;0;0;0;94428;1744568;0.223
1048576;11029;0;22630473;62207827;0;0;0;0;0;435019;6269691;0.461
262144;7050;0;11009362;29972716;0;0;0;0;0;105736;3317618;0.227
4194304;3150;0;29361126;85372949;0;0;0;0;0;567608;6398194;0.934
1048576;47580;0;90310564;240943512;0;0;0;0;0;3620205;24766364;1.494
4194304;138000;0;208503565;563937687;0;0;0;0;0;2198528;62820804;3.858
1048576;44928;0;159226929;427217281;0;0;0;0;0;14428014;37680140;2.559
4194304;250838;0;586592415;1525650223;0;0;0;0;0;34648251;141604531;9.096
1048576;13936;0;31252535;84941092;0;0;0;0;0;1127253;8365250;0.584
4194304;2601;0;27338817;79947347;0;0;0;0;0;352676;5932390;0.878
4194304;2862;0;27307498;79892571;0;0;0;0;0;304922;5977788;0.843
4194304;1105143;0;10392206675;27022235021;0;0;0;0;0;1375084868;1874553366;150.126
262144;3190;0;6570351;17971222;0;0;0;0;0;128150;1834096;0.150
1048576;6206;0;13792309;38678935;0;0;0;0;0;93924;3738535;0.344
4194304;1025;0;23138188;68733877;0;0;0;0;0;78012;4824742;0.799
1048576;68761;0;165660771;437147550;0;0;0;0;0;10574922;41273436;2.686
262144;6156;0;12283081;33173012;0;0;0;0;0;418080;3401555;0.239
4194304;734175;0;1575617873;4130231827;0;0;0;0;0;91145620;399188244;24.086
262144;26280;0;50321581;132881269;0;0;0;0;0;2207417;13558620;0.820
1048576;111605;0;161034615;431962233;0;0;0;0;0;2325419;49385038;2.717
1048576;45436;0;105092052;280438849;0;0;0;0;0;6096716;27218265;1.741
4194304;52080;0;283468775;763913387;0;0;0;0;0;30661913;60722501;4.652
1048576;150040;0;352785284;922974398;0;0;0;0;0;22640967;86664114;5.370
1048576;2840;0;10380538;29509374;0;0;0;0;0;151556;2577311;0.249
1048576;104;0;5589875;16681005;0;0;0;0;0;10157;1145475;0.179
4194304;27692;0;173255677;469728423;0;0;0;0;0;18460601;36357661;3.014
4194304;25877;0;72805744;200530429;0;0;0;0;0;2586643;18387587;1.621
4194304;1198395;0;6498822490;16926613721;0;0;0;0;0;757632424;1274116391;91.753
1048576;27132;0;61881874;164187121;0;0;0;0;0;3123332;15712540;1.121
262144;1584;0;4164670;11583644;0;0;0;0;0;88913;1102124;0.134
1048576;323676;0;536738051;1416638487;0;0;0;0;0;17639372;151445377;8.541
1048576;8225;0;18736065;51632719;0;0;0;0;0;375562;5026666;0.383
1048576;39818;0;62837756;168858742;0;0;0;0;0;993248;18590883;1.124
262144;12474;0;20076774;54108610;0;0;0;0;0;394094;5966637;0.371
1048576;41536;0;129453862;344979780;0;0;0;0;0;10624924;30746782;1.984
4194304;135150;0;278540727;746540293;0;0;0;0;0;13180191;74185686;4.716
4194304;924684;0;2395772846;6171003187;0;0;0;0;0;167593594;551649055;34.775
4194304;851391;0;2830755986;7322716577;0;0;0;0;0;253657334;609026085;40.024
4194304;48470;0;109798801;298352532;0;0;0;0;0;3888821;28885487;2.216
4194304;158720;0;423737876;1122042071;0;0;0;0;0;29140719;103042577;6.647
262144;6944;0;13891856;37358614;0;0;0;0;0;507358;3813842;0.261
1048576;104412;0;305607515;803664094;0;0;0;0;0;24792945;71392731;4.501
4194304;26575;0;138557023;376918869;0;0;0;0;0;12932396;30254863;2.495
262144;16732;0;27315698;73209654;0;0;0;0;0;632669;8034154;0.480
4194304;320451;0;1293448705;3400389370;0;0;0;0;0;130373589;278296462;18.657
1048576;7659;0;23648062;65003445;0;0;0;0;0;1129426;6007050;0.454
1048576;7938;0;25041170;68696256;0;0;0;0;0;1279289;6314379;0.479
4194304;173514;0;884196968;2368817907;0;0;0;0;0;101237883;189842689;12.824
1048576;103785;0;166778095;443595316;0;0;0;0;0;4394511;48199301;2.753
4194304;50944;0;171462202;464004524;0;0;0;0;0;12629965;41065225;3.009
4194304;4060;0;27827060;81247023;0;0;0;0;0;187386;6241429;0.892
262144;29754;0;43744282;117291056;0;0;0;0;0;722951;13290067;0.874
1048576;170292;0;257062316;684704724;0;0;0;0;0;5634690;76200805;4.187
4194304;67106;0;158687498;423387093;0;0;0;0;0;7322510;39954660;2.876
4194304;475272;0;3160400769;8299307141;0;0;0;0;0;389960468;616736317;45.130
4194304;135660;0;373843773;992288884;0;0;0;0;0;26667590;90128207;6.009
262144;10246;0;19109583;51124422;0;0;0;0;0;630018;5346109;0.344
1048576;155650;0;373446879;978405210;0;0;0;0;0;24696801;91597858;5.623
1048576;4665;0;13455708;37686870;0;0;0;0;0;256770;3473156;0.328
4194304;26051;0;98493968;270242821;0;0;0;0;0;6432526;23464732;2.041
4194304;13338;0;54517658;152935074;0;0;0;0;0;2295324;13072696;1.354
1048576;13832;0;32829877;88731561;0;0;0;0;0;1365300;8533848;0.642
1048576;3114;0;10856088;30738761;0;0;0;0;0;188683;2688086;0.296
1048576;22581;0;57892399;155662920;0;0;0;0;0;3285341;14896994;1.035
1048576;47559;0;94113321;248870433;0;0;0;0;0;3984621;24969304;1.558
262144;21750;0;44469170;118826168;0;0;0;0;0;2303304;12012639;0.802
1048576;8092;0;31499422;85969137;0;0;0;0;0;2313563;7439388;0.548
4194304;1038780;0;7770649760;20455070311;0;0;0;0;0;1008407090;1488899331;104.195
1048576;825;0;6999184;20453361;0;0;0;0;0;57174;1563928;0.197
4194304;61976;0;226285156;609015537;0;0;0;0;0;19298108;52225292;3.754
262144;1512;0;3975121;11088450;0;0;0;0;0;65422;1061749;0.109
4194304;172544;0;254884749;689409012;0;0;0;0;0;3038590;77280911;4.560
4194304;1900;0;24912353;73476385;0;0;0;0;0;162544;5323863;0.810
1048576;10101;0;37040876;100710925;0;0;0;0;0;2701644;8871214;0.631
4194304;149240;0;431941638;1150976641;0;0;0;0;0;33616889;103490530;6.858
4194304;288196;0;919778951;2390643187;0;0;0;0;0;77932868;202594203;13.485
4194304;122900;0;602603255;1612086761;0;0;0;0;0;69397971;126595275;8.730
4194304;1107229;0;2730200155;7175634673;0;0;0;0;0;196984724;663659801;40.300
4194304;3435;0;30943199;89620148;0;0;0;0;0;721665;6761009;0.939
4194304;4525;0;29856740;86547621;0;0;0;0;0;392185;6674504;0.946
4194304;7917;0;51610709;144789234;0;0;0;0;0;2981762;11366228;1.233
1048576;44020;0;82179614;219998109;0;0;0;0;0;3066180;22776213;1.366
262144;54500;0;83135027;220360985;0;0;0;0;0;1800864;24480434;1.349
4194304;381052;0;981500972;2597179894;0;0;0;0;0;72185082;239486658;14.850
1048576;34560;0;94852885;252718334;0;0;0;0;0;6603586;23346150;1.522
4194304;77456;0;212164957;574023788;0;0;0;0;0;14025063;53325878;3.636
1048576;43690;0;73353183;196766470;0;0;0;0;0;1849029;21120094;1.262
4194304;12660;0;44127668;124806966;0;0;0;0;0;944488;10839812;1.160
1048576;6195;0;15952455;44337938;0;0;0;0;0;349541;4183240;0.380
1048576;688;0;6505324;19122618;0;0;0;0;0;29607;1423822;0.192
4194304;732578;0;3458982293;8896867580;0;0;0;0;0;366347940;679992347;48.397
1048576;108928;0;245802064;647442317;0;0;0;0;0;14833663;62221233;3.788
4194304;1382244;0;12327698083;32186238610;0;0;0;0;0;1631909930;2259907985;162.945
1048576;1368;0;8692132;24981287;0;0;0;0;0;183202;1999054;0.292
1048576;38688;0;105962211;283716264;0;0;0;0;0;8050073;25891831;1.723
4194304;156349;0;724513046;1941942169;0;0;0;0;0;78398434;159406178;10.794
4194304;43840;0;180351059;489073771;0;0;0;0;0;15787555;41324987;3.098
1048576;17303;0;51711880;140012581;0;0;0;0;0;3407192;13028082;0.915
4194304;958854;0;2891254216;7458555699;0;0;0;0;0;237563591;636877529;41.380
262144;2688;0;6063994;16645528;0;0;0;0;0;141045;1668906;0.159
1048576;45784;0;72865727;195213906;0;0;0;0;0;1389827;21318747;1.306
4194304;213248;0;1153683032;3030613192;0;0;0;0;0;133492496;230930599;17.198
4194304;84448;0;322460006;865408590;0;0;0;0;0;31393696;71792704;5.056
1048576;31671;0;70061886;187639822;0;0;0;0;0;3347994;18650926;1.162
262144;2494;0;6016518;16521678;0;0;0;0;0;166922;1630111;0.141
4194304;47570;0;95272059;262307986;0;0;0;0;0;2263121;26416297;1.944
262144;520;0;2356271;6759965;0;0;0;0;0;21723;576570;0.084
262144;130;0;1670916;4923767;0;0;0;0;0;11831;362480;0.105
1048576;7839;0;19230800;52700100;0;0;0;0;0;528011;4975886;0.431
1048576;7656;0;23448772;64472466;0;0;0;0;0;1185383;5873339;0.458
1048576;109624;0;212665184;561133083;0;0;0;0;0;9765796;56721426;3.354
4194304;243670;0;1897223860;5069816685;0;0;0;0;0;251678642;376249860;27.230
262144;678;0;2498313;7138969;0;0;0;0;0;17079;627104;0.086
262144;4800;0;10422849;28087708;0;0;0;0;0;392942;2798872;0.207
1048576;7568;0;18695806;51659604;0;0;0;0;0;488372;4952252;0.393
4194304;203952;0;616342824;1634096947;0;0;0;0;0;53156557;142447086;9.501
1048576;2060;0;9892428;28201275;0;0;0;0;0;231129;2348778;0.255
262144;228;0;1804570;5278415;0;0;0;0;0;6959;408877;0.076
4194304;645114;0;1636138149;4266694456;0;0;0;0;0;115089293;389517227;24.454
1048576;3726;0;13023300;36552197;0;0;0;0;0;379834;3221901;0.324
4194304;6156;0;32324150;93127186;0;0;0;0;0;431221;7444858;0.974
4194304;98175;0;265710801;709817598;0;0;0;0;0;18658957;64343905;4.434
4194304;25145;0;79092983;217271179;0;0;0;0;0;3780795;19283084;1.710
1048576;11155;0;35907862;97626314;0;0;0;0;0;2507234;8641698;0.629
4194304;97006;0;215526239;573899166;0;0;0;0;0;10082764;55480422;3.728
1048576;127350;0;205758596;545282870;0;0;0;0;0;5762529;58856361;3.308
4194304;561600;0;1566142032;4085001856;0;0;0;0;0;122759259;361086486;22.796
1048576;125178;0;264300935;688978730;0;0;0;0;0;14057641;66673541;4.009
4194304;110203;0;462976649;1243640354;0;0;0;0;0;46534568;104321650;7.168
262144;6762;0;13003117;34940035;0;0;0;0;0;405656;3599661;0.252
262144;84740;0;123821063;330147724;0;0;0;0;0;2341077;37411906;2.025
4194304;358248;0;2568312771;6861890143;0;0;0;0;0;335390917;515695273;36.568
4194304;27328;0;82163676;226266827;0;0;0;0;0;3769302;20512976;1.781
262144;792;0;3252635;9152090;0;0;0;0;0;79564;813805;0.097
1048576;10160;0;23496703;64138838;0;0;0;0;0;728634;6189484;0.452
1048576;14715;0;35897601;97509559;0;0;0;0;0;1812939;9282891;0.671
1048576;3198;0;10855591;30686359;0;0;0;0;0;180914;2678000;0.274
4194304;155591;0;523260284;1379826509;0;0;0;0;0;44903719;118531979;8.129
262144;22010;0;35909234;95556887;0;0;0;0;0;922849;10377438;0.611
1048576;53600;0;89605914;238702035;0;0;0;0;0;2359663;25451219;1.514
1048576;2336;0;9248283;26456785;0;0;0;0;0;97180;2256327;0.240
1048576;27634;0;91464744;246052342;0;0;0;0;0;7814634;21746830;1.481
4194304;827314;0;4518554081;12012426223;0;0;0;0;0;546387504;934983022;65.425
1048576;5838;0;19578097;54056838;0;0;0;0;0;900933;4869363;0.410
1048576;141576;0;454807097;1199508533;0;0;0;0;0;39784803;105053066;6.833
262144;84;0;1610161;4760461;0;0;0;0;0;11244;343016;0.074
1048576;60160;0;193631243;516025979;0;0;0;0;0;17718939;44789522;2.906
4194304;10585;0;45866074;129551457;0;0;0;0;0;1484786;10944318;1.145
4194304;413600;0;2061965536;5453016740;0;0;0;0;0;236337418;428156695;29.751
4194304;1008;0;24617206;72676533;0;0;0;0;0;260326;5132282;1.125
1048576;516951;0;848347700;2230920825;0;0;0;0;0;26822409;238523156;13.898
4194304;361660;0;2836464120;7561833532;0;0;0;0;0;378604821;557632993;41.372
262144;16905;0;28765478;76954672;0;0;0;0;0;792200;8340855;0.540
4194304;86984;0;259197869;688011368;0;0;0;0;0;19024573;60580719;4.322
4194304;294176;0;1576558796;4219378836;0;0;0;0;0;187495579;334287897;23.785
1048576;31600;0;107263158;288541900;0;0;0;0;0;9179588;25710384;1.751
4194304;52896;0;233124109;629532393;0;0;0;0;0;22069916;52493338;3.921
262144;8514;0;15474381;41737204;0;0;0;0;0;444284;4412091;0.302
4194304;27038;0;93152026;255642743;0;0;0;0;0;5642882;22316113;1.907
4194304;602;0;22327980;66565697;0;0;0;0;0;51297;4584224;0.854
4194304;9052;0;42556729;120690579;0;0;0;0;0;1311127;10022319;1.078
1048576;32112;0;55000286;147352742;0;0;0;0;0;1234464;15650769;0.987
262144;21156;0;30264593;81358549;0;0;0;0;0;329368;9329923;0.556
1048576;155342;0;868193277;2291642659;0;0;0;0;0;103092557;176728117;12.621
4194304;188328;0;995253333;2654126468;0;0;0;0;0;116575582;208126688;14.809
4194304;140346;0;433674148;1153093506;0;0;0;0;0;35306420;101668295;6.989
4194304;34944;0;121791099;333858485;0;0;0;0;0;8270410;29740293;2.330
262144;11572;0;18582564;49860572;0;0;0;0;0;325261;5497974;0.359
1048576;101145;0;169196183;449021480;0;0;0;0;0;5202545;47931430;2.848
4194304;267699;0;1316614850;3482223290;0;0;0;0;0;147869455;275001971;19.578
4194304;64680;0;518789175;1391535751;0;0;0;0;0;66643408;103076912;7.662
1048576;382072;0;577150968;1541957487;0;0;0;0;0;14557990;172083969;9.647
4194304;498253;0;1136526940;2961791736;0;0;0;0;0;69044417;278938999;17.771
1048576;51727;0;101172559;268381401;0;0;0;0;0;4331358;27104837;1.704
4194304;205792;0;377934547;999905627;0;0;0;0;0;13707734;102204320;6.568
262144;1638;0;3860935;10773371;0;0;0;0;0;43841;1041336;0.106
1048576;39750;0;84619612;224798166;0;0;0;0;0;4173495;22071299;1.412
4194304;38376;0;131102232;357117939;0;0;0;0;0;8839521;31772999;2.449
262144;1434;0;3999314;11152380;0;0;0;0;0;77798;1059908;0.111
262144;4960;0;10129427;27458725;0;0;0;0;0;304965;2825855;0.212
4194304;5058;0;30115914;87373857;0;0;0;0;0;309312;6878725;1.270
1048576;11616;0;33172794;90480907;0;0;0;0;0;1733815;8555595;0.660
1048576;570;0;6529968;19194494;0;0;0;0;0;43446;1421139;0.274
1048576;42514;0;72520965;195187774;0;0;0;0;0;2073101;20814566;1.276
4194304;104860;0;447363466;1202420709;0;0;0;0;0;45276436;100532910;6.910
4194304;1154067;0;6946845383;18263843588;0;0;0;0;0;846162793;1376883567;96.090
262144;410;0;2297801;6601696;0;0;0;0;0;32926;547692;0.087
4194304;76838;0;348794097;938557112;0;0;0;0;0;36224027;76720617;5.415
4194304;119448;0;352905963;949972664;0;0;0;0;0;29709011;84238747;5.718
262144;92;0;1644111;4849984;0;0;0;0;0;8004;356500;0.073
262144;123624;0;191069174;506475984;0;0;0;0;0;5009384;55726060;3.217
1048576;13260;0;43544992;118117297;0;0;0;0;0;3010238;10710664;0.756
4194304;24941;0;134123180;365174445;0;0;0;0;0;12555156;29216734;2.458
1048576;28638;0;69624145;184607179;0;0;0;0;0;4068985;17255967;1.131
262144;2016;0;4467905;12412493;0;0;0;0;0;53816;1233418;0.118
1048576;15470;0;59546516;160897424;0;0;0;0;0;5126365;13934759;0.995
1048576;23375;0;82308904;221852113;0;0;0;0;0;7049966;19570008;1.341
262144;25326;0;35683620;95889894;0;0;0;0;0;326844;11111462;0.628
1048576;73698;0;117898052;312956179;0;0;0;0;0;2672401;34023151;1.982
262144;972;0;3419140;9589011;0;0;0;0;0;98200;848179;0.109
262144;61320;0;93198472;247076373;0;0;0;0;0;1977477;27580136;1.516
4194304;22086;0;80066302;220706023;0;0;0;0;0;4413453;19264445;1.664
4194304;187748;0;905344361;2424654633;0;0;0;0;0;100736439;197137885;13.488
1048576;79000;0;136175412;360714861;0;0;0;0;0;4399114;38059906;2.241
1048576;4437;0;15895221;44226022;0;0;0;0;0;656030;3899614;0.334
4194304;19894;0;69698053;192818469;0;0;0;0;0;3250287;16943628;1.511
1048576;365867;0;616836630;1636651683;0;0;0;0;0;22701182;174599883;9.686
1048576;5907;0;21895871;60252274;0;0;0;0;0;1248064;5302662;0.426
4194304;199014;0;1303431252;3450654963;0;0;0;0;0;159405855;261030503;19.025
1048576;229100;0;441000980;1153688650;0;0;0;0;0;20629279;115678009;6.795
4194304;111034;0;437373365;1168969237;0;0;0;0;0;41927916;98527397;6.856
4194304;133161;0;585991246;1572045641;0;0;0;0;0;61032338;130708434;8.965
262144;425;0;2325627;6673834;0;0;0;0;0;33924;555364;0.091
1048576;107640;0;208060436;551887250;0;0;0;0;0;9748644;56076764;3.297
1048576;34920;0;76085601;204183503;0;0;0;0;0;3780581;20327527;1.266
4194304;75072;0;177122467;476599662;0;0;0;0;0;9170269;45337465;3.319
262144;6585;0;10801786;29334328;0;0;0;0;0;96689;3248442;0.237
4194304;561471;0;1197493176;3141478075;0;0;0;0;0;68223329;303763067;18.126
4194304;3966;0;36646882;104813558;0;0;0;0;0;1488757;7891736;1.050
1048576;5856;0;16090508;44505309;0;0;0;0;0;444003;4091299;0.370
1048576;20706;0;37204014;100630484;0;0;0;0;0;810250;10503654;0.729
262144;714;0;2618883;7447310;0;0;0;0;0;31567;649362;0.086
4194304;1281;0;23665082;70144809;0;0;0;0;0;99102;4977754;0.849
4194304;86800;0;307996688;821477680;0;0;0;0;0;28022552;68713488;4.849
1048576;80864;0;154729807;407013641;0;0;0;0;0;6577455;41184441;2.463
1048576;10344;0;22421838;61711636;0;0;0;0;0;476037;6181985;0.470
1048576;78400;0;124848151;333372498;0;0;0;0;0;3069228;36460199;2.119
4194304;318765;0;2227945688;5894272544;0;0;0;0;0;285310433;435503673;31.871
1048576;164952;0;273288290;722896036;0;0;0;0;0;8491783;77549627;4.452
4194304;27804;0;118349068;323110225;0;0;0;0;0;9231350;27249184;2.214
262144;5301;0;10356791;28134099;0;0;0;0;0;272548;2945070;0.208
4194304;256800;0;1993431973;5328765731;0;0;0;0;0;265620536;394799322;27.940
4194304;221630;0;677268942;1784139639;0;0;0;0;0;56031960;156023467;10.312
1048576;44034;0;82457143;219940161;0;0;0;0;0;3039091;22676723;1.371
1048576;4828;0;15684902;43762488;0;0;0;0;0;528345;3983221;0.337
4194304;4840;0;31884540;92119549;0;0;0;0;0;569228;7224078;0.918
4194304;29388;0;77997456;215292219;0;0;0;0;0;2856591;20040925;1.700
4194304;125188;0;556131456;1492390039;0;0;0;0;0;58122034;123741158;8.524
4194304;25208;0;88506433;243156839;0;0;0;0;0;5021654;21433911;1.790
262144;10890;0;21740835;57993305;0;0;0;0;0;857220;5943459;0.487
4194304;49365;0;188596022;510318626;0;0;0;0;0;16410331;43152822;3.240
4194304;446250;0;2626786069;6766401575;0;0;0;0;0;297102419;500270025;36.258
1048576;485792;0;1724688950;4547152353;0;0;0;0;0;170059010;382595410;24.883
262144;1980;0;5455913;15026130;0;0;0;0;0;203560;1413088;0.129
1048576;9435;0;26788264;73410973;0;0;0;0;0;1211956;6960558;0.522
262144;4888;0;10929442;29521987;0;0;0;0;0;451446;2929137;0.211
1048576;93992;0;190565785;501562134;0;0;0;0;0;9595424;49560000;2.966
4194304;208512;0;770536894;2019938040;0;0;0;0;0;70935086;168748636;11.386
1048576;404811;0;746239726;1949375913;0;0;0;0;0;31899839;198409367;11.377
4194304;9193;0;36507051;104514297;0;0;0;0;0;486790;8791512;1.095
4194304;392110;0;1965780085;5244359599;0;0;0;0;0;228215182;418328160;28.213
262144;8925;0;16036662;42796344;0;0;0;0;0;426019;4501413;0.455
262144;12064;0;20143151;54176068;0;0;0;0;0;474346;5892057;0.434
4194304;74392;0;452772470;1222558315;0;0;0;0;0;54973938;94599881;7.037
1048576;2354;0;9332973;26689836;0;0;0;0;0;107172;2273917;0.298
4194304;532800;0;3617102703;9646567855;0;0;0;0;0;469087222;725757955;51.167
1048576;85104;0;190547563;503344067;0;0;0;0;0;11278395;48533298;3.019
1048576;21600;0;41173250;110846092;0;0;0;0;0;1195151;11333819;0.819
4194304;845610;0;7014190343;18316916545;0;0;0;0;0;912740527;1301180496;96.880
4194304;424028;0;3659347789;9789397142;0;0;0;0;0;506056628;713237633;51.356
4194304;1343629;0;7436977978;19377032355;0;0;0;0;0;869378642;1458889997;105.685
1048576;19430;0;45984273;124304850;0;0;0;0;0;2462977;11872883;0.848
262144;301;0;2056619;5953909;0;0;0;0;0;23314;477536;0.077
1048576;9504;0;33859613;92312621;0;0;0;0;0;2382569;8152499;0.660
262144;19602;0;29006551;77812051;0;0;0;0;0;427026;8788198;0.512
4194304;61617;0;208334800;558790668;0;0;0;0;0;16167504;48683947;3.589
262144;38812;0;58598670;156484059;0;0;0;0;0;1221011;17536208;0.984
1048576;1535;0;8669798;24917171;0;0;0;0;0;154825;2012970;0.267
1048576;55252;0;102480625;272942936;0;0;0;0;0;3830217;28363076;1.680
4194304;429156;0;2018661723;5380702592;0;0;0;0;0;229704423;432781572;29.794
262144;3596;0;7596146;20769838;0;0;0;0;0;194134;2121681;0.173
4194304;3749;0;31472000;90998697;0;0;0;0;0;758010;6903520;0.914
1048576;103350;0;151065903;405122550;0;0;0;0;0;2506641;45796470;2.564
4194304;219765;0;429374646;1135637493;0;0;0;0;0;18751665;113974530;7.144
4194304;40530;0;140216276;381770931;0;0;0;0;0;9798976;33921522;2.650
1048576;19488;0;48365736;131047223;0;0;0;0;0;2726199;12526775;0.865
4194304;575607;0;1357715843;3584486781;0;0;0;0;0;92174820;337865013;20.832
1048576;1754;0;9791923;27919774;0;0;0;0;0;191114;2346047;0.301
1048576;867;0;7367568;21443494;0;0;0;0;0;83340;1658522;0.204
262144;5365;0;8838857;24105853;0;0;0;0;0;87372;2617667;0.188
1048576;65879;0;196093002;524685863;0;0;0;0;0;16332112;47544610;3.044
4194304;69732;0;220928204;595090986;0;0;0;0;0;16353689;53389151;3.726
262144;795;0;2834523;8035317;0;0;0;0;0;39434;716617;0.090
4194304;68365;0;327960956;882953689;0;0;0;0;0;34179448;71973134;5.431
1048576;60534;0;194245812;517151713;0;0;0;0;0;16871824;45687078;2.983
1048576;27600;0;84498354;225760598;0;0;0;0;0;6285307;20490621;1.358
262144;11868;0;19308399;52014204;0;0;0;0;0;397555;5724237;0.353
1048576;116112;0;310046922;821746083;0;0;0;0;0;23608487;75594128;4.818
262144;19024;0;33657949;89585121;0;0;0;0;0;1142961;9475849;0.586
1048576;28188;0;45340602;122577805;0;0;0;0;0;675615;13293031;0.844
262144;18395;0;28840329;77221730;0;0;0;0;0;556560;8594164;0.504
4194304;71553;0;232021338;624549987;0;0;0;0;0;17775650;55615732;4.291
4194304;261351;0;804747659;2122799834;0;0;0;0;0;69651060;184134437;12.120
1048576;1464;0;7739687;22405860;0;0;0;0;0;58306;1795292;0.218
4194304;340505;0;764030571;2010432412;0;0;0;0;0;45316183;192370992;12.041
1048576;13340;0;71482618;192645305;0;0;0;0;0;7560852;15478688;1.178
4194304;12580;0;47616696;133797050;0;0;0;0;0;1331226;11538900;1.263
4194304;161700;0;663281232;1774555416;0;0;0;0;0;69301124;146744655;10.541
1048576;4420;0;12352945;34729452;0;0;0;0;0;184054;3171349;0.299
4194304;3096;0;32831478;94632850;0;0;0;0;0;1044497;7062526;0.946
1048576;43947;0;70101364;187860254;0;0;0;0;0;1307217;20525496;1.256
4194304;609;0;22940640;68201953;0;0;0;0;0;113390;4724640;0.799
262144;1300;0;3787958;10552412;0;0;0;0;0;87098;975062;0.105
1048576;11500;0;38504526;104546504;0;0;0;0;0;2648924;9367352;0.690
1048576;120516;0;374794727;994794540;0;0;0;0;0;32147871;88792721;5.777
1048576;5886;0;15843510;44087046;0;0;0;0;0;378313;4124388;0.339
4194304;3024;0;27562251;80566679;0;0;0;0;0;307012;6057996;0.925
262144;3650;0;6860564;18801714;0;0;0;0;0;97577;1966747;0.157
1048576;180420;0;480127734;1256351470;0;0;0;0;0;35917393;113789286;7.341
1048576;16740;0;47819253;129562534;0;0;0;0;0;2943365;12175386;0.842
262144;32619;0;47699944;127905097;0;0;0;0;0;800003;14511591;0.816
4194304;636546;0;2307081343;5891734871;0;0;0;0;0;204889374;476572457;34.256
4194304;183300;0;393151459;1043235776;0;0;0;0;0;21088812;101261642;6.600
262144;7050;0;12513936;33626553;0;0;0;0;0;284460;3555592;0.246
262144;48;0;1523007;4525367;0;0;0;0;0;5143;319461;0.077
1048576;223485;0;384886333;1017191562;0;0;0;0;0;14096447;107193944;6.145
262144;26219;0;53470029;141263376;0;0;0;0;0;2636937;14168066;0.876
262144;4050;0;7887677;21512281;0;0;0;0;0;112281;2284555;0.174
262144;23808;0;47304297;125275423;0;0;0;0;0;2288928;12643532;0.795
1048576;70587;0;117499096;311159265;0;0;0;0;0;3230306;33074478;1.976
4194304;330504;0;804050208;2115946019;0;0;0;0;0;53814156;197087517;12.750
1048576;27360;0;56869145;152185990;0;0;0;0;0;2313389;15238747;1.055
1048576;3808;0;14279259;39940159;0;0;0;0;0;525368;3508058;0.318
4194304;183260;0;447602424;1180948546;0;0;0;0;0;28581049;109822619;7.274
4194304;51212;0;178341174;483586613;0;0;0;0;0;13476684;42880326;3.299
1048576;3915;0;12416623;34943856;0;0;0;0;0;229090;3164203;0.288
1048576;480909;0;730308901;1934622068;0;0;0;0;0;17262011;214638136;11.719
4194304;21402;0;80206825;220893952;0;0;0;0;0;4962628;18724782;1.663
4194304;86031;0;364873192;981463233;0;0;0;0;0;35830934;82456240;5.707
1048576;14388;0;32759745;88827886;0;0;0;0;0;1238367;8708693;0.600
262144;5760;0;9226518;25191800;0;0;0;0;0;85092;2754252;0.197
262144;31096;0;44385213;119123112;0;0;0;0;0;560566;13710481;0.766
1048576;47978;0;88351728;236597027;0;0;0;0;0;3188071;24698961;1.502
1048576;1278;0;11233842;31756631;0;0;0;0;0;560190;2466796;0.261
1048576;14484;0;30715126;83401120;0;0;0;0;0;935913;8346394;0.597
1048576;2175;0;10826362;30689321;0;0;0;0;0;340790;2548942;0.264
4194304;106848;0;245123106;659957615;0;0;0;0;0;13546051;63701584;4.184
4194304;7102;0;36841956;105410203;0;0;0;0;0;844431;8594481;0.992
4194304;892080;0;3649547529;9415990819;0;0;0;0;0;362787589;747340708;52.095
1048576;38976;0;67970828;182403144;0;0;0;0;0;1916003;19327440;1.176
1048576;4700;0;14192333;39653037;0;0;0;0;0;354974;3621820;0.315
4194304;35406;0;120313733;322304765;0;0;0;0;0;7491260;27807979;2.243
1048576;356396;0;694817836;1824268461;0;0;0;0;0;34648175;182675839;10.652
1048576;34804;0;88415589;236448611;0;0;0;0;0;5664417;22374387;1.444
262144;2440;0;5421848;14954311;0;0;0;0;0;99750;1501884;0.134
4194304;69894;0;254185034;684770640;0;0;0;0;0;22025655;59056609;4.239
4194304;17475;0;92502788;254122173;0;0;0;0;0;7471868;20473458;1.853
4194304;1820736;0;5455176098;14023568588;0;0;0;0;0;443053000;1197022595;78.833
1048576;51128;0;128169416;338127132;0;0;0;0;0;8150286;31723522;2.013
1048576;26988;0;67845310;180520339;0;0;0;0;0;4167559;16781679;1.115
262144;1728;0;5014001;13862570;0;0;0;0;0;164149;1312680;0.124
1048576;16482;0;32297247;87612233;0;0;0;0;0;833753;8927533;0.632
1048576;384;0;6097929;18040211;0;0;0;0;0;15450;1305656;0.183
4194304;68904;0;297819739;802378123;0;0;0;0;0;28876489;67174553;4.811
4194304;460224;0;1284550224;3343839011;0;0;0;0;0;97905364;296180035;19.026
1048576;187353;0;325197767;853599992;0;0;0;0;0;11490477;89350557;5.142
4194304;246792;0;1535739598;4098787463;0;0;0;0;0;191000773;314423003;22.723
4194304;2620;0;28587929;83300707;0;0;0;0;0;543178;6165788;0.861
1048576;327933;0;542156740;1432628868;0;0;0;0;0;17899162;153409630;8.784
1048576;33128;0;55077271;148280447;0;0;0;0;0;1151721;15928936;1.033
4194304;51840;0;147563373;399940119;0;0;0;0;0;8583313;37020808;2.755
1048576;48794;0;101333774;270810509;0;0;0;0;0;5251364;26856943;1.674
4194304;25272;0;106937960;292674281;0;0;0;0;0;7991410;24712120;2.099
262144;6939;0;15079807;40683420;0;0;0;0;0;665855;4100859;0.282
4194304;11622;0;48623230;136874766;0;0;0;0;0;1721372;11604630;1.227
4194304;35640;0;146200642;397545057;0;0;0;0;0;11946718;33780152;2.608
4194304;232327;0;1256102250;3271035537;0;0;0;0;0;141682450;247402256;17.699
1048576;173910;0;273365628;724004129;0;0;0;0;0;6882196;79287112;4.401
1048576;2408;0;17740279;49124903;0;0;0;0;0;1323596;3862836;0.349
1048576;44737;0;141834782;379574400;0;0;0;0;0;12036671;33912561;2.205
1048576;1782;0;8979124;25748883;0;0;0;0;0;145176;2129842;0.239
1048576;117670;0;200149180;531038107;0;0;0;0;0;6516408;56582719;3.237
4194304;268548;0;1384616685;3698201412;0;0;0;0;0;161513705;293815944;19.910
1048576;860;0;6925089;20245435;0;0;0;0;0;49667;1543355;0.200
262144;64548;0;102919880;272483868;0;0;0;0;0;2864908;29685511;1.663
1048576;2955;0;13041713;36604861;0;0;0;0;0;522658;3098480;0.309
4194304;859897;0;3403133723;8754317642;0;0;0;0;0;329838790;697180046;46.852
4194304;85400;0;232890511;622194627;0;0;0;0;0;15074060;57022703;3.925
1048576;24850;0;52868797;141554567;0;0;0;0;0;2326159;13924027;0.896
4194304;453990;0;1996206155;5323006938;0;0;0;0;0;220062313;435126985;28.639
262144;1406;0;4184143;11630163;0;0;0;0;0;102737;1095594;0.115
4194304;942672;0;2111933839;5501373377;0;0;0;0;0;128993430;519998566;31.598
1048576;22176;0;36010585;97776167;0;0;0;0;0;355972;10643315;0.661
262144;2349;0;5659238;15551525;0;0;0;0;0;163409;1513490;0.134
1048576;49644;0;98420860;262226719;0;0;0;0;0;4438817;26487094;1.600
262144;40446;0;65624308;173828120;0;0;0;0;0;1833069;18860734;1.070
1048576;13234;0;23530416;64770138;0;0;0;0;0;188143;6816981;0.470
1048576;71800;0;129672373;345096778;0;0;0;0;0;5014387;35810904;2.108
1048576;177912;0;359330284;939432037;0;0;0;0;0;18180437;92689714;5.443
4194304;59760;0;137472779;372666598;0;0;0;0;0;5972567;35982523;2.552
4194304;963414;0;3904795267;10069074485;0;0;0;0;0;389380479;796380245;54.996
262144;14508;0;27859515;74459446;0;0;0;0;0;1161964;7676075;0.475
262144;13690;0;21423229;57590842;0;0;0;0;0;367040;6423443;0.388
4194304;6191;0;34877986;100123891;0;0;0;0;0;768410;8011812;0.972
262144;624;0;2369892;6798772;0;0;0;0;0;19181;583478;0.105
4194304;549351;0;2098240375;5514042663;0;0;0;0;0;209044833;455643704;30.013
1048576;42816;0;66394995;178889934;0;0;0;0;0;1026747;19831276;1.178
1048576;73098;0;102639330;277042227;0;0;0;0;0;999158;31839869;1.759
4194304;756;0;23203768;68905811;0;0;0;0;0;124016;4800942;0.843
262144;5525;0;11193007;30359294;0;0;0;0;0;346459;3144519;0.282
1048576;11220;0;35551628;96531989;0;0;0;0;0;2290837;8710139;0.655
4194304;191042;0;1785496496;4772576624;0;0;0;0;0;247441917;343988865;24.637
4194304;888860;0;3095612986;8260850691;0;0;0;0;0;316756583;701140096;45.155
1048576;68382;0;212435383;563296712;0;0;0;0;0;17964608;49916810;3.205
1048576;432;0;6213133;18350755;0;0;0;0;0;29462;1332224;0.219
1048576;3894;0;13086922;36686205;0;0;0;0;0;363070;3246315;0.418
4194304;956690;0;3771210115;9791909119;0;0;0;0;0;375349259;789482723;53.206
262144;3047;0;5929267;16325283;0;0;0;0;0;64965;1696381;0.145
262144;117581;0;205717011;538173678;0;0;0;0;0;7525165;56245093;3.195
1048576;5610;0;19015836;52578463;0;0;0;0;0;849889;4746755;0.381
4194304;258265;0;1014489025;2611451133;0;0;0;0;0;94604697;208571036;14.863
4194304;706410;0;1351562231;3560081730;0;0;0;0;0;63928810;359225839;21.168
262144;21390;0;40448831;107508806;0;0;0;0;0;1754493;11020257;0.669
262144;288;0;1853061;5410639;0;0;0;0;0;8010;424258;0.074
1048576;94770;0;146720853;390373106;0;0;0;0;0;3032554;43187246;2.462
4194304;16898;0;74678368;206549349;0;0;0;0;0;4726698;17279768;1.587
1048576;21275;0;44866692;121348926;0;0;0;0;0;1868501;12118309;0.794
1048576;1650;0;8463242;24365857;0;0;0;0;0;115090;1986628;0.234
1048576;4884;0;15253132;42497332;0;0;0;0;0;481236;3847183;0.332
4194304;384416;0;733783654;1935976683;0;0;0;0;0;32799837;196088264;11.689
4194304;14756;0;74229298;205039019;0;0;0;0;0;5317078;16479413;1.600
262144;4425;0;7561587;20719596;0;0;0;0;0;72036;2225459;0.169
1048576;85725;0;163994623;431311942;0;0;0;0;0;6928986;43664450;2.615
1048576;13328;0;24252181;66486541;0;0;0;0;0;297902;6906105;0.544
4194304;551;0;22167300;66135171;0;0;0;0;0;39433;4542668;0.943
1048576;9266;0;28742966;78647249;0;0;0;0;0;1596104;7233434;0.550
1048576;451535;0;839152736;2208825517;0;0;0;0;0;38380333;225593766;12.929
262144;18042;0;29937624;80038020;0;0;0;0;0;787125;8699653;0.542
4194304;68112;0;321349537;865444687;0;0;0;0;0;33181443;70789371;5.313
1048576;6384;0;21776434;59942757;0;0;0;0;0;1109984;5398890;0.429
1048576;108745;0;278821365;729550969;0;0;0;0;0;19587512;66841523;4.146
1048576;248105;0;656700222;1711355960;0;0;0;0;0;48977129;154067628;9.722
262144;55944;0;77178925;206737817;0;0;0;0;0;800093;24103575;1.308
1048576;4060;0;14679898;40991607;0;0;0;0;0;509659;3651317;0.325
262144;3591;0;7170637;19641027;0;0;0;0;0;144998;2027320;0.158
262144;19030;0;27246139;73469495;0;0;0;0;0;295259;8415479;0.487
262144;94335;0;134850038;359901737;0;0;0;0;0;2327388;41006293;2.247
1048576;48832;0;80013980;214192919;0;0;0;0;0;1878661;23143766;1.384
262144;3026;0;6622234;18120454;0;0;0;0;0;171768;1813552;0.161
4194304;12233;0;55072079;154025394;0;0;0;0;0;2717811;12734023;1.327
1048576;472;0;6235578;18411144;0;0;0;0;0;21654;1345895;0.215
262144;522;0;2186026;6299122;0;0;0;0;0;12013;528220;0.078
4194304;323748;0;1092175331;2824401354;0;0;0;0;0;95196358;234665779;16.029
1048576;2072;0;10032339;28558455;0;0;0;0;0;242910;2380144;0.240
4194304;27664;0;108207650;296107117;0;0;0;0;0;7633434;25481184;2.082
262144;4082;0;8058630;21956679;0;0;0;0;0;142928;2305367;0.174
1048576;20475;0;51986164;139107679;0;0;0;0;0;2928270;13080774;0.880
4194304;54035;0;114068709;307724606;0;0;0;0;0;3402790;30168189;2.209
4194304;263250;0;1035537165;2729137631;0;0;0;0;0;103828059;224118387;15.316
262144;21240;0;31171955;83877540;0;0;0;0;0;446945;9535462;0.546
1048576;75647;0;149434777;393410540;0;0;0;0;0;6689269;39566885;2.387
4194304;857969;0;5694342157;15037174967;0;0;0;0;0;735495639;1106015751;80.120
1048576;4002;0;14220886;39778041;0;0;0;0;0;456058;3554844;0.323
1048576;18036;0;61196189;165199669;0;0;0;0;0;4815144;14742370;1.031
4194304;5502;0;40861462;116089952;0;0;0;0;0;1846349;8938285;1.067
1048576;6292;0;25361515;69482115;0;0;0;0;0;1843965;5848568;0.489
4194304;268579;0;1254023546;3269666577;0;0;0;0;0;132694139;256391634;17.981
1048576;19152;0;39298538;106405502;0;0;0;0;0;1277663;10831069;0.720
1048576;111875;0;221415828;580223237;0;0;0;0;0;10278201;57925831;3.454
262144;345;0;2233986;6426624;0;0;0;0;0;35393;523305;0.079
4194304;7020;0;34179733;98097195;0;0;0;0;0;542004;7946385;0.973
1048576;148256;0;323075832;846254887;0;0;0;0;0;18753046;81412000;4.947
1048576;5600;0;24896879;68290227;0;0;0;0;0;1789328;5771523;0.565
262144;16368;0;31694177;84447805;0;0;0;0;0;1392821;8645031;0.734
4194304;203504;0;772644253;2097556618;0;0;0;0;0;81058281;179916197;11.719
262144;104;0;1671599;4921449;0;0;0;0;0;12073;361366;0.125
262144;14400;0;24921764;66774041;0;0;0;0;0;717660;7167656;0.483
262144;884;0;3108604;8769074;0;0;0;0;0;56257;791359;0.100
4194304;17150;0;67819052;187857535;0;0;0;0;0;3772645;15816035;1.469
1048576;7906;0;25063078;68287024;0;0;0;0;0;1301524;6166041;0.473
4194304;102336;0;465327598;1250357645;0;0;0;0;0;48924332;102898998;7.260
1048576;135564;0;209963165;561438215;0;0;0;0;0;5087068;62341129;3.414
4194304;94772;0;316857046;851044724;0;0;0;0;0;26845138;74617353;5.206
1048576;189280;0;404925769;1061645333;0;0;0;0;0;23247424;102826208;6.127
4194304;11206;0;49640177;139498343;0;0;0;0;0;2112820;11522897;1.227
4194304;112700;0;246104459;660583301;0;0;0;0;0;12075985;64899282;4.236
4194304;50680;0;199790831;540552810;0;0;0;0;0;17558921;45833442;3.377
262144;12500;0;22351842;59673100;0;0;0;0;0;692347;6307350;0.393
1048576;91008;0;417540541;1117523196;0;0;0;0;0;46406443;91648793;6.121
4194304;836592;0;1395880086;3693206481;0;0;0;0;0;47832308;392026849;22.144
1048576;439921;0;778573582;2042740782;0;0;0;0;0;31004269;211599080;11.955
262144;171;0;1840033;5374192;0;0;0;0;0;16970;412420;0.074
4194304;96866;0;247352372;665150079;0;0;0;0;0;15417071;62579726;4.207
4194304;133152;0;379581966;999064440;0;0;0;0;0;27569340;88757726;5.963
4194304;139531;0;409694536;1090134073;0;0;0;0;0;31676452;97691328;6.472
4194304;158682;0;553686253;1482831856;0;0;0;0;0;51199511;128495375;8.712
4194304;81840;0;151980733;414279809;0;0;0;0;0;4395013;42892369;2.875
4194304;8652;0;59330725;165355903;0;0;0;0;0;4100341;12801651;1.326
4194304;411240;0;1029094704;2677833524;0;0;0;0;0;68830477;245066493;15.590
4194304;1393590;0;2875194718;7496939933;0;0;0;0;0;155889691;729733172;43.565
4194304;521280;0;2870931840;7462096092;0;0;0;0;0;331053205;559532142;39.895
1048576;4316;0;13787289;38513500;0;0;0;0;0;355884;3477701;0.320
262144;504;0;2334827;6696706;0;0;0;0;0;26134;564632;0.083
262144;11600;0;19788737;53087322;0;0;0;0;0;506324;5721716;0.358
1048576;6426;0;17359603;47992206;0;0;0;0;0;536083;4444901;0.389
1048576;18228;0;90675252;243939961;0;0;0;0;0;9578616;19838777;1.435
4194304;680430;0;7613942232;20321267059;0;0;0;0;0;1095706363;1434979025;101.981
4194304;8712;0;44239868;125168023;0;0;0;0;0;1673909;10224215;1.144
262144;138;0;1726342;5069334;0;0;0;0;0;10187;381279;0.116
4194304;51595;0;125654759;339250657;0;0;0;0;0;5545207;32067096;2.499
1048576;31392;0;51834332;139607708;0;0;0;0;0;997271;15086756;0.991
4194304;161190;0;754202466;2017716290;0;0;0;0;0;82730015;163998984;11.035
1048576;61952;0;210482773;562061401;0;0;0;0;0;18672902;49813648;3.171
4194304;963353;0;2417160683;6174535211;0;0;0;0;0;155977414;554151353;34.795
1048576;90860;0;259457263;685444645;0;0;0;0;0;20802042;61502788;3.933
1048576;12172;0;25665352;70569032;0;0;0;0;0;691140;7095465;0.495
262144;25276;0;43005169;114052131;0;0;0;0;0;1324249;12165456;0.737
262144;1357;0;3658040;10235617;0;0;0;0;0;50576;973506;0.107
262144;36135;0;52990081;141815131;0;0;0;0;0;875270;16120152;0.906
262144;4758;0;8076552;22085227;0;0;0;0;0;92782;2368798;0.179
1048576;259084;0;404816819;1073105920;0;0;0;0;0;10672459;117629299;6.496
262144;70143;0;111057131;294519780;0;0;0;0;0;3125650;32155044;1.802
1048576;576;0;6552633;19256483;0;0;0;0;0;46029;1427425;0.196
1048576;629;0;6343197;18697964;0;0;0;0;0;20196;1381581;0.216
1048576;2484;0;9777995;27883738;0;0;0;0;0;141189;2391345;0.249
4194304;178648;0;612508463;1622806998;0;0;0;0;0;55970752;138291333;9.514
4194304;2352;0;26915775;78842719;0;0;0;0;0;338106;5812144;0.887
1048576;101745;0;182580979;480455111;0;0;0;0;0;6692957;49761056;2.921
262144;22718;0;35682376;95600586;0;0;0;0;0;817789;10566563;0.617
4194304;182317;0;457417522;1186229486;0;0;0;0;0;28045600;107792426;7.110
4194304;320;0;21848144;65277453;0;0;0;0;0;34296;4441520;0.821
1048576;403560;0;2251972842;5941227549;0;0;0;0;0;269799117;456921182;31.867
1048576;610848;0;866720622;2312832638;0;0;0;0;0;15562458;263456245;14.008
262144;798;0;2597777;7400943;0;0;0;0;0;19951;654174;0.092
4194304;1162742;0;4877035699;12564507283;0;0;0;0;0;490913766;988958004;68.859
262144;1205;0;3472478;9736599;0;0;0;0;0;39958;920523;0.140
1048576;5344;0;15792742;43966005;0;0;0;0;0;449310;4067561;0.349
262144;29988;0;47965239;128234181;0;0;0;0;0;1297713;14058852;0.822
262144;1880;0;4504790;12509689;0;0;0;0;0;74297;1230330;0.154
1048576;217145;0;427773902;1123438597;0;0;0;0;0;21245157;112368742;6.607
1048576;211862;0;531691058;1408608121;0;0;0;0;0;38714702;131974537;8.050
1048576;5792;0;16060879;44609550;0;0;0;0;0;445270;4136207;0.375
1048576;69861;0;300132855;801749150;0;0;0;0;0;31808800;66654991;4.491
4194304;8955;0;55608711;155497758;0;0;0;0;0;3512210;12168648;1.287
1048576;72680;0;247937353;646760483;0;0;0;0;0;21030142;55479420;3.734
1048576;3300;0;14627574;40833193;0;0;0;0;0;683694;3462760;0.331
1048576;3624;0;12805789;35996359;0;0;0;0;0;329706;3201090;0.295
1048576;49245;0;104881533;279296171;0;0;0;0;0;5304779;27688318;1.695
1048576;132951;0;299917455;788441665;0;0;0;0;0;18397146;75409740;4.593
262144;25546;0;39125927;104567715;0;0;0;0;0;809804;11604727;0.671
4194304;1584;0;28655369;83459935;0;0;0;0;0;775619;5960571;0.889
4194304;14280;0;52748143;147430127;0;0;0;0;0;2052553;12495683;1.656
4194304;267480;0;1668734220;4457583139;0;0;0;0;0;208110408;342610520;22.901
262144;6552;0;13068981;35197977;0;0;0;0;0;446787;3613609;0.406
1048576;630;0;7031106;20536659;0;0;0;0;0;104457;1529040;0.298
4194304;190674;0;512715813;1356154666;0;0;0;0;0;36676474;123957086;7.942
262144;13395;0;20162078;54337242;0;0;0;0;0;258830;6123679;0.375
262144;5074;0;8391518;22903425;0;0;0;0;0;76509;2484572;0.191
1048576;2923;0;10985505;31093270;0;0;0;0;0;221093;2707100;0.300
4194304;364806;0;584540732;1565087097;0;0;0;0;0;16018235;171036943;9.685
4194304;305340;0;1187806801;3157787326;0;0;0;0;0;121164502;263682030;17.717
4194304;191438;0;350900807;929193071;0;0;0;0;0;12545158;94986515;5.955
262144;48622;0;78713292;208989238;0;0;0;0;0;2279130;22718791;1.283
1048576;6232;0;18104064;50079450;0;0;0;0;0;634018;4630732;0.376
4194304;423474;0;3258444400;8704312293;0;0;0;0;0;434958740;646089540;45.898
4194304;48645;0;144203722;391104176;0;0;0;0;0;8973393;35571145;2.698
1048576;1446;0;10960256;31029452;0;0;0;0;0;478966;2453323;0.277
4194304;11128;0;56472849;157818877;0;0;0;0;0;3041716;12912038;1.297
1048576;4350;0;16032918;44607667;0;0;0;0;0;665561;3945570;0.361
1048576;10692;0;31023707;84723132;0;0;0;0;0;1595450;7980516;0.572
262144;25;0;1476876;4401693;0;0;0;0;0;4080;305274;0.068
1048576;56848;0;120885286;319714205;0;0;0;0;0;6157252;31453924;1.930
4194304;437346;0;2914672883;7786939577;0;0;0;0;0;373761274;592329410;41.725
4194304;1876;0;24953668;73593693;0;0;0;0;0;164762;5338512;0.852
262144;1158;0;3440125;9656142;0;0;0;0;0;48738;903192;0.100
1048576;368516;0;1253930526;3238108848;0;0;0;0;0;112405529;269491412;17.819
4194304;90522;0;471196607;1264222126;0;0;0;0;0;52954996;100494778;7.265
1048576;53015;0;81505217;219370398;0;0;0;0;0;1374582;24452306;1.410
1048576;10695;0;30132819;82334522;0;0;0;0;0;1446856;7829539;0.559
4194304;60490;0;177521088;471826416;0;0;0;0;0;11255150;41960913;3.057
4194304;28080;0;99494415;272327743;0;0;0;0;0;6398141;23633855;1.932
1048576;1192;0;9042519;25910177;0;0;0;0;0;261097;2036359;0.230
4194304;126684;0;833891569;2229551243;0;0;0;0;0;106272746;167023374;12.037
4194304;332;0;22221637;66279449;0;0;0;0;0;71113;4529499;0.814
262144;1184;0;4256851;11814064;0;0;0;0;0;168969;1051882;0.115
1048576;1142;0;8836077;25358860;0;0;0;0;0;200867;2022579;0.241
4194304;138006;0;551016823;1469956885;0;0;0;0;0;56292756;121036967;8.368
262144;9520;0;15054708;40637084;0;0;0;0;0;219867;4493459;0.317
1048576;10344;0;20463385;56445561;0;0;0;0;0;260745;5730825;0.453
4194304;35508;0;136069852;370375349;0;0;0;0;0;10902499;31364783;2.444
1048576;54057;0;133145277;350947517;0;0;0;0;0;8692771;32624644;2.064
262144;4875;0;14083897;38100403;0;0;0;0;0;933638;3542619;0.259
4194304;445032;0;2149475305;5651631346;0;0;0;0;0;238146129;445527614;30.882
4194304;556784;0;960824321;2534533468;0;0;0;0;0;34575160;265056008;15.288
262144;33264;0;60348319;160327505;0;0;0;0;0;2346660;16853237;1.285
262144;40500;0;63115240;168715926;0;0;0;0;0;1577206;18727717;1.076
4194304;42075;0;187324544;507326573;0;0;0;0;0;17200266;42195600;3.143
4194304;62788;0;208422191;553907273;0;0;0;0;0;16189711;47174548;3.550
262144;29580;0;58948579;156473090;0;0;0;0;0;2818331;15966005;0.951
1048576;46535;0;74488021;200945720;0;0;0;0;0;1565045;22040657;1.303
4194304;58776;0;238894715;645131035;0;0;0;0;0;21628436;54851334;3.985
4194304;1115796;0;6357955392;16488146254;0;0;0;0;0;742403041;1226460843;87.747
4194304;106594;0;330805752;874481600;0;0;0;0;0;25460605;76541092;5.285
1048576;13448;0;33674576;91362131;0;0;0;0;0;1542675;8765927;0.619
4194304;2436;0;27080829;79272978;0;0;0;0;0;368791;5839503;0.845
4194304;686542;0;3180383776;8409057240;0;0;0;0;0;355665194;671031210;46.483
262144;20355;0;34695984;92110988;0;0;0;0;0;1035437;9826220;0.597
262144;2173;0;5405278;14917014;0;0;0;0;0;143094;1460374;0.137
4194304;119288;0;484774972;1302201649;0;0;0;0;0;47806314;110347396;7.468
4194304;254007;0;1459143196;3898247257;0;0;0;0;0;176792854;303881520;21.174
1048576;48471;0;88659470;235608391;0;0;0;0;0;3050736;24389848;1.469
1048576;32383;0;114194475;306629794;0;0;0;0;0;10254636;26811246;1.759
4194304;152964;0;601383421;1609221167;0;0;0;0;0;60648720;134738794;9.058
4194304;28496;0;100148006;274708109;0;0;0;0;0;6115302;24318444;1.928
4194304;661152;0;6412777038;17042530730;0;0;0;0;0;898760829;1210136579;89.353
4194304;39672;0;164748144;447113739;0;0;0;0;0;14015171;37872445;2.878
4194304;450891;0;2277613656;6041283972;0;0;0;0;0;268281181;471872581;32.609
1048576;5560;0;18486911;51168611;0;0;0;0;0;772059;4649213;0.383
1048576;134070;0;269478537;704578759;0;0;0;0;0;13254629;69615719;4.131
4194304;485100;0;2418062881;6461682105;0;0;0;0;0;282233643;517501393;34.805
262144;2520;0;5657391;15577506;0;0;0;0;0;122068;1554779;0.200
1048576;115648;0;237745997;623921500;0;0;0;0;0;12128980;61580125;3.658
4194304;86922;0;346551901;926876142;0;0;0;0;0;32697143;77804699;5.450
1048576;264152;0;770289562;2025788951;0;0;0;0;0;62658340;181378350;11.335
262144;11128;0;18955459;50883169;0;0;0;0;0;480621;5474881;0.412
262144;264;0;1854220;5412880;0;0;0;0;0;12843;420583;0.080
1048576;5880;0;16255582;44766287;0;0;0;0;0;456741;4089161;0.374
4194304;15372;0;71070308;196822833;0;0;0;0;0;4420462;16376108;1.507
262144;15420;0;25181725;67370370;0;0;0;0;0;579486;7368636;0.486
4194304;20868;0;70270047;193776974;0;0;0;0;0;3324980;16869892;1.556
4194304;137520;0;601756179;1595028022;0;0;0;0;0;62739242;128821336;8.940
1048576;14985;0;26847324;73495636;0;0;0;0;0;350558;7723479;0.539
1048576;69258;0;141149004;372469819;0;0;0;0;0;6888404;36974634;2.246
1048576;23328;0;41056952;110953520;0;0;0;0;0;868212;11704543;0.749
1048576;245920;0;430497059;1129891762;0;0;0;0;0;15957973;117827253;6.702
1048576;32;0;5438429;16274649;0;0;0;0;0;5192;1100254;0.176
1048576;6902;0;15643238;43560459;0;0;0;0;0;173045;4255887;0.355
4194304;65844;0;221191202;591049061;0;0;0;0;0;17238865;51300906;3.682
4194304;188328;0;492643172;1303680757;0;0;0;0;0;34247382;119816577;7.815
262144;2484;0;5165604;14263630;0;0;0;0;0;71024;1441537;0.125
4194304;21960;0;56218200;157148728;0;0;0;0;0;969691;14748760;1.334
1048576;21595;0;50016134;135178774;0;0;0;0;0;2627604;13057327;0.859
4194304;3140856;0;15344911305;38448590320;0;0;0;0;0;1534120290;2828859374;210.629
262144;3456;0;7990846;21720825;0;0;0;0;0;249173;2172944;0.174
4194304;19344;0;89294946;245337285;0;0;0;0;0;6724178;20061545;1.763
4194304;33705;0;112189052;306330498;0;0;0;0;0;7662149;26586075;2.154
1048576;4247;0;13834915;38665830;0;0;0;0;0;384788;3472806;0.309
4194304;36192;0;144983061;394474529;0;0;0;0;0;11691889;33653939;2.623
1048576;29638;0;88328647;237401553;0;0;0;0;0;6618676;21793886;1.539
262144;2142;0;4546948;12592076;0;0;0;0;0;52139;1251749;0.119
4194304;42642;0;101042619;276693285;0;0;0;0;0;3686709;26714094;2.026
1048576;35343;0;75018448;201587465;0;0;0;0;0;3807060;19969501;1.250
4194304;49588;0;117581698;319729237;0;0;0;0;0;4922972;30615698;2.249
4194304;318660;0;2202130026;5902689911;0;0;0;0;0;287583384;446799994;31.773
4194304;7860;0;52008478;145892291;0;0;0;0;0;3139478;11352270;1.227
262144;17760;0;33783833;90065590;0;0;0;0;0;1389370;9334240;0.690
1048576;64408;0;132978340;353175696;0;0;0;0;0;6621824;35322950;2.222
4194304;57239;0;199292752;528520704;0;0;0;0;0;15052474;45064208;3.284
4194304;4284;0;27081407;79278428;0;0;0;0;0;63979;6112720;0.905
1048576;20100;0;52419388;141323575;0;0;0;0;0;2950227;13515631;0.899
4194304;429330;0;3545652992;9446959556;0;0;0;0;0;479820460;690264934;49.695
4194304;476970;0;3839370806;9983467503;0;0;0;0;0;488193619;708537082;50.946
1048576;36984;0;73182714;195155256;0;0;0;0;0;2931170;19783414;1.314
1048576;36800;0;91110052;241278927;0;0;0;0;0;5600014;22628205;1.463
262144;11659;0;19092729;51388005;0;0;0;0;0;400406;5629362;0.357
4194304;4140;0;30325926;87970087;0;0;0;0;0;493300;6789176;0.908
4194304;57424;0;146746323;396956631;0;0;0;0;0;8027051;36923320;2.670
4194304;362103;0;885673081;2289223908;0;0;0;0;0;56122844;208497820;13.437
4194304;392814;0;2292807497;6130981828;0;0;0;0;0;286557280;472918055;32.857
1048576;33210;0;76522450;205341614;0;0;0;0;0;4198194;20043932;1.259
4194304;222222;0;986157025;2634736469;0;0;0;0;0;108628158;213884298;14.556
1048576;572;0;6485658;19079563;0;0;0;0;0;37725;1413763;0.206
262144;518;0;2525093;7208150;0;0;0;0;0;22351;630912;0.087
1048576;6665;0;21331923;58616914;0;0;0;0;0;1044762;5274840;0.426
262144;17368;0;28565228;76544531;0;0;0;0;0;725956;8348079;0.494
4194304;69972;0;273194276;733881571;0;0;0;0;0;25164601;61865880;4.486
4194304;611280;0;1876872125;4851393361;0;0;0;0;0;155718566;413607531;27.407
1048576;306830;0;699687786;1809179183;0;0;0;0;0;42494702;169306918;10.512
1048576;19314;0;35700940;96827967;0;0;0;0;0;821062;10071544;0.657
1048576;200711;0;510072693;1345442625;0;0;0;0;0;37389247;124855749;7.584
4194304;1512;0;27700983;80918815;0;0;0;0;0;640687;5779219;0.872
1048576;101952;0;225328538;588704880;0;0;0;0;0;12908570;56132879;3.425
4194304;40687;0;178695163;483704293;0;0;0;0;0;16537837;39761630;3.007
1048576;7228;0;26333969;72114211;0;0;0;0;0;1634078;6388702;0.487
1048576;12616;0;29383096;80102162;0;0;0;0;0;1031803;7893629;0.552
1048576;53592;0;90213075;240705210;0;0;0;0;0;2469591;25686603;1.584
1048576;172368;0;504954856;1324913863;0;0;0;0;0;41548269;117243487;7.416
4194304;349236;0;1116957659;2934000769;0;0;0;0;0;98351477;252040365;16.601
4194304;200340;0;289362849;782358838;0;0;0;0;0;3243425;88370998;5.177
262144;1343;0;4238845;11791031;0;0;0;0;0;125227;1096277;0.121
1048576;120045;0;206239945;544861410;0;0;0;0;0;7130601;57420444;3.338
1048576;135405;0;296949327;778412645;0;0;0;0;0;17395573;74862892;4.525
4194304;713770;0;3354672461;8685947150;0;0;0;0;0;361918872;668710026;47.571
1048576;612134;0;2810694169;7277169938;0;0;0;0;0;299877012;566282681;39.727
4194304;353500;0;1860436832;4920063155;0;0;0;0;0;215902435;383791967;26.626
4194304;67252;0;252833512;672155806;0;0;0;0;0;21678532;56467299;4.158
262144;65424;0;97250712;259186423;0;0;0;0;0;2036029;29112121;1.605
1048576;19178;0;46234106;124466450;0;0;0;0;0;2283595;12012898;0.829
1048576;309468;0;423735164;1134436744;0;0;0;0;0;4843141;132103285;7.096
1048576;312984;0;1064973268;2727872111;0;0;0;0;0;93244401;224654880;15.038
1048576;9727;0;24837660;67892391;0;0;0;0;0;960614;6453080;0.489
262144;5691;0;10686434;28992679;0;0;0;0;0;254596;3057930;0.255
1048576;105800;0;531955864;1413791056;0;0;0;0;0;60195391;113384907;7.629
1048576;2704;0;10151354;28812106;0;0;0;0;0;160619;2474035;0.250
262144;540;0;2331242;6682599;0;0;0;0;0;12872;573792;0.080
1048576;60;0;5496582;16430729;0;0;0;0;0;6960;1117744;0.215
1048576;43605;0;77616575;206529513;0;0;0;0;0;2408796;21565402;1.309
1048576;157126;0;422238359;1092557043;0;0;0;0;0;30516398;97557515;6.199
4194304;69052;0;114115282;312285478;0;0;0;0;0;892859;33620464;2.263
262144;51054;0;76414572;203397890;0;0;0;0;0;1552438;22782057;1.263
4194304;5280;0;28315207;82584186;0;0;0;0;0;76499;6500862;0.881
4194304;11473;0;48774618;137306524;0;0;0;0;0;1741631;11648625;1.199
1048576;407740;0;1416594847;3731563424;0;0;0;0;0;136331043;316461263;20.733
262144;7280;0;12887254;34771501;0;0;0;0;0;301377;3698995;0.251
1048576;1215;0;7948120;22988421;0;0;0;0;0;110854;1823420;0.223
4194304;9487;0;44079528;124738213;0;0;0;0;0;1438312;10395578;1.100
1048576;49940;0;211888567;567184762;0;0;0;0;0;21814548;47661710;3.219
1048576;325992;0;538313917;1419262044;0;0;0;0;0;17515282;151470246;8.459
