1048576;44640;1555904;74380998;199540285;746882;0;0;0;0;1793603;21543155;2.097
262144;3790;300464;9950244;27040766;70330;0;0;0;0;524339;2577373;0.319
262144;2618;75210;5570266;15345838;47222;0;0;0;0;92312;1555120;0.188
262144;190;13622;1846693;5392065;4914;0;0;0;0;16324;414791;0.087
1048576;128260;16452890;318031123;830528829;2131854;0;0;0;0;21661858;76537112;6.873
1048576;27600;2437420;66429598;177783383;484058;0;0;0;0;3812873;17002101;1.528
4194304;59976;10498243;232283102;627180420;1208146;0;0;0;0;20265911;53900813;5.445
4194304;19995;2667863;77586869;213488604;366422;0;0;0;0;4708922;17969460;2.157
4194304;428562;155526761;2491808206;6656368614;8585754;0;0;0;0;305534483;518785385;56.038
4194304;157740;15511956;356217323;938207528;2632378;0;0;0;0;19188608;89290943;8.191
4194304;1134;64121;23510010;69727618;24194;0;0;0;0;111371;4914771;0.927
262144;3740;154928;8182059;22322701;70690;0;0;0;0;240786;2269537;0.226
1048576;43596;1976730;76210190;203390307;720886;0;0;0;0;2228730;21461963;1.794
4194304;212718;68285578;1109279555;2951223505;4215462;0;0;0;0;126918613;233704297;24.406
1048576;374;17001;6078470;17989801;8282;0;0;0;0;23184;1293858;0.226
4194304;3000;183067;27690898;80922791;62922;0;0;0;0;335183;6075081;1.041
4194304;128933;36640518;644971011;1729695198;2594214;0;0;0;0;72264789;139224171;14.327
4194304;400;19531;21895327;65405613;9022;0;0;0;0;27795;4463765;0.928
1048576;4770;417155;17123645;47512298;96530;0;0;0;0;764611;4200644;1.990
262144;13920;379461;22039538;59279031;234034;0;0;0;0;428745;6555023;0.538
262144;79336;3888274;128829826;339398182;1283918;0;0;0;0;3749217;36598788;2.875
1048576;69222;14199342;215995257;554306503;1152406;0;0;0;0;16787141;46979101;4.634
1048576;32292;2284156;67255330;178924094;552566;0;0;0;0;2877523;17810558;1.556
262144;658;29849;2665660;7578453;13606;0;0;0;0;38727;660404;0.108
1048576;29367;1857253;58796098;156794615;490954;0;0;0;0;2256692;15773886;1.388
4194304;1472185;540283895;7108618522;18319827530;24606598;0;0;0;0;771056891;1393341992;148.032
4194304;41241;5474048;146021908;397316225;833042;0;0;0;0;10617122;35043468;3.596
4194304;6816;2966201;67955107;188361605;159182;0;0;0;0;5845343;13954257;1.884
262144;5624;236558;11554634;31324989;105194;0;0;0;0;370188;3244952;0.328
4194304;814064;398954998;5044753567;13029623131;13978002;0;0;0;0;595770646;950606711;105.691
4194304;39976;6672434;157479333;427154382;801858;0;0;0;0;12687507;36619046;3.843
4194304;12937;1514952;55961384;156400999;237894;0;0;0;0;2791230;12935357;1.887
4194304;34069;2286429;89452309;245363722;596158;0;0;0;0;3744026;22808654;2.516
4194304;176364;24721523;517399234;1376474627;3137874;0;0;0;0;41274508;123260282;11.831
262144;42768;964361;61633007;165116892;700066;0;0;0;0;950232;18897625;1.426
1048576;13612;1720421;44221999;119821424;261166;0;0;0;0;3204829;10698533;3.229
4194304;1035129;783758632;10366629829;27394977693;19748166;0;0;0;0;1437352603;1930642057;238.058
1048576;1530;95554;8671697;24916219;31998;0;0;0;0;154874;2013172;0.307
1048576;70638;1484945;102306604;274744845;1139342;0;0;0;0;1190992;31279613;2.405
1048576;16350;493957;30169524;82211696;273514;0;0;0;0;580486;8555542;1.740
262144;17329;622221;28317477;75576513;289674;0;0;0;0;636207;8284314;0.681
1048576;3150;89813;10089574;28682441;54170;0;0;0;0;93513;2519543;0.307
1048576;4592;158353;12948056;36349809;81526;0;0;0;0;227718;3341409;0.421
4194304;1050090;81742936;2019340934;5302660564;16998762;0;0;0;0;98490737;531749973;47.684
4194304;227800;95570006;1379944189;3634637271;4308046;0;0;0;0;164146327;275585417;31.131
1048576;8514;205300;17499034;48431880;141230;0;0;0;0;176255;4828096;0.502
1048576;174012;7930050;282147811;747448312;2815210;0;0;0;0;8429636;80484841;6.276
4194304;323456;116759311;1707659809;4483017656;6038174;0;0;0;0;194237964;346429146;38.339
262144;388;14133;2105260;6085444;8262;0;0;0;0;13306;502299;0.095
1048576;2924;190982;11910963;33586723;60902;0;0;0;0;344461;2900762;0.369
4194304;22015;2522697;81321631;224017712;428126;0;0;0;0;4672041;19418937;2.245
4194304;142128;54162213;838246687;2234612701;2579730;0;0;0;0;102193001;170677094;19.301
4194304;166615;61384664;996160454;2667516541;3351202;0;0;0;0;121691778;206775714;22.659
1048576;138600;15125529;328819677;866158883;2351126;0;0;0;0;21823270;81803818;7.422
4194304;583015;123052023;1914126325;4959709199;9689950;0;0;0;0;168712592;416890694;42.631
1048576;6322;249041;15679473;43494864;108742;0;0;0;0;304827;4111287;0.469
262144;1015;142762;4176420;11397167;21378;0;0;0;0;165678;972166;0.190
262144;18560;1048445;34263153;91108959;310114;0;0;0;0;1341031;9456319;0.814
4194304;26768;7075404;143336972;389566792;529182;0;0;0;0;13770953;30992056;3.650
262144;141873;2621010;192789611;516070820;2282162;0;0;0;0;2134224;60362553;4.392
1048576;5324;157404;13878009;38860731;95650;0;0;0;0;201738;3661563;0.464
4194304;318208;46310973;943332291;2514229475;5531678;0;0;0;0;82013626;223225232;20.950
1048576;6141;362812;18608388;51524741;126002;0;0;0;0;665052;4797574;0.506
262144;5814;140334;9997732;27183431;100090;0;0;0;0;151340;2932121;0.271
4194304;98358;7129026;219175629;588323355;1712558;0;0;0;0;10772363;57364863;5.246
1048576;20020;641163;36033198;97800279;335122;0;0;0;0;786008;10253556;0.900
1048576;3652;134729;11674227;32945179;68166;0;0;0;0;201361;2948779;0.349
4194304;14952;1328075;58618454;163643693;304202;0;0;0;0;2526836;14129486;1.757
262144;60;7768;1563328;4633107;1682;0;0;0;0;6606;331298;0.080
1048576;54230;1324223;82577024;222322497;886858;0;0;0;0;1383131;24746657;1.969
262144;56502;939067;76876100;206610010;911754;0;0;0;0;819193;24089043;1.775
1048576;57120;3630629;106352751;281165306;937462;0;0;0;0;4006283;28754879;2.449
1048576;2925;271564;13051844;36633729;63282;0;0;0;0;504908;3120282;0.380
4194304;12775;487621;42895081;121544802;228870;0;0;0;0;747311;10626139;1.413
262144;13651;775258;26390995;70624357;232314;0;0;0;0;1123770;7253249;0.629
4194304;277552;69737202;1153730856;3058486342;4868798;0;0;0;0;122987319;248531330;25.264
1048576;5025;215470;14353028;40070916;93342;0;0;0;0;318062;3699769;0.415
262144;3510;78478;6633828;18204235;61690;0;0;0;0;84154;1912142;0.192
4194304;783526;108627200;2000107095;5210367271;13075602;0;0;0;0;142932997;473350650;43.412
4194304;348155;27772305;680050022;1781649426;5634754;0;0;0;0;30313938;178032848;15.219
1048576;315520;24600071;600223775;1570099076;5117682;0;0;0;0;27544046;158478119;13.157
4194304;4836;324142;32028942;92532159;100002;0;0;0;0;603646;7243596;1.167
1048576;104196;11427757;233547568;608611548;1703150;0;0;0;0;13491133;57766862;5.118
4194304;238380;105166020;1598166669;4261939805;4715850;0;0;0;0;203045644;322196461;34.312
4194304;1742;114839;25510826;75085170;44658;0;0;0;0;181345;5497361;1.040
1048576;23232;757416;42032843;114010472;398894;0;0;0;0;1001536;12021483;1.042
4194304;35046;7213492;158142460;429441175;710002;0;0;0;0;14132041;35596019;3.867
4194304;51678;7894905;172034919;460889725;923306;0;0;0;0;12642996;39952199;4.213
4194304;35002;4414016;115914875;315411768;620202;0;0;0;0;7763695;27447334;2.992
4194304;223512;17064873;476143931;1272882865;3730726;0;0;0;0;27318244;124672082;10.906
262144;124;9902;1696478;4989241;3202;0;0;0;0;8888;372504;0.077
262144;3336;68702;6263253;17206705;58118;0;0;0;0;58030;1811248;0.183
4194304;10539;1525464;53198446;148987277;196458;0;0;0;0;2847255;11983531;1.626
262144;288;13107;1932728;5622904;6090;0;0;0;0;14107;445149;0.084
4194304;473452;59000747;1191437858;3132012510;8005446;0;0;0;0;84651504;288619499;26.248
4194304;1289304;336001009;4752081907;12227785163;21134734;0;0;0;0;447643693;988645113;100.612
4194304;563640;60265461;1254075590;3276302170;9275174;0;0;0;0;74432173;311672880;27.474
4194304;1415358;706884798;10226544188;27196382487;26821290;0;0;0;0;1350901163;2015784241;222.703
1048576;127690;2602195;180398646;484362616;2064338;0;0;0;0;2489458;55500352;4.203
1048576;44100;11388311;170145033;437582255;842774;0;0;0;0;14093324;36268498;3.873
4194304;274142;44775924;852188176;2254575402;4854622;0;0;0;0;72904856;197780745;18.978
4194304;34790;9673530;187275711;507258106;706854;0;0;0;0;19108495;40334861;4.470
1048576;30780;1914178;64859710;174104761;544106;0;0;0;0;2882177;17482321;1.540
262144;9882;424650;18289518;49114104;173822;0;0;0;0;558624;5195965;0.453
262144;7050;295696;13422327;36181597;124274;0;0;0;0;387157;3797564;0.346
1048576;52866;6649726;152592917;408761982;976878;0;0;0;0;12227894;37279478;3.449
4194304;481104;19671810;766936421;2039458321;7771658;0;0;0;0;21251912;220848457;17.511
262144;2604;55836;5252283;14514323;45898;0;0;0;0;55610;1488401;0.163
4194304;79086;14977165;296136643;791998241;1500670;0;0;0;0;26420098;67176002;6.861
1048576;28032;713278;46216660;125144898;462706;0;0;0;0;783351;13589841;1.194
4194304;10846;3180920;74765972;206510184;219938;0;0;0;0;6183343;15842073;2.045
262144;5704;298165;12380141;33504386;106782;0;0;0;0;475128;3409262;0.324
4194304;138816;22294002;438136389;1163101695;2462006;0;0;0;0;36478740;101646572;10.007
1048576;52320;6349643;147274195;394641506;948118;0;0;0;0;11628185;36132617;3.321
1048576;240;12750;5812189;17276825;5410;0;0;0;0;17571;1211980;0.246
4194304;36426;1138128;77128488;212753724;617990;0;0;0;0;1395973;21006726;2.149
262144;287;15309;2004139;5814349;6606;0;0;0;0;19685;463899;0.086
4194304;30832;1033516;69893469;193515153;524546;0;0;0;0;1382306;18751833;1.997
1048576;7161;567455;22088378;60809292;141670;0;0;0;0;1045902;5557705;0.576
1048576;611736;21958034;916458605;2428224906;9830202;0;0;0;0;20530989;270673062;20.496
1048576;49129;3248836;103875277;278057421;877742;0;0;0;0;5152309;27980241;2.401
4194304;718516;52994602;1371994703;3613969222;11775702;0;0;0;0;65591660;363656314;30.603
1048576;25777;754298;44995546;122071990;438802;0;0;0;0;996279;13026003;1.797
262144;29640;679519;43177032;115718521;483050;0;0;0;0;652932;13195848;1.014
4194304;398580;59261459;1062497373;2762582201;6736986;0;0;0;0;76008919;247827798;23.435
1048576;144255;8055907;250604275;662441618;2346802;0;0;0;0;9192811;69457856;5.614
4194304;1192408;250267611;4134917249;10839752843;20880378;0;0;0;0;389890476;915078163;90.935
262144;6231;239926;11764297;31790780;109906;0;0;0;0;311912;3335297;0.308
1048576;12816;723768;29399424;80034237;226270;0;0;0;0;1086906;7804999;0.734
1048576;492;24515;6352893;18725571;10874;0;0;0;0;37671;1370308;0.239
262144;1612;75746;4451324;12341610;31234;0;0;0;0;111815;1172321;0.141
1048576;156;17351;5831505;17327167;4742;0;0;0;0;25147;1210487;0.214
4194304;290103;85093876;1423279860;3791360843;5762450;0;0;0;0;160391976;304833850;31.328
262144;20016;677211;31622743;84510444;328806;0;0;0;0;703548;9288990;0.748
1048576;38178;7237241;147006781;394757161;769286;0;0;0;0;14214174;33914046;3.512
4194304;216216;27090523;546765350;1435802916;3659454;0;0;0;0;36603844;131636791;12.154
262144;2090;56115;4931214;13652865;41434;0;0;0;0;60157;1378557;0.161
4194304;39936;4893079;137194057;373628003;806742;0;0;0;0;9405483;33295167;3.501
1048576;26228;957703;45947176;123897197;433594;0;0;0;0;1074990;13055868;1.130
4194304;176505;13546996;375396147;999565709;3003990;0;0;0;0;19250929;98253405;9.683
1048576;66339;4750753;127339126;335182679;1093394;0;0;0;0;5253697;33868567;2.907
1048576;14674;832218;32874888;89440948;254678;0;0;0;0;1320044;8747577;0.841
262144;1260;70046;4169005;11607734;27926;0;0;0;0;107441;1087311;0.141
262144;144;10579;1737575;5099447;3726;0;0;0;0;9073;385467;0.083
4194304;82080;34050952;538538965;1442815647;1571826;0;0;0;0;66360928;109309833;11.831
1048576;183488;16399580;368969546;962057228;2993050;0;0;0;0;18109142;94992158;8.145
4194304;270300;124796290;1905137043;5093011349;5426822;0;0;0;0;247257688;383634050;42.803
262144;5016;124990;8741519;23805647;85114;0;0;0;0;127394;2540321;0.241
1048576;29592;1319450;53523714;143659157;490670;0;0;0;0;1546689;14946288;1.315
4194304;35139;2164829;85516106;233352975;604062;0;0;0;0;2775026;21960317;2.318
1048576;39039;2313158;75896516;202483098;661022;0;0;0;0;2987941;20622966;1.761
4194304;923904;66366650;1711265913;4490956160;14899022;0;0;0;0;75132533;457183703;39.239
4194304;92886;25453730;447837083;1200481268;1759406;0;0;0;0;48812419;96420039;10.153
4194304;59346;14230447;277059030;746989375;1197002;0;0;0;0;27943926;61289314;6.435
4194304;61215;9799859;230287671;626100533;1204606;0;0;0;0;20622202;54045342;5.491
4194304;92367;21950221;413987309;1112311912;1842022;0;0;0;0;42806270;91676908;9.391
1048576;5764;598216;21082671;58101397;120982;0;0;0;0;1128662;5157524;0.555
262144;3344;79588;6478465;17788060;59394;0;0;0;0;93022;1853723;0.190
262144;9928;265046;16044033;43284142;166890;0;0;0;0;295332;4744177;0.402
262144;15476;277057;22451054;60496986;252242;0;0;0;0;213159;6923239;0.547
262144;21228;673087;33322679;89185655;349674;0;0;0;0;745432;9849591;0.797
262144;6798;363077;14393481;38798653;126134;0;0;0;0;561993;3962351;0.361
262144;31702;788495;46985298;125963037;523722;0;0;0;0;856669;14228065;1.097
4194304;16359;5630116;113121184;309108373;344802;0;0;0;0;11154266;23670952;2.872
4194304;824754;286551405;4171826330;10961270958;14433018;0;0;0;0;482842240;846974276;89.794
262144;418;19139;2230967;6421113;9158;0;0;0;0;25687;532611;0.106
1048576;33535;2245850;68420607;182461696;564522;0;0;0;0;2966226;18226283;1.735
4194304;7141;797936;41098154;116736865;147442;0;0;0;0;1518606;9333834;1.420
1048576;87696;2742275;134348691;359308490;1425406;0;0;0;0;2871891;39696685;9.075
262144;57392;3170983;98125198;258457711;934130;0;0;0;0;3346661;27392719;2.591
1048576;23976;2135266;58761324;157392262;426318;0;0;0;0;3300371;14998214;1.376
4194304;710430;139349066;2303086008;6008177354;12313798;0;0;0;0;202394702;513121757;50.008
1048576;182479;25314155;477766297;1249994612;3070922;0;0;0;0;35367405;113506998;10.451
262144;494;22549;2364762;6777140;10530;0;0;0;0;31159;571042;0.132
4194304;77430;17694703;344463006;927513183;1561002;0;0;0;0;34901485;76755879;7.915
262144;343;21088;2159830;6231701;8002;0;0;0;0;32690;503210;0.088
4194304;100500;5713918;195556444;523004683;1670618;0;0;0;0;6647799;52824595;4.749
4194304;54755;5457885;150871733;409128713;932638;0;0;0;0;9604419;37174311;3.787
4194304;33534;6248341;144570424;393171319;681802;0;0;0;0;12163780;33033650;3.625
262144;7719;278175;14367113;38858021;137726;0;0;0;0;408375;4123871;0.364
4194304;724055;143484621;2549765873;6750570530;13039622;0;0;0;0;246909497;575332365;55.100
262144;5781;211044;10796552;29225552;99874;0;0;0;0;276073;3066591;0.281
1048576;21112;719785;40665813;111497773;354858;0;0;0;0;1454701;11475502;0.997
1048576;10368;172603;19309204;53449989;169422;0;0;0;0;137564;5491695;0.546
1048576;531804;208036376;2970827502;7799069293;9816994;0;0;0;0;352342054;595698860;65.310
4194304;80592;13760499;261550950;690929547;1412838;0;0;0;0;20038124;59579021;6.106
262144;2720;182876;7127531;19493130;51254;0;0;0;0;298815;1863684;0.203
4194304;28512;2506709;86567130;237969550;506582;0;0;0;0;4431257;21307790;2.330
4194304;44544;10615697;212575933;574568351;900902;0;0;0;0;20712431;47045447;9.465
262144;4355;155388;8668019;23567550;79042;0;0;0;0;198393;2450380;0.235
4194304;20425;1222222;60453686;168270728;354610;0;0;0;0;2008729;15115669;1.799
1048576;102616;5483334;179729321;476212573;1689810;0;0;0;0;6404770;50068853;8.532
4194304;99588;17918886;355386611;953073402;1759510;0;0;0;0;32986598;80988008;8.115
4194304;374065;143008544;2234746392;5956403486;7422458;0;0;0;0;275290533;459778445;48.821
4194304;138572;51646117;837837681;2243914842;2768206;0;0;0;0;102020562;173693720;18.563
4194304;4740;143858;28717754;83638306;85590;0;0;0;0;190668;6526291;1.074
4194304;616;26003;22167905;66132559;11950;0;0;0;0;35834;4544075;0.909
4194304;25092;3118637;94680313;259928547;508822;0;0;0;0;5970341;22631341;2.494
1048576;3360;121548;11125447;31466833;62802;0;0;0;0;176694;2790889;0.360
1048576;125330;4983201;197505201;524167767;2025710;0;0;0;0;4912418;57259786;4.471
1048576;53878;3130768;101287763;269603855;899742;0;0;0;0;4000239;27704719;2.363
4194304;929196;374288315;4962971601;12851451955;16121750;0;0;0;0;561423742;967537284;108.446
4194304;91600;15413649;327542815;879309163;1777802;0;0;0;0;28657167;76374562;7.562
4194304;33930;6522909;147654930;401525098;679950;0;0;0;0;12741814;33486795;3.962
4194304;870320;195782665;2882593041;7412898192;14325642;0;0;0;0;251179003;616049602;59.093
4194304;2049;231274;27139008;79414548;47050;0;0;0;0;415383;5806987;1.142
1048576;82880;4336126;145781368;387214190;1366894;0;0;0;0;5190670;40617973;3.364
262144;43472;1462264;66573556;177331390;710822;0;0;0;0;1524620;19681405;1.568
4194304;585144;86888860;1726526426;4581340994;10330078;0;0;0;0;147924724;409057213;39.842
4194304;333888;106552157;1776931093;4752434111;6701702;0;0;0;0;210328451;377415987;37.973
262144;616;25777;2591275;7388278;13246;0;0;0;0;39929;638272;0.104
1048576;72500;2624342;117154426;312937101;1193522;0;0;0;0;2919253;34096369;2.699
262144;635;24344;2586981;7373413;13606;0;0;0;0;30576;643250;0.098
262144;180;13153;1843929;5384528;4718;0;0;0;0;15776;414752;0.086
262144;15215;427613;24785425;66729357;261870;0;0;0;0;546286;7371288;0.613
4194304;224900;82130900;1328246547;3554258025;4518174;0;0;0;0;162706774;276154604;28.727
1048576;77000;9690328;212038435;563748184;1390834;0;0;0;0;16307641;51739964;4.683
4194304;16392;2924470;77655856;214258211;306686;0;0;0;0;5519162;17390413;2.130
262144;11266;360125;18769367;50462862;191554;0;0;0;0;422461;5486864;0.463
4194304;117924;52461059;801603448;2143220383;2202334;0;0;0;0;101946351;160694576;17.240
1048576;102850;4554271;176462051;471207859;1712030;0;0;0;0;6059314;50358536;3.995
4194304;351832;52764621;1003560389;2641609457;6090162;0;0;0;0;79894486;235573779;21.987
262144;12672;736361;24749279;65981616;221434;0;0;0;0;978379;6797008;0.590
262144;70189;2541010;107296331;284727229;1137902;0;0;0;0;2483702;31607062;2.425
1048576;48416;1486604;77283988;207442260;792282;0;0;0;0;1627244;22697576;1.843
4194304;175015;99119463;1439758959;3846220209;3294606;0;0;0;0;194854990;280288462;31.183
262144;4323;327259;11248520;30485449;85154;0;0;0;0;573908;2951054;0.293
1048576;266149;20979077;508331222;1330164998;4313098;0;0;0;0;23630585;133724955;15.681
1048576;55327;1926075;94529345;255625165;908474;0;0;0;0;3227803;27354694;2.192
1048576;45925;3914594;96316817;253489419;757838;0;0;0;0;4543143;24831496;2.183
1048576;3800;266157;14016768;39193822;78158;0;0;0;0;470038;3464263;0.400
1048576;17980;2276124;55166725;148750000;327958;0;0;0;0;4105581;13320747;1.292
4194304;139392;22519425;428850185;1131950856;2442218;0;0;0;0;34081555;99079360;10.280
262144;3090;84378;6314720;17354230;55290;0;0;0;0;109414;1790692;0.184
262144;23184;380794;32526636;87598507;376774;0;0;0;0;304254;10132123;0.807
4194304;1550;36536;23289321;69120901;26190;0;0;0;0;28064;4911396;0.954
1048576;67896;4911777;128442494;337321284;1106826;0;0;0;0;5064195;34091283;2.922
262144;1660;43174;3888756;10850698;29086;0;0;0;0;43027;1050846;0.132
1048576;50731;2320929;90605429;242413531;850814;0;0;0;0;2980975;25584195;2.097
262144;22590;797531;36606886;97862342;378322;0;0;0;0;929015;10720433;0.857
4194304;237048;121823755;1766595653;4708616248;4325558;0;0;0;0;234748853;345752063;37.301
4194304;407640;210578892;2856608684;7497832036;7515174;0;0;0;0;359149414;549762237;60.223
4194304;468438;225011180;3038012813;7950012044;8409118;0;0;0;0;372886365;586714965;64.560
1048576;3969;377972;15316337;42631272;78326;0;0;0;0;667146;3687928;0.437
1048576;7982;488483;20679452;56915797;137954;0;0;0;0;775545;5302945;0.567
262144;8988;493318;17021175;45348450;154422;0;0;0;0;517585;4696684;0.420
1048576;39446;5701225;109673550;286538805;703006;0;0;0;0;7183295;26017281;2.609
1048576;149640;25554927;474368034;1251461345;2711494;0;0;0;0;41260119;110030050;10.711
1048576;1162;162400;9311728;26630659;29870;0;0;0;0;288839;2093968;0.306
1048576;433919;20716971;700282840;1848701567;7019014;0;0;0;0;21413940;199201775;15.616
4194304;1495690;449650852;6097915190;15662059686;24903022;0;0;0;0;603543726;1233389681;128.111
262144;1200;58289;3844902;10746127;25262;0;0;0;0;99111;993422;0.149
262144;1463;81676;4371061;12143303;28846;0;0;0;0;133800;1129246;0.138
262144;22327;758899;35688757;95323512;373014;0;0;0;0;830523;10501567;0.841
1048576;1782;201248;10714369;30389056;42890;0;0;0;0;361834;2485355;0.329
262144;5520;168849;9775492;26518116;93178;0;0;0;0;185219;2810555;0.263
4194304;6640;522260;36971728;105762141;136082;0;0;0;0;992734;8494896;1.232
262144;63558;2968847;104923480;277796837;1041542;0;0;0;0;3312306;29940055;2.448
1048576;81198;3769163;136041525;361135764;1323294;0;0;0;0;4047538;38527602;3.136
1048576;11628;779398;29527777;80657272;212174;0;0;0;0;1339901;7680005;0.736
1048576;2367;63020;9169205;26269858;44566;0;0;0;0;75752;2250742;0.302
4194304;63945;13830760;278824448;751798097;1289282;0;0;0;0;27106134;62689800;6.499
4194304;301400;43348409;801105122;2093151560;4993114;0;0;0;0;58094098;187929398;17.761
262144;4332;130482;8332873;22745799;76942;0;0;0;0;176086;2379664;0.228
4194304;121011;30026492;554864502;1488964069;2436002;0;0;0;0;58900766;122576286;12.586
4194304;8100;566476;39611955;112791065;165622;0;0;0;0;1045526;9305764;1.319
1048576;30789;3448603;85437760;229067427;569490;0;0;0;0;6042202;21228132;1.965
4194304;336138;42422959;816873955;2127366416;5602202;0;0;0;0;52047673;196386104;18.168
1048576;12597;399141;25646143;70297349;223238;0;0;0;0;541538;7162167;0.674
4194304;817904;320039129;5386739267;14629535342;15699930;0;0;0;0;734935690;1121635871;119.262
1048576;31122;1456213;59332978;159887852;535650;0;0;0;0;2107476;16496244;1.425
1048576;83220;7724778;178153481;467755004;1374926;0;0;0;0;9572612;45478772;3.992
262144;3666;208942;8143831;22037769;64790;0;0;0;0;269035;2180631;0.225
1048576;19099;1056418;39691093;107055062;328670;0;0;0;0;1443684;10686128;0.976
1048576;64736;16143974;291973203;781319929;1304942;0;0;0;0;31519471;64654160;6.486
262144;6888;203932;12044831;32633652;119230;0;0;0;0;246180;3499746;0.314
262144;6364;269339;11654452;31359784;107194;0;0;0;0;289709;3270577;0.303
4194304;10166;614957;41535205;117860863;186166;0;0;0;0;1048198;9903490;1.339
4194304;1098;275716;26391368;77416907;29362;0;0;0;0;531965;5453246;1.252
262144;4209;264885;10227684;27696300;82614;0;0;0;0;420410;2747455;0.374
4194304;241785;35931188;676810730;1780089195;3996262;0;0;0;0;52738531;158078758;15.066
262144;76296;4605649;134137468;352859985;1246162;0;0;0;0;5077458;36963114;3.001
262144;7228;328933;14108136;38054373;128642;0;0;0;0;467900;3947570;0.368
1048576;17784;864338;36636186;99335114;305998;0;0;0;0;1243801;9991140;0.915
262144;65886;3161548;108343086;286199713;1079478;0;0;0;0;3336018;30814519;2.422
262144;2480;90896;5768661;15865826;47414;0;0;0;0;130948;1585418;0.176
1048576;95758;5650346;168395162;443469519;1552562;0;0;0;0;5744582;46331196;3.765
262144;513;23438;2404419;6881559;10898;0;0;0;0;31602;583330;0.101
4194304;21546;2524661;82480878;227452885;437882;0;0;0;0;4880500;19700462;2.258
1048576;19584;407214;33215907;90753856;322890;0;0;0;0;485683;9733054;0.830
1048576;38745;2156209;73000044;194185065;660870;0;0;0;0;2338588;20107587;1.694
262144;1806;92280;4888654;13493489;34922;0;0;0;0;136147;1288687;0.150
1048576;1825;103414;9263269;26514465;38406;0;0;0;0;184057;2187167;0.288
4194304;220592;23833570;530829183;1405423992;3643830;0;0;0;0;35413712;131273874;11.871
262144;3196;78640;6262858;17203931;56914;0;0;0;0;86629;1784115;0.180
1048576;21720;1300040;46549536;125337250;384726;0;0;0;0;1872816;12505383;1.119
262144;267;13667;1960652;5696235;6290;0;0;0;0;14125;454153;0.099
1048576;5005;291058;15713132;43757779;98250;0;0;0;0;514526;3980186;0.449
1048576;8510;304407;18910042;52146943;145682;0;0;0;0;374558;5093366;0.540
1048576;15943;772953;33476661;90822410;278938;0;0;0;0;1081389;9105942;0.857
4194304;22468;3294324;92107311;252911853;449070;0;0;0;0;6308104;21410580;2.413
1048576;77407;8414718;185951699;489974363;1334438;0;0;0;0;11847864;46298026;4.093
4194304;121102;27008291;518601708;1392551845;2436122;0;0;0;0;53019988;116423120;11.507
262144;2584;65654;5327580;14703154;45562;0;0;0;0;72988;1493644;0.161
1048576;7959;358657;19628955;54148313;144370;0;0;0;0;540287;5200442;0.515
4194304;171190;50215994;868629132;2327157691;3440882;0;0;0;0;99079951;186815753;18.827
262144;8004;789362;20988947;56463657;145810;0;0;0;0;1403249;5317911;0.502
4194304;289224;79711934;1296263196;3431521019;5419266;0;0;0;0;139949259;276550695;28.038
262144;104544;2908304;151451697;403794873;1692822;0;0;0;0;2841180;45795208;3.490
1048576;3250;93803;10290027;29221826;56314;0;0;0;0;106318;2575327;0.317
1048576;9112;664114;24712754;67523230;167570;0;0;0;0;1072749;6315435;0.626
4194304;272376;37758754;725247060;1902329444;4597414;0;0;0;0;52642625;171729132;15.878
262144;180;10421;1769664;5186446;4130;0;0;0;0;10758;395466;0.080
4194304;3135;658448;33817239;97238595;69594;0;0;0;0;1253559;7184538;1.190
4194304;71118;14679403;295595434;796311961;1387970;0;0;0;0;28460444;66759050;6.800
262144;29240;1425352;49562799;131310818;484114;0;0;0;0;1538294;14021483;1.132
4194304;383568;68644352;1204664242;3161271979;6595306;0;0;0;0;104118031;273453943;26.037
1048576;836;27473;6682529;19598557;15370;0;0;0;0;30918;1480393;0.272
4194304;129731;2584811;197423278;533964835;2087566;0;0;0;0;1993322;59364089;4.837
1048576;3690;237896;13489870;37795069;75930;0;0;0;0;421764;3339632;0.496
262144;69192;2219287;103900532;276585329;1127186;0;0;0;0;2267833;30945773;2.444
4194304;199120;61130198;1039378232;2782644726;4000186;0;0;0;0;120563682;222018498;22.546
4194304;21231;3090091;87696464;240967977;421398;0;0;0;0;5823375;20395859;2.350
4194304;30360;3524425;107053120;293104307;614202;0;0;0;0;6783408;25933190;2.814
1048576;161352;5972143;251058301;667744981;2621562;0;0;0;0;6254180;73422591;5.669
4194304;197208;35689412;659194157;1745393091;3511130;0;0;0;0;58897383;150085404;14.583
1048576;26666;1209090;50875921;137089852;459302;0;0;0;0;1629442;14165333;1.220
262144;2128;107857;5750565;15840657;43882;0;0;0;0;187426;1533549;0.469
1048576;41360;2690837;87436653;234354809;737526;0;0;0;0;4229822;23530496;2.131
4194304;135542;21444164;437019101;1164970061;2470330;0;0;0;0;36950144;102196971;12.989
1048576;6405;214568;15813039;43979565;114106;0;0;0;0;283558;4205257;0.481
262144;42660;1477566;65474662;174048307;694510;0;0;0;0;1437850;19345261;1.495
4194304;2164302;1397765946;16043559336;40844709150;37289962;0;0;0;0;1914800575;2847758439;330.348
4194304;76840;19551101;363373950;978191658;1509694;0;0;0;0;38606852;79388593;8.122
4194304;183430;69699329;1120269930;2997472819;3689642;0;0;0;0;137465182;232011770;24.264
4194304;35802;2444137;94535004;258784365;646634;0;0;0;0;3965425;24193669;2.504
1048576;4617;310443;15463909;43056192;91834;0;0;0;0;547848;3861299;0.544
1048576;5735;287632;16069992;44659129;104594;0;0;0;0;462615;4130603;0.442
4194304;491106;269759883;3792689915;10062577109;9079418;0;0;0;0;504652012;734520593;79.117
4194304;1717;85073;24289378;71795260;31918;0;0;0;0;129398;5145195;1.013
1048576;29880;2360128;69902977;187365541;545482;0;0;0;0;3758453;18245046;1.620
4194304;45600;8190744;179461505;484227265;900238;0;0;0;0;14979398;41139412;4.327
1048576;41689;2625195;86481462;232175682;720642;0;0;0;0;4240889;23331593;1.990
4194304;248860;76304543;1292585186;3459045613;4997242;0;0;0;0;150563620;276188090;27.749
1048576;22880;1661176;51421732;138039262;398206;0;0;0;0;2417770;13489429;1.250
262144;15288;846028;27931224;74178167;255462;0;0;0;0;990512;7723217;0.656
262144;3487;180943;7918264;21596350;62890;0;0;0;0;273245;2141597;0.218
4194304;18270;1088055;57277014;159560134;338690;0;0;0;0;1692048;14325390;1.689
4194304;59940;12627337;252972400;680630228;1189558;0;0;0;0;23772827;56755558;11.024
262144;1350;46953;3702024;10343613;25498;0;0;0;0;61287;976901;0.126
4194304;95634;9811855;249785559;668491770;1712650;0;0;0;0;15659030;62374993;5.876
1048576;247408;20875233;503150845;1323888317;4060442;0;0;0;0;27286839;130850260;10.944
4194304;21150;3296696;91162052;250599303;429522;0;0;0;0;6426325;21054455;2.700
1048576;15776;505802;29335957;79832691;265474;0;0;0;0;569490;8254489;0.738
4194304;375063;62627716;1028113500;2647997341;6214346;0;0;0;0;72813567;233205837;22.204
1048576;15750;293390;26743714;73312152;256202;0;0;0;0;248102;7787630;0.766
1048576;10573;869652;30951283;84540292;214214;0;0;0;0;1643998;7909594;0.782
1048576;3690;210591;13248350;37168159;76362;0;0;0;0;375979;3310609;0.440
4194304;342;18395;21796496;65141599;7802;0;0;0;0;26684;4432494;1.024
4194304;2035;105936;25318784;74577381;42562;0;0;0;0;190166;5435124;0.995
4194304;9555;519121;39802654;113285186;178682;0;0;0;0;862460;9508352;1.460
1048576;88335;32697421;485667171;1279719330;1691294;0;0;0;0;56296238;98972284;10.378
1048576;11388;378564;23568404;64697497;197482;0;0;0;0;506352;6508110;0.620
4194304;14388;1263457;57020150;159328191;292602;0;0;0;0;2378818;13738398;1.722
4194304;74475;14969451;291996525;785731420;1311974;0;0;0;0;28415050;65285256;6.746
1048576;98550;4883663;166014661;439208862;1594610;0;0;0;0;5086809;46803210;5.976
1048576;50350;2822507;92295446;245368804;833682;0;0;0;0;3327682;25335440;2.130
1048576;22116;1048473;44350346;119768126;391002;0;0;0;0;1496857;12227191;1.087
1048576;42480;2532213;78845853;209094652;698002;0;0;0;0;2755399;21412082;1.815
262144;5916;184074;10666733;28872396;103466;0;0;0;0;208573;3081416;0.279
1048576;10850;648283;26680410;72975479;194850;0;0;0;0;1070271;6995991;0.683
262144;448;14289;2099281;6067774;8294;0;0;0;0;12385;499413;0.086
4194304;477282;70568238;1518125281;4092833486;8489446;0;0;0;0;146546263;361236755;33.133
1048576;8178;353948;19523455;53753049;146854;0;0;0;0;477521;5191487;0.529
262144;1895;88653;5070334;14010276;37870;0;0;0;0;126636;1359368;0.156
262144;556;26995;2685213;7636842;14254;0;0;0;0;34089;672281;0.102
1048576;22701;1590292;53753637;145281368;421414;0;0;0;0;2756882;14209748;1.307
262144;50232;1840778;78567020;209017206;823510;0;0;0;0;1989540;23046563;1.787
262144;5250;114006;8773109;23878803;86818;0;0;0;0;91386;2583925;0.244
262144;24909;1051381;42087279;112268937;418206;0;0;0;0;1316071;12084757;0.978
4194304;722064;191590840;2760980959;7133686547;12189394;0;0;0;0;265467413;575598838;58.514
4194304;24990;2041289;74897819;205620550;452658;0;0;0;0;3085635;18455096;2.088
262144;5880;278396;11631947;31369153;102914;0;0;0;0;373109;3219797;0.303
1048576;54600;968455;78895610;212985307;882246;0;0;0;0;819200;24205333;1.863
4194304;34617;8557684;171536078;464362710;691098;0;0;0;0;16427718;37522514;4.121
4194304;115632;31974272;570384505;1530605265;2326422;0;0;0;0;63107093;123655455;13.172
1048576;1043;57714;7601031;22066483;23066;0;0;0;0;97187;1723042;0.255
262144;12376;594817;22832541;61244385;210094;0;0;0;0;836643;6395797;0.549
4194304;667800;182635495;2563988416;6595285898;11189942;0;0;0;0;243066827;529503792;53.922
262144;2295;114199;5999805;16491304;46470;0;0;0;0;188910;1610676;0.221
262144;39168;1791943;66064909;175681778;649718;0;0;0;0;2212568;18826720;1.553
262144;1501;44843;3838235;10723418;27990;0;0;0;0;58688;1024183;0.134
262144;4230;84865;7408331;20299317;71718;0;0;0;0;86908;2160962;0.222
262144;6660;254993;12268121;33116448;115310;0;0;0;0;320642;3483749;0.399
4194304;6936;1756395;52583346;147373994;147782;0;0;0;0;3426672;11252999;1.571
4194304;413;22032;21965376;65594265;9602;0;0;0;0;32938;4482044;0.940
4194304;6120;509539;36048813;103230408;125510;0;0;0;0;940979;8228611;1.232
1048576;71989;8061760;194059212;519473150;1328510;0;0;0;0;14669226;48494705;4.344
1048576;111252;24237147;452745090;1210648552;2217850;0;0;0;0;47218045;102196211;9.883
262144;21100;861663;34068379;90569146;344282;0;0;0;0;840884;9813995;0.810
262144;7640;285195;13364780;35914833;127698;0;0;0;0;300641;3825773;3.670
4194304;28884;3917267;109694150;300026767;585002;0;0;0;0;7533794;26050830;2.884
262144;25256;789095;38716721;103313546;412066;0;0;0;0;766096;11506285;0.910
262144;21170;393917;30320627;81491015;345566;0;0;0;0;297391;9384183;0.730
4194304;26322;2216105;77432073;212459790;451614;0;0;0;0;3417360;19006128;2.155
4194304;7781;792824;42021932;119224089;161282;0;0;0;0;1504182;9654884;1.359
262144;1537;62655;4210396;11713259;29842;0;0;0;0;93337;1114861;0.138
1048576;14098;331219;26131394;71760578;236634;0;0;0;0;431096;7468108;0.692
1048576;348000;18152475;577111036;1519265406;5604090;0;0;0;0;18500785;162640411;13.041
4194304;482478;47878755;1114612478;2953597308;8083314;0;0;0;0;73876553;281920375;24.844
4194304;394400;208262991;3037708580;8098318142;7701006;0;0;0;0;405633327;597004340;65.777
1048576;62094;4714698;125602411;331945657;1036810;0;0;0;0;5903486;33102893;2.832
4194304;327405;19738444;596060249;1577343127;5379426;0;0;0;0;23308629;162761306;13.541
1048576;4750;301206;15215363;42343429;90958;0;0;0;0;492741;3813865;0.483
1048576;72375;5001447;144837314;384568992;1233158;0;0;0;0;6759554;38881449;3.267
4194304;800814;361539704;5464790475;14586048014;15719358;0;0;0;0;710990771;1100859877;121.188
262144;1236;38014;3333987;9345323;21998;0;0;0;0;35518;876502;0.114
262144;1908;52462;4414961;12255699;34878;0;0;0;0;56876;1210386;0.142
4194304;95142;9358196;226791780;601656079;1594066;0;0;0;0;12180916;56544774;11.068
1048576;376936;88298199;1419853283;3722439033;6746214;0;0;0;0;140484061;308780685;30.675
1048576;58546;2545703;98090564;261121947;952818;0;0;0;0;2651543;27920197;2.290
4194304;115740;35345806;611101640;1639406079;2331282;0;0;0;0;69914258;130431258;13.173
4194304;266256;75496494;1213107168;3211544753;4853502;0;0;0;0;132683405;257151260;25.633
4194304;4662;998954;40607082;115416259;106722;0;0;0;0;1953358;8752204;1.313
262144;7700;344506;14644384;39427869;134666;0;0;0;0;467882;4107742;0.408
1048576;14768;1227402;41395827;112478247;300302;0;0;0;0;2327229;10686817;4.385
1048576;6860;197623;15788192;43929734;116886;0;0;0;0;236386;4238039;0.488
262144;6804;391801;14467518;38898668;124358;0;0;0;0;569120;3949135;0.371
4194304;34840;6753962;152521868;414316879;708562;0;0;0;0;13126601;34688379;3.696
262144;18849;860994;32816314;87474450;316298;0;0;0;0;1047741;9327939;0.786
262144;5328;185366;9788242;26508912;91170;0;0;0;0;212436;2782810;0.266
4194304;3240;292288;29109397;84684108;64630;0;0;0;0;528031;6344917;1.082
4194304;453710;110759994;1900116803;5057721080;8355510;0;0;0;0;205283334;415132796;40.652
4194304;19136;2180747;74837093;207040251;388502;0;0;0;0;4225206;17824192;2.097
262144;493;22377;2376989;6808919;10694;0;0;0;0;30004;575840;0.096
4194304;66030;3258415;136219995;369604134;1118770;0;0;0;0;4680051;36857842;3.414
1048576;4140;154421;12616277;35515907;77258;0;0;0;0;252781;3218896;0.407
1048576;68060;5485264;139675530;368624930;1132954;0;0;0;0;6873459;36450315;3.109
1048576;37905;3047702;82426855;218934696;652594;0;0;0;0;4103974;21435477;1.886
4194304;460694;110344340;1907837291;5078299863;8522590;0;0;0;0;204568406;418588000;41.115
4194304;864552;167082936;2481158490;6323006392;13996746;0;0;0;0;183841914;543134146;52.397
262144;368;16643;2127967;6145589;8126;0;0;0;0;21664;502766;0.089
4194304;1198760;820867505;11144731315;29529696987;23258238;0;0;0;0;1536357602;2105977968;238.745
4194304;470304;67300946;1254113976;3277689799;7998930;0;0;0;0;92705427;295713097;27.110
262144;4080;193398;8962600;24291659;77902;0;0;0;0;255284;2479249;0.242
1048576;4998;529763;19207740;53090839;106202;0;0;0;0;1000848;4664782;0.522
4194304;59125;10294424;229487834;619985837;1192322;0;0;0;0;19961830;53364490;5.371
1048576;178365;13474341;345914158;910243204;2928810;0;0;0;0;16647295;91657317;7.605
262144;4972;123081;8883420;24226175;86574;0;0;0;0;140345;2585550;0.240
4194304;624674;383733243;5342941947;14167234514;12424782;0;0;0;0;718588751;1027795373;113.220
1048576;3000;288392;12897928;36209465;58522;0;0;0;0;514094;3051764;0.378
4194304;124982;12660193;306737055;816157767;2153174;0;0;0;0;18665098;76665842;7.049
4194304;195252;61209762;1017860570;2717502982;3851538;0;0;0;0;117372642;215936246;21.943
262144;7616;312911;14261457;38440198;134494;0;0;0;0;419782;4032818;0.422
4194304;315240;99297537;1684311108;4521131547;6251762;0;0;0;0;202741313;358737943;35.766
1048576;14658;416298;27997782;76590880;254454;0;0;0;0;525061;7933776;0.735
4194304;115444;7340243;244039168;656065671;2004406;0;0;0;0;11157964;65365363;5.838
1048576;40252;4055197;94327606;249500277;676074;0;0;0;0;5530560;23606354;2.337
1048576;776;40069;6949812;20326615;16650;0;0;0;0;64736;1540428;0.253
262144;5271;198081;9984075;27042588;91602;0;0;0;0;244458;2820409;0.267
1048576;6572;385739;18676083;51568748;126646;0;0;0;0;636219;4804737;0.514
4194304;612720;210475141;2889762869;7478778876;10798146;0;0;0;0;307770113;578186898;60.785
4194304;67718;21328160;374572332;1007189743;1370162;0;0;0;0;42008661;79681231;8.797
1048576;25754;3978886;87490757;234862838;498418;0;0;0;0;7362450;20741979;1.985
1048576;66767;5812726;142539790;376035728;1114934;0;0;0;0;7579143;36725588;3.195
4194304;417972;6777595;574777831;1547562448;6708506;0;0;0;0;5586208;179147031;13.345
262144;344;13641;2106089;6086155;8342;0;0;0;0;11033;504405;0.091
1048576;114458;16052825;335669932;893520460;2077046;0;0;0;0;28169366;80637945;7.348
4194304;2070;188332;26268069;77088672;42446;0;0;0;0;337598;5596477;1.032
1048576;8610;568371;24061535;65998630;170410;0;0;0;0;995271;6237900;0.631
1048576;12272;1196673;35181476;95616886;222518;0;0;0;0;2113861;8760388;0.855
4194304;211509;18403857;475041315;1263487253;3650670;0;0;0;0;27502736;122238436;10.798
4194304;315168;118563471;1767278647;4669881803;5849030;0;0;0;0;209050574;359455934;37.882
262144;4046;148665;8150204;22245199;71722;0;0;0;0;206084;2283672;0.229
4194304;163592;32250680;601218137;1604419021;2943042;0;0;0;0;58646752;135314679;16.805
1048576;24563;2271176;63285612;169605702;467330;0;0;0;0;3677661;16163691;1.493
1048576;23674;491213;38289434;104179684;389002;0;0;0;0;486828;11305184;0.945
4194304;570034;88709280;1604174861;4204654480;9489402;0;0;0;0;129685195;372066384;35.004
4194304;1800;156443;25477910;74942815;37722;0;0;0;0;252612;5405784;1.074
1048576;5460;271558;15887150;44162082;105082;0;0;0;0;436336;4095612;0.442
1048576;124389;15580295;346149045;923169320;2263110;0;0;0;0;27811259;84856369;7.948
4194304;77467;26252378;432637068;1158627534;1440138;0;0;0;0;50115254;89831916;10.026
4194304;80828;16514077;320550346;858295333;1554674;0;0;0;0;30000073;72081823;7.296
4194304;193602;28953515;599857310;1602620394;3438594;0;0;0;0;52148611;141588347;15.087
1048576;2080;94647;9521268;27239895;42962;0;0;0;0;175619;2288415;0.329
262144;9471;218876;15438733;41779886;163330;0;0;0;0;255298;4617487;0.445
262144;2860;105687;6301021;17281148;52898;0;0;0;0;148528;1738254;0.197
4194304;2240917;152122670;4017628934;10540371518;36255350;0;0;0;0;169168464;1083269255;88.045
1048576;30780;2177606;66373723;178150678;519534;0;0;0;0;3394266;17481008;1.565
4194304;87960;22174274;401970650;1075685541;1734398;0;0;0;0;41385017;87881876;9.042
262144;26520;843232;40881351;109106065;435998;0;0;0;0;860406;12119756;0.956
1048576;141614;2812830;197707129;529925630;2278478;0;0;0;0;2284489;61165405;4.529
1048576;94536;8005338;203256466;538680835;1598522;0;0;0;0;11685205;52747863;4.522
1048576;7140;507571;20631634;56731687;135066;0;0;0;0;837044;5229792;0.580
4194304;9200;1246121;49442911;139080327;189422;0;0;0;0;2421948;11209925;1.506
4194304;571960;78323137;1435912377;3730620145;9439850;0;0;0;0;98032491;340630868;31.034
4194304;172020;57358223;943556551;2521269899;3396470;0;0;0;0;110865033;198472883;20.615
4194304;314500;63472593;971108043;2496628701;5210434;0;0;0;0;76730446;211535529;25.348
1048576;21838;899870;39797090;107265705;360554;0;0;0;0;973230;11100314;0.984
4194304;105210;13959783;318382109;854616439;1911694;0;0;0;0;25165431;76513713;7.428
262144;440;19887;2279840;6551966;9826;0;0;0;0;23065;549769;0.138
1048576;81988;8484761;186371101;489160853;1391266;0;0;0;0;10922317;46649038;4.160
1048576;16280;618086;31932513;86838207;280770;0;0;0;0;811153;8892470;0.813
4194304;15476;1463423;61025238;170095757;315242;0;0;0;0;2802768;14656362;1.746
1048576;17017;1718347;45603982;121972306;319310;0;0;0;0;2438426;11441287;4.939
4194304;80028;10255870;238304340;638968522;1450442;0;0;0;0;17373114;57309572;5.637
1048576;6612;494317;19755796;54486915;122130;0;0;0;0;858680;4951628;0.522
262144;5775;128181;9632213;26164839;96654;0;0;0;0;104901;2849369;0.259
4194304;90479;19450212;384273840;1033632133;1823522;0;0;0;0;38119730;86693280;8.771
4194304;57882;5709783;157551866;427160309;980362;0;0;0;0;10106349;38915917;5.720
262144;3060;103383;6203144;16977876;53062;0;0;0;0;115232;1721247;0.223
1048576;59856;2869716;108792602;291174790;1019270;0;0;0;0;3963613;30596404;2.547
1048576;39168;3425247;84009083;221432328;648274;0;0;0;0;4053305;21514124;1.923
1048576;202566;4648113;285384734;762513308;3256610;0;0;0;0;3905575;87619829;6.488
4194304;472797;183204091;2949905589;7930645368;9109094;0;0;0;0;381837425;609692937;63.290
4194304;564928;58138541;1241945726;3249544492;9287478;0;0;0;0;72835354;311026165;27.205
1048576;111232;2715444;162029605;433915713;1794798;0;0;0;0;2582942;49201136;3.717
262144;70224;1784380;100428313;268164220;1135506;0;0;0;0;1655112;30580339;2.294
262144;6072;534620;15232859;40807341;114650;0;0;0;0;817668;3927849;0.391
1048576;22857;1263848;46235782;124504884;387062;0;0;0;0;1729561;12509818;1.120
4194304;24491;1008992;63569364;176783974;435766;0;0;0;0;1521248;16594705;3.876
4194304;171549;26816422;518570568;1369609487;3051026;0;0;0;0;41279492;120795370;11.634
262144;873;40500;3230245;9089954;19702;0;0;0;0;54288;830486;0.117
262144;10292;353997;17537036;47149328;174906;0;0;0;0;415520;5085728;0.436
4194304;202401;23713377;497075275;1306824192;3412094;0;0;0;0;31718477;121199013;11.240
4194304;1986354;495852705;7233089104;18713057504;32601698;0;0;0;0;695696650;1521598830;153.823
1048576;63772;12144441;226091314;600771978;1176062;0;0;0;0;21372859;51454334;5.011
262144;48620;1019982;68703186;184080625;790694;0;0;0;0;949640;21199795;1.586
262144;8366;156788;12889414;34957431;137638;0;0;0;0;132368;3892469;0.331
4194304;19092;2993734;84825500;233661705;391602;0;0;0;0;5841570;19534156;2.284
262144;14420;677216;26293673;70366382;247186;0;0;0;0;919789;7419668;0.629
1048576;10863;416145;24295421;66886550;194098;0;0;0;0;718410;6632463;0.637
4194304;180110;26026923;583906391;1578369878;3280074;0;0;0;0;54361716;139294957;13.177
4194304;2520;131790;26186805;76867509;50966;0;0;0;0;218021;5684273;1.029
4194304;4991;384994;32452882;93565729;97322;0;0;0;0;669978;7289704;1.133
262144;20384;384618;29347196;78964784;333746;0;0;0;0;319812;9052568;0.717
1048576;117520;7721183;220842198;583650560;1958414;0;0;0;0;9517872;59770787;4.940
1048576;4140;288602;13857152;38654792;74558;0;0;0;0;446502;3398975;0.442
4194304;132396;24805831;432663129;1136247445;2245574;0;0;0;0;36004728;96781300;12.777
4194304;98686;8044819;213485901;566734429;1621106;0;0;0;0;9449095;54834262;5.202
4194304;512988;101483890;1615035529;4187563039;8569382;0;0;0;0;136735630;356143668;34.388
262144;1134;62225;3816589;10658100;24222;0;0;0;0;102482;978906;0.161
1048576;123786;4228269;192303663;512960721;2019026;0;0;0;0;4611900;56602513;4.370
4194304;646380;278472685;4192545770;11158670886;12631058;0;0;0;0;533009198;846435048;86.761
1048576;33796;2414006;72036715;192212910;587818;0;0;0;0;3361874;19038451;1.924
4194304;3626;429152;31709424;91628429;78002;0;0;0;0;807258;6932712;1.097
4194304;566984;249450968;3824022991;10217083563;11369822;0;0;0;0;494693784;774355274;81.886
4194304;289992;108330574;1626019443;4308056127;5265630;0;0;0;0;195687787;330041021;36.512
1048576;44370;2244486;80451347;214478045;737378;0;0;0;0;2643565;22398196;1.871
1048576;4968;412396;17611236;48848733;103602;0;0;0;0;779298;4358720;0.506
1048576;2618;208984;11580773;32700430;53702;0;0;0;0;373956;2759180;0.340
4194304;511850;294480041;4028075530;10617786066;10000110;0;0;0;0;522705325;773983022;86.204
262144;210;12854;1861692;5432881;5042;0;0;0;0;15454;421064;0.088
4194304;16688;1813560;65386003;181628362;320402;0;0;0;0;3385127;15470132;1.880
4194304;89076;18137270;366575832;986267143;1796082;0;0;0;0;35449930;83436370;8.351
4194304;21420;5849806;122574476;334436337;441042;0;0;0;0;11558370;26394316;3.131
4194304;284310;76173031;1199549080;3150798817;5169074;0;0;0;0;123196748;254909776;25.821
4194304;22834;2443311;81858678;225362524;451190;0;0;0;0;4505455;19747386;2.251
4194304;529759;80910110;1415286744;3672901380;8792070;0;0;0;0;103056815;328285134;32.242
4194304;6930;397731;34808208;99839363;129202;0;0;0;0;653207;8069757;1.219
1048576;10249;685333;26254029;71754029;184662;0;0;0;0;1125406;6781942;0.663
1048576;72128;6268921;154486948;407960561;1210354;0;0;0;0;8358979;39855861;3.455
4194304;18360;3954524;93604429;256867126;355334;0;0;0;0;7637161;20613867;2.442
4194304;250560;15369323;469139002;1245214514;4168286;0;0;0;0;18867325;127487436;10.760
4194304;636042;61932409;1394217212;3670968872;10536226;0;0;0;0;85252972;352521612;30.403
4194304;52938;14163287;229428723;602004460;967822;0;0;0;0;20137621;48172929;5.917
1048576;3360;173817;11733120;33015756;63858;0;0;0;0;253143;2899897;0.369
1048576;4590;107672;11945246;33647353;76994;0;0;0;0;100954;3118168;0.396
4194304;1063413;80479437;1963903133;5123419442;17094914;0;0;0;0;82045113;520889268;43.219
4194304;222720;53027695;941471336;2511527819;4257146;0;0;0;0;99276685;207414723;22.486
1048576;32256;2161949;72551515;195578689;591982;0;0;0;0;3760419;19390885;1.713
4194304;149602;13581638;358198368;957653559;2640426;0;0;0;0;21893537;91439589;10.372
1048576;1824;97913;9040357;25878240;37150;0;0;0;0;151229;2133847;0.284
4194304;1914;100939;25086706;73954013;40122;0;0;0;0;180366;5367948;0.971
1048576;170373;39986693;656048460;1725724856;3081826;0;0;0;0;65517988;143199760;14.127
262144;38129;862605;54904215;147140253;622366;0;0;0;0;859866;16801352;1.534
4194304;267748;31575280;643542236;1684772174;4506386;0;0;0;0;40662212;156666340;14.272
4194304;365893;125498897;1992168936;5305823148;7030318;0;0;0;0;238389382;414809153;42.291
262144;16324;494058;25651879;68775805;268562;0;0;0;0;527973;7590550;0.615
1048576;693;28736;6683129;19605630;14830;0;0;0;0;42002;1474090;0.238
1048576;11696;631372;26980877;73555657;209114;0;0;0;0;931672;7161061;0.710
262144;1320;29266;3293637;9265556;22598;0;0;0;0;23017;878469;0.120
1048576;22785;501308;36937108;100234409;370098;0;0;0;0;388164;10899142;0.929
4194304;176790;60470737;1000028110;2677077933;3556682;0;0;0;0;119298126;210236204;21.996
262144;16450;620978;26748962;71387944;270398;0;0;0;0;647098;7745110;0.647
1048576;36729;3121254;79598288;210445871;619598;0;0;0;0;3833257;20507224;1.853
4194304;11739;1411712;53564511;150018522;222122;0;0;0;0;2571120;12354549;1.632
1048576;185999;4347961;264354762;707249080;2998510;0;0;0;0;4044833;80848388;9.024
262144;5954;184122;10778861;29167365;104518;0;0;0;0;204827;3123615;0.280
1048576;107143;7738936;203196289;533952413;1752042;0;0;0;0;8722026;54159195;4.521
4194304;567490;117263862;1873132817;4879965620;9479142;0;0;0;0;168605525;410620495;41.575
1048576;191400;13242641;357773399;942422398;3138498;0;0;0;0;15992183;96156114;7.957
1048576;13392;1236054;38568788;104599672;265562;0;0;0;0;2210471;9784287;0.950
4194304;577582;173360714;2488115302;6464188699;9968586;0;0;0;0;257828015;510845309;53.400
4194304;224257;41991801;728831786;1912173006;3884038;0;0;0;0;62713328;163807427;16.162
262144;24265;1034030;40576814;108030076;404142;0;0;0;0;1192841;11642612;0.944
1048576;41650;2638031;85353433;229303675;701230;0;0;0;0;4297836;22922822;1.997
4194304;56724;9012450;208711907;564158565;1132318;0;0;0;0;17276336;49017734;4.990
1048576;4444;411583;16875393;46865623;93382;0;0;0;0;773791;4119563;0.459
4194304;530072;138312360;2218265339;5857177664;9431690;0;0;0;0;237418738;473759985;46.711
4194304;73005;13309876;285573796;770168165;1472562;0;0;0;0;26048624;65969298;6.483
1048576;21000;1372550;45124294;121115388;360150;0;0;0;0;1856245;11952740;1.164
4194304;2290121;472046326;6812143849;17337275211;37203482;0;0;0;0;527211102;1469712335;141.193
1048576;16280;6140484;103359055;277655363;342302;0;0;0;0;12079464;21553178;2.344
4194304;3256;286977;29346449;85320753;68542;0;0;0;0;529196;6426486;1.042
262144;3013;61122;5641593;15552016;50730;0;0;0;0;49765;1615210;0.177
262144;20862;590089;32832595;88067093;351566;0;0;0;0;670803;9822679;0.787
1048576;148180;18395788;356357371;929128418;2442318;0;0;0;0;23401001;86235181;7.697
1048576;1380;68153;8196590;23659007;29402;0;0;0;0;115903;1901521;0.286
262144;744;57108;3221015;9055572;16854;0;0;0;0;92297;790563;0.117
4194304;185736;76776902;1208201503;3233685143;3736142;0;0;0;0;152445419;246644391;26.091
1048576;36300;2053105;73216054;196968151;633246;0;0;0;0;3187945;19985036;1.695
4194304;37842;1825416;89381474;245595585;667154;0;0;0;0;2908846;23677272;2.431
1048576;19162;3688170;77300528;208431819;390322;0;0;0;0;7265695;17708117;1.754
4194304;18283;1566313;64969629;180582703;354974;0;0;0;0;2912514;15815996;3.844
4194304;182095;50978367;854974513;2273704397;3509302;0;0;0;0;92796503;183586461;21.388
1048576;65;7532;5484668;16400477;1682;0;0;0;0;9344;1112282;1.956
4194304;35092;4511635;124900880;340578742;705450;0;0;0;0;8618000;29954452;3.160
1048576;1470;85768;8358202;24075720;29242;0;0;0;0;142566;1923591;0.274
1048576;9063;407827;21824260;59988402;168118;0;0;0;0;629079;5833730;0.588
4194304;32656;3717289;107748858;294330910;607170;0;0;0;0;6730546;25972203;2.776
262144;26772;1021249;42619019;113271759;438310;0;0;0;0;1007298;12426992;1.007
4194304;102960;24148845;404882043;1069023190;1781198;0;0;0;0;38525450;87392466;9.075
4194304;619040;184498864;2519405902;6472604968;10330458;0;0;0;0;246444551;510696755;53.319
4194304;95580;27715625;491214550;1318599777;1931482;0;0;0;0;54434594;105929212;11.052
1048576;2016;51037;8316477;23962310;34714;0;0;0;0;49796;1991747;0.288
1048576;273460;35810734;644752061;1662684501;4446754;0;0;0;0;39982788;154144383;13.810
4194304;62274;4632857;144628438;388950976;1078326;0;0;0;0;6276696;37282461;3.702
1048576;1184;414797;12798149;35930117;35582;0;0;0;0;803852;2744366;0.377
4194304;743820;97900317;1761163752;4543631575;12032870;0;0;0;0;109158678;420131563;38.095
4194304;85120;15893051;316589316;847961024;1588070;0;0;0;0;28709974;72100891;10.278
1048576;7047;640249;22097841;60491818;135478;0;0;0;0;1039478;5481324;0.739
1048576;133577;29460598;485535579;1277482132;2287374;0;0;0;0;47913457;106278469;13.918
4194304;1625595;969343466;13581556847;36165573720;29288078;0;0;0;0;1878339525;2609825613;287.130
4194304;16459;374276;45115342;127596960;278318;0;0;0;0;441402;11643251;1.447
262144;1260;28789;3260949;9183380;22186;0;0;0;0;27490;865729;0.122
262144;732;21552;2652258;7542691;14778;0;0;0;0;17715;675283;0.105
4194304;471086;180357155;2750450742;7330461319;8425302;0;0;0;0;346483200;558939041;58.876
4194304;7275;714127;39733120;113074082;143446;0;0;0;0;1320243;9063030;1.318
262144;80868;3749304;131104494;346508891;1316082;0;0;0;0;3939061;37469153;3.016
4194304;200;12879;21525136;64416335;4922;0;0;0;0;17464;4352226;0.923
4194304;166991;3250230;247287984;667400833;2685454;0;0;0;0;2527234;75040575;6.024
262144;16848;837668;29408238;78078124;281874;0;0;0;0;881836;8267862;0.695
4194304;13776;1241946;55025360;154008683;269842;0;0;0;0;2311270;13129152;1.648
262144;1507;68225;4295980;11945490;30110;0;0;0;0;105905;1131038;0.206
4194304;496;24668;22065485;65857682;10574;0;0;0;0;34668;4512044;0.898
1048576;192276;23113203;472233826;1239565223;3274834;0;0;0;0;32650184;115456178;10.335
262144;18297;1256817;38111969;101769931;318062;0;0;0;0;1980900;10248282;0.883
4194304;2864;206096;27851428;81345427;61202;0;0;0;0;381075;6082741;1.025
4194304;2464;110997;25909627;76156565;50262;0;0;0;0;180965;5632531;0.983
1048576;60912;3433271;110887334;294454050;1010346;0;0;0;0;4080666;30481798;2.593
4194304;131454;13183067;333362517;891047772;2352370;0;0;0;0;21390495;83901006;7.729
4194304;48685;4415202;136807528;371556767;912658;0;0;0;0;7752589;34400257;3.455
262144;5307;298057;11417832;30788805;96070;0;0;0;0;423684;3103983;0.298
4194304;46500;7636270;179581768;486904163;940002;0;0;0;0;14882598;41936798;4.312
1048576;444270;7930526;600727707;1608991504;7130118;0;0;0;0;6370879;188322723;13.619
4194304;195762;59927020;980398766;2618144956;3537090;0;0;0;0;114541178;206308122;22.083
1048576;8957;607616;24947931;68393167;175754;0;0;0;0;1075638;6454945;0.683
262144;16426;703068;28943100;77451359;282606;0;0;0;0;929301;8262472;0.723
1048576;43326;5634418;131209466;351544986;841890;0;0;0;0;10413717;32103455;2.941
262144;15436;415124;23745134;63717030;254338;0;0;0;0;403841;7098073;0.576
1048576;49000;3636871;100727394;267024841;832370;0;0;0;0;4687049;26591897;5.726
4194304;43955;6586348;151320092;409870094;754054;0;0;0;0;11881277;35016916;6.392
1048576;9396;502868;23665358;64930244;177222;0;0;0;0;829633;6250697;0.642
4194304;75235;15801128;318562256;858281569;1516162;0;0;0;0;31078070;71942184;7.190
262144;34606;1204841;53713111;142983954;568230;0;0;0;0;1224217;15812333;1.239
1048576;150528;23636901;463636582;1227796990;2780958;0;0;0;0;39621832;109400009;12.130
4194304;482109;273051020;3648084832;9563748101;9341954;0;0;0;0;464221380;694420114;77.069
1048576;315153;21062642;556986658;1455922506;5078314;0;0;0;0;20876429;151006123;12.226
1048576;23895;2361041;68004108;183606126;483466;0;0;0;0;4510912;17319330;1.585
1048576;336323;93458276;1509269673;3989859350;6380102;0;0;0;0;163768487;324147687;32.146
262144;58890;1744749;88218991;235328641;966390;0;0;0;0;1813697;26478989;2.012
262144;1260;36391;3325513;9335801;22058;0;0;0;0;36737;874657;0.118
4194304;71120;11128432;238397586;639748788;1279606;0;0;0;0;19547708;55459387;6.001
262144;438;15056;2116586;6111950;8370;0;0;0;0;11078;506302;0.088
1048576;62208;3147675;110387467;293689994;1030114;0;0;0;0;3756489;30832848;2.522
1048576;3712;249920;13440960;37667220;73298;0;0;0;0;437581;3304423;0.394
4194304;1378120;157976107;3116122500;8111693746;22392614;0;0;0;0;193809444;765241849;67.392
1048576;16848;1164103;41006224;111105661;314122;0;0;0;0;1971187;10781779;0.994
262144;8349;176301;13215909;35824513;139642;0;0;0;0;170739;3959938;0.348
1048576;42504;8441183;164402708;440629182;821486;0;0;0;0;16235690;37488059;3.627
4194304;146982;42483435;730310668;1952798487;2920282;0;0;0;0;81733850;156767650;17.349
1048576;22875;2062708;57747873;155097448;413870;0;0;0;0;3370126;14728514;1.381
262144;725;30788;2736205;7764642;14586;0;0;0;0;40994;680913;0.106
4194304;1086180;318499000;4962374376;13149703141;18308854;0;0;0;0;573416820;1039066634;106.165
1048576;11748;855893;31045674;84509676;225258;0;0;0;0;1458413;8030889;0.771
1048576;8474;315390;19130214;52712753;147574;0;0;0;0;389551;5145182;0.515
1048576;1702;78923;8654373;24896113;34046;0;0;0;0;132976;2035464;0.341
4194304;9600;1289209;50750494;142541851;200202;0;0;0;0;2481518;11576950;1.573
1048576;639;56531;7131370;20805120;16706;0;0;0;0;97283;1567944;0.239
1048576;9280;828536;26441604;72197159;163870;0;0;0;0;1397595;6565766;0.663
4194304;533127;235521966;3541071614;9431760311;10407554;0;0;0;0;453538191;712826928;75.412
262144;19250;1298117;37730885;99980919;326794;0;0;0;0;1663383;10172778;1.209
4194304;65964;7514404;191443352;515167804;1211882;0;0;0;0;12680859;46903687;4.681
262144;13114;327070;20458051;55088751;219178;0;0;0;0;348083;6126552;0.522
4194304;581632;124710176;1840372360;4713579719;9750890;0;0;0;0;149521394;395532714;38.143
1048576;66250;4614116;124186484;326242121;1075202;0;0;0;0;4751575;33207466;3.749
262144;2664;64406;5635775;15524070;49978;0;0;0;0;61027;1604585;0.166
4194304;891902;557623865;7893946424;21027052567;17782850;0;0;0;0;1087080782;1522786466;179.009
262144;222;17338;1955357;5682606;5738;0;0;0;0;24100;443373;0.104
4194304;121275;24837726;461335414;1234427734;2118298;0;0;0;0;45902395;102862869;10.219
1048576;10260;536749;24240106;66503611;178718;0;0;0;0;867927;6402668;0.641
1048576;820;41955;7033299;20543792;17550;0;0;0;0;68156;1564218;0.255
1048576;12276;549436;25890092;70463341;210878;0;0;0;0;658100;7007409;0.691
1048576;20025;783715;37860061;102539199;341034;0;0;0;0;1003711;10590478;0.935
1048576;2016;47086;8321540;23981088;35282;0;0;0;0;40274;2002828;0.296
1048576;33143;1688335;63355640;169813226;569018;0;0;0;0;2211787;17520595;1.494
4194304;577668;99768270;1743646125;4567228583;9851322;0;0;0;0;148115616;397380619;37.418
1048576;12549;776402;29654559;80573372;223786;0;0;0;0;1155431;7790358;2.443
4194304;94326;31260329;518107715;1386623233;1804718;0;0;0;0;59886405;108374281;13.816
262144;5882;109892;9536688;25975541;97538;0;0;0;0;89578;2845372;0.258
262144;8554;321995;14749360;39602351;143126;0;0;0;0;340160;4220173;0.372
4194304;139120;21274431;434437874;1158967844;2437110;0;0;0;0;36701057;101724366;9.672
1048576;272853;22385223;548564014;1443556556;4519530;0;0;0;0;29085439;143349457;11.966
4194304;93340;19332477;357513717;951777024;1709502;0;0;0;0;33101675;79795879;8.028
1048576;182400;11784941;321015606;840662744;2943182;0;0;0;0;11591400;87364671;7.067
1048576;111815;3452367;173438259;464179750;1826570;0;0;0;0;4125805;51524796;4.065
1048576;18025;1745747;46491675;124611912;317594;0;0;0;0;2607025;11655020;1.112
1048576;24465;695762;41370443;112101265;404166;0;0;0;0;769418;11970496;1.035
4194304;24523;2963096;91949532;252756205;496802;0;0;0;0;5724772;21997874;2.442
4194304;50250;14669861;262398526;707278745;927298;0;0;0;0;28562402;55677028;6.030
262144;18752;824851;32246945;86027975;315538;0;0;0;0;1003709;9185044;0.753
