4194304;562116;0;273250290;751335845;0;0;0;0;0;0;0;7.128
4194304;208670;0;69265494;194768770;0;0;0;0;0;0;0;1.495
4194304;2958;0;21889217;65424395;0;0;0;0;0;0;0;0.785
1048576;138188;0;14800926;41835928;0;0;0;0;0;0;0;0.300
4194304;46375;0;31922052;92809001;0;0;0;0;0;0;0;0.871
4194304;34965;0;66691444;187738128;0;0;0;0;0;0;0;1.399
262144;34730;0;4912868;13786819;0;0;0;0;0;0;0;0.113
1048576;191048;0;11139310;31843409;0;0;0;0;0;0;0;0.261
262144;9492;0;3666763;10381683;0;0;0;0;0;0;0;0.098
4194304;1571616;0;1030598242;2819037921;0;0;0;0;0;0;0;14.766
4194304;69201;0;34421970;99628667;0;0;0;0;0;0;0;0.912
4194304;1863999;0;58928295;166537520;0;0;0;0;0;0;0;1.278
4194304;985180;0;92101421;257074848;0;0;0;0;0;0;0;1.756
4194304;372368;0;218099254;601069042;0;0;0;0;0;0;0;3.494
1048576;82093;0;54654180;150622004;0;0;0;0;0;0;0;0.850
262144;1443;0;1435369;4294571;0;0;0;0;0;0;0;0.081
1048576;70684;0;5756445;17153164;0;0;0;0;0;0;0;0.174
1048576;109779;0;65666551;180670315;0;0;0;0;0;0;0;1.003
4194304;32548;0;28065621;82230104;0;0;0;0;0;0;0;0.806
4194304;633024;0;362469729;995197815;0;0;0;0;0;0;0;5.477
4194304;778008;0;581940863;1593875167;0;0;0;0;0;0;0;8.687
262144;5024;0;3136126;8933560;0;0;0;0;0;0;0;0.086
1048576;58375;0;6986938;20509341;0;0;0;0;0;0;0;0.202
4194304;147404;0;74421800;208809168;0;0;0;0;0;0;0;1.522
1048576;67257;0;10176819;29219331;0;0;0;0;0;0;0;0.264
4194304;22742;0;29759867;86881252;0;0;0;0;0;0;0;0.861
1048576;59906;0;7669695;22372391;0;0;0;0;0;0;0;0.207
262144;131544;0;4466993;12571178;0;0;0;0;0;0;0;0.106
1048576;11550;0;8485005;24594846;0;0;0;0;0;0;0;0.240
1048576;7293;0;7352431;21503286;0;0;0;0;0;0;0;0.440
262144;135137;0;3548188;10059214;0;0;0;0;0;0;0;0.104
262144;35650;0;3755725;10625164;0;0;0;0;0;0;0;0.139
4194304;352;0;21558924;64532960;0;0;0;0;0;0;0;0.846
1048576;7200;0;8520347;24668128;0;0;0;0;0;0;0;0.241
1048576;21583;0;6016572;17858622;0;0;0;0;0;0;0;0.233
1048576;13056;0;7672401;22376224;0;0;0;0;0;0;0;0.189
1048576;18032;0;13940274;39480539;0;0;0;0;0;0;0;0.302
4194304;106434;0;45717585;130316681;0;0;0;0;0;0;0;1.123
4194304;828520;0;543246414;1488252639;0;0;0;0;0;0;0;7.985
4194304;198918;0;63832372;179810260;0;0;0;0;0;0;0;1.330
1048576;173910;0;64873494;178358368;0;0;0;0;0;0;0;0.994
262144;904;0;1802060;5294529;0;0;0;0;0;0;0;0.069
262144;43507;0;3085133;8795942;0;0;0;0;0;0;0;0.086
1048576;44392;0;6582556;19404659;0;0;0;0;0;0;0;0.186
1048576;4238;0;6399860;18907257;0;0;0;0;0;0;0;0.187
1048576;146016;0;26300593;73230699;0;0;0;0;0;0;0;0.454
4194304;98010;0;59115831;166906823;0;0;0;0;0;0;0;2.276
262144;2831;0;2322319;6714888;0;0;0;0;0;0;0;0.075
4194304;31006;0;26251795;77277231;0;0;0;0;0;0;0;0.800
4194304;52854;0;65983116;185792606;0;0;0;0;0;0;0;1.391
1048576;33726;0;14098256;39876144;0;0;0;0;0;0;0;0.288
4194304;547824;0;266248427;731751036;0;0;0;0;0;0;0;4.167
1048576;18060;0;11235028;32104295;0;0;0;0;0;0;0;0.248
4194304;51975;0;21972127;65662253;0;0;0;0;0;0;0;0.778
4194304;262561;0;59066661;166821338;0;0;0;0;0;0;0;1.309
4194304;17523;0;31563011;91819163;0;0;0;0;0;0;0;0.917
1048576;76632;0;40905688;113016091;0;0;0;0;0;0;0;0.662
4194304;261800;0;70790883;198915130;0;0;0;0;0;0;0;1.485
1048576;75582;0;40475695;111909403;0;0;0;0;0;0;0;0.651
1048576;249148;0;35286508;97743655;0;0;0;0;0;0;0;0.580
4194304;314580;0;152942183;422741020;0;0;0;0;0;0;0;2.628
1048576;9520;0;14055139;39800920;0;0;0;0;0;0;0;0.290
4194304;138264;0;33179541;96251367;0;0;0;0;0;0;0;0.909
4194304;1184688;0;101054665;281480280;0;0;0;0;0;0;0;1.861
262144;10412;0;4164500;11743695;0;0;0;0;0;0;0;0.317
262144;9823;0;2249955;6519699;0;0;0;0;0;0;0;0.098
1048576;2064;0;6657058;19603371;0;0;0;0;0;0;0;0.210
4194304;3002;0;21935146;65551727;0;0;0;0;0;0;0;0.761
262144;30226;0;6968001;19395924;0;0;0;0;0;0;0;0.255
262144;5966;0;2481543;7150558;0;0;0;0;0;0;0;0.108
4194304;180010;0;66232665;186435015;0;0;0;0;0;0;0;1.365
1048576;149720;0;54969397;151484681;0;0;0;0;0;0;0;0.862
262144;3440;0;3127749;8908712;0;0;0;0;0;0;0;0.088
4194304;17184;0;36499004;105316833;0;0;0;0;0;0;0;0.989
4194304;3420;0;25630385;75645111;0;0;0;0;0;0;0;0.830
4194304;445086;0;56638322;160298072;0;0;0;0;0;0;0;1.234
1048576;720;0;5578435;16663535;0;0;0;0;0;0;0;0.181
1048576;329;0;5514773;16487494;0;0;0;0;0;0;0;0.167
4194304;115973;0;43337508;123966409;0;0;0;0;0;0;0;1.075
1048576;57630;0;12775319;36308605;0;0;0;0;0;0;0;0.295
1048576;15141;0;9107912;26294449;0;0;0;0;0;0;0;4.172
4194304;876360;0;399820067;1096122350;0;0;0;0;0;0;0;5.996
1048576;272238;0;24542436;68417696;0;0;0;0;0;0;0;0.433
1048576;63845;0;16832967;47372719;0;0;0;0;0;0;0;0.354
4194304;58904;0;39862872;114439161;0;0;0;0;0;0;0;1.061
4194304;46736;0;33421263;96829934;0;0;0;0;0;0;0;0.978
262144;1616;0;3129162;8915445;0;0;0;0;0;0;0;0.102
1048576;48180;0;7036563;20642280;0;0;0;0;0;0;0;0.249
1048576;25038;0;11186407;31964873;0;0;0;0;0;0;0;0.259
4194304;487509;0;415389355;1139465569;0;0;0;0;0;0;0;6.311
1048576;1173;0;6949956;20405627;0;0;0;0;0;0;0;0.210
262144;1196;0;2780184;7962946;0;0;0;0;0;0;0;0.105
4194304;45878;0;53053991;150462214;0;0;0;0;0;0;0;1.230
1048576;236466;0;61850117;170103799;0;0;0;0;0;0;0;0.968
4194304;11736;0;30219629;88154354;0;0;0;0;0;0;0;0.910
1048576;2035;0;6621486;19500253;0;0;0;0;0;0;0;0.182
262144;2142;0;2296323;6641496;0;0;0;0;0;0;0;0.075
262144;14212;0;4333991;12203255;0;0;0;0;0;0;0;0.107
4194304;371008;0;134929519;373414250;0;0;0;0;0;0;0;2.411
1048576;3852;0;5602401;16731060;0;0;0;0;0;0;0;0.172
1048576;2844;0;6798309;19991807;0;0;0;0;0;0;0;0.190
4194304;89900;0;36114256;104088876;0;0;0;0;0;0;0;2.414
4194304;56;0;21123727;63344460;0;0;0;0;0;0;0;0.719
4194304;426491;0;201465955;555480344;0;0;0;0;0;0;0;3.324
4194304;90440;0;43441446;124246443;0;0;0;0;0;0;0;1.068
4194304;1978424;0;2186623382;5975083708;0;0;0;0;0;0;0;31.381
1048576;18450;0;5380873;16121949;0;0;0;0;0;0;0;0.195
262144;3276;0;2580706;7417251;0;0;0;0;0;0;0;0.081
1048576;50042;0;22744804;63471495;0;0;0;0;0;0;0;0.406
4194304;207592;0;114760670;318914021;0;0;0;0;0;0;0;2.049
1048576;1800;0;6622766;19512988;0;0;0;0;0;0;0;0.213
1048576;12768;0;9809295;28210139;0;0;0;0;0;0;0;0.255
4194304;587250;0;311766054;856422852;0;0;0;0;0;0;0;4.982
1048576;385480;0;35694976;98861290;0;0;0;0;0;0;0;0.613
4194304;12808;0;28877069;84496869;0;0;0;0;0;0;0;0.915
1048576;372;0;5888151;17507039;0;0;0;0;0;0;0;0.204
262144;102026;0;3545380;10052990;0;0;0;0;0;0;0;0.097
1048576;189;0;5509912;16476722;0;0;0;0;0;0;0;0.160
1048576;19470;0;14770397;41737994;0;0;0;0;0;0;0;0.299
1048576;16102;0;9451806;27235332;0;0;0;0;0;0;0;0.236
4194304;708758;0;164809365;455459421;0;0;0;0;0;0;0;2.816
262144;1768;0;2242866;6496765;0;0;0;0;0;0;0;0.089
1048576;266552;0;134311950;367953965;0;0;0;0;0;0;0;2.376
262144;21970;0;2331996;6742893;0;0;0;0;0;0;0;0.077
4194304;62900;0;32949389;95614851;0;0;0;0;0;0;0;0.886
1048576;45800;0;19992035;56006587;0;0;0;0;0;0;0;0.378
4194304;33915;0;28874936;84445657;0;0;0;0;0;0;0;0.863
4194304;294978;0;113620686;315702412;0;0;0;0;0;0;0;2.085
1048576;3052;0;6167899;18263928;0;0;0;0;0;0;0;0.171
4194304;288477;0;81567419;227987010;0;0;0;0;0;0;0;1.598
1048576;41402;0;25882349;72078857;0;0;0;0;0;0;0;0.460
262144;2552;0;1902760;5570790;0;0;0;0;0;0;0;0.336
4194304;949164;0;403857719;1108142240;0;0;0;0;0;0;0;6.180
262144;8742;0;1966830;5744814;0;0;0;0;0;0;0;0.421
4194304;428753;0;81011981;226806253;0;0;0;0;0;0;0;1.776
1048576;192153;0;8910978;25760904;0;0;0;0;0;0;0;0.238
1048576;130950;0;11680923;33324526;0;0;0;0;0;0;0;0.288
1048576;53546;0;6487615;19149350;0;0;0;0;0;0;0;0.181
1048576;1456;0;5924368;17603254;0;0;0;0;0;0;0;3.269
4194304;166912;0;68995555;194017891;0;0;0;0;0;0;0;1.435
1048576;462;0;5907804;17560390;0;0;0;0;0;0;0;0.172
1048576;1908;0;5991049;17782413;0;0;0;0;0;0;0;0.166
262144;9729;0;1535834;4567690;0;0;0;0;0;0;0;0.065
262144;1962;0;2258722;6539477;0;0;0;0;0;0;0;0.075
1048576;61588;0;5409164;16202435;0;0;0;0;0;0;0;0.161
1048576;23023;0;16741512;47102315;0;0;0;0;0;0;0;0.369
1048576;22382;0;16812332;47302261;0;0;0;0;0;0;0;0.332
1048576;64001;0;9889384;28432993;0;0;0;0;0;0;0;0.241
4194304;525915;0;182866843;504276763;0;0;0;0;0;0;0;3.023
4194304;188928;0;168789984;466466698;0;0;0;0;0;0;0;2.792
1048576;3780;0;6967159;20451354;0;0;0;0;0;0;0;0.187
262144;30240;0;7931864;22024461;0;0;0;0;0;0;0;0.184
1048576;3222;0;7309456;21389267;0;0;0;0;0;0;0;0.188
1048576;158950;0;15040603;42458144;0;0;0;0;0;0;0;0.297
1048576;1184;0;5853107;17410744;0;0;0;0;0;0;0;3.139
1048576;14520;0;8751213;25294989;0;0;0;0;0;0;0;0.208
4194304;315582;0;264950087;728755551;0;0;0;0;0;0;0;4.178
4194304;5000;0;22893459;68163897;0;0;0;0;0;0;0;0.725
1048576;107835;0;15616870;44061406;0;0;0;0;0;0;0;2.594
4194304;7938;0;23555015;69967920;0;0;0;0;0;0;0;0.829
1048576;8487;0;6482594;19133446;0;0;0;0;0;0;0;0.182
4194304;727224;0;155833971;431089053;0;0;0;0;0;0;0;2.670
1048576;289;0;5692051;16971488;0;0;0;0;0;0;0;0.217
262144;1240;0;2073544;6033724;0;0;0;0;0;0;0;0.106
4194304;37687;0;37151589;107039843;0;0;0;0;0;0;0;1.045
262144;31900;0;3409269;9682318;0;0;0;0;0;0;0;0.110
4194304;8178;0;27919123;81885861;0;0;0;0;0;0;0;0.880
4194304;392392;0;301980278;830015029;0;0;0;0;0;0;0;4.694
262144;2592;0;1675541;4948751;0;0;0;0;0;0;0;0.147
4194304;456972;0;273393316;751907112;0;0;0;0;0;0;0;4.234
4194304;177876;0;105228542;292712180;0;0;0;0;0;0;0;1.944
4194304;39192;0;29045835;84893770;0;0;0;0;0;0;0;0.810
262144;6350;0;2411295;6955581;0;0;0;0;0;0;0;0.092
1048576;3472;0;6344863;18746772;0;0;0;0;0;0;0;0.178
1048576;14112;0;11955163;34061874;0;0;0;0;0;0;0;0.255
1048576;11999;0;10844615;31019335;0;0;0;0;0;0;0;0.237
262144;56842;0;3411342;9685762;0;0;0;0;0;0;0;0.093
1048576;68742;0;15967539;44998045;0;0;0;0;0;0;0;0.312
1048576;16644;0;8854329;25600476;0;0;0;0;0;0;0;1.147
1048576;7840;0;9528996;27445668;0;0;0;0;0;0;0;0.223
4194304;1637301;0;507425244;1390865360;0;0;0;0;0;0;0;7.519
1048576;30960;0;7807415;22751532;0;0;0;0;0;0;0;0.199
4194304;198693;0;63307860;178482117;0;0;0;0;0;0;0;1.319
262144;2262;0;2057783;5991578;0;0;0;0;0;0;0;0.076
4194304;153504;0;101523998;282820208;0;0;0;0;0;0;0;1.882
1048576;6084;0;6486671;19127175;0;0;0;0;0;0;0;0.189
4194304;47348;0;66081775;186042920;0;0;0;0;0;0;0;1.352
262144;490;0;1692106;4995624;0;0;0;0;0;0;0;0.067
4194304;223307;0;86379663;241477382;0;0;0;0;0;0;0;2.035
262144;4176;0;2001761;5841317;0;0;0;0;0;0;0;0.093
1048576;423;0;5875763;17473258;0;0;0;0;0;0;0;0.171
1048576;36816;0;15736214;44393134;0;0;0;0;0;0;0;0.309
1048576;89244;0;7105827;20827758;0;0;0;0;0;0;0;0.183
262144;1782;0;1765280;5192914;0;0;0;0;0;0;0;0.066
4194304;9522;0;26817643;78880808;0;0;0;0;0;0;0;1.005
262144;6942;0;3544648;10049958;0;0;0;0;0;0;0;0.139
1048576;1260;0;5648476;16849542;0;0;0;0;0;0;0;0.215
4194304;126060;0;180299847;497880451;0;0;0;0;0;0;0;5.488
262144;2232;0;1985686;5797466;0;0;0;0;0;0;0;0.362
4194304;1302;0;21479515;64310808;0;0;0;0;0;0;0;0.775
1048576;13940;0;9500517;27370528;0;0;0;0;0;0;0;0.285
4194304;179712;0;97170681;270937784;0;0;0;0;0;0;0;1.773
262144;2054;0;2289476;6625124;0;0;0;0;0;0;0;0.078
4194304;165024;0;47097516;134234441;0;0;0;0;0;0;0;1.083
1048576;7979;0;7059153;20687495;0;0;0;0;0;0;0;0.201
1048576;152425;0;41892971;115794135;0;0;0;0;0;0;0;0.667
1048576;30843;0;24969399;69593247;0;0;0;0;0;0;0;0.445
1048576;61770;0;8401567;24369626;0;0;0;0;0;0;0;0.243
1048576;33866;0;7390010;21611135;0;0;0;0;0;0;0;0.207
4194304;306600;0;88926847;248360849;0;0;0;0;0;0;0;1.653
1048576;61380;0;11006563;31481972;0;0;0;0;0;0;0;0.273
1048576;120714;0;56360285;155148684;0;0;0;0;0;0;0;0.885
1048576;6336;0;8433439;24451540;0;0;0;0;0;0;0;0.209
1048576;2208;0;5835260;17357184;0;0;0;0;0;0;0;0.173
1048576;28112;0;13939077;39483777;0;0;0;0;0;0;0;0.285
1048576;2392;0;6713170;19757033;0;0;0;0;0;0;0;0.240
1048576;6048;0;6943861;20389184;0;0;0;0;0;0;0;0.185
1048576;47481;0;7906397;23016687;0;0;0;0;0;0;0;0.230
1048576;473460;0;18102249;50854245;0;0;0;0;0;0;0;0.352
4194304;50050;0;43000979;123061982;0;0;0;0;0;0;0;1.176
4194304;130560;0;93336062;260346191;0;0;0;0;0;0;0;1.726
1048576;1904;0;5543305;16565580;0;0;0;0;0;0;0;0.183
4194304;1046160;0;147155376;407332355;0;0;0;0;0;0;0;2.549
262144;33276;0;5322972;14904648;0;0;0;0;0;0;0;0.133
4194304;471520;0;203668529;561395528;0;0;0;0;0;0;0;3.272
4194304;68530;0;35576449;102780872;0;0;0;0;0;0;0;0.905
1048576;45741;0;20515454;57430089;0;0;0;0;0;0;0;0.371
4194304;489583;0;115389609;320598355;0;0;0;0;0;0;0;2.097
4194304;6825;0;26891376;79082119;0;0;0;0;0;0;0;0.796
262144;35496;0;2921803;8352204;0;0;0;0;0;0;0;0.084
4194304;708288;0;65068876;183286520;0;0;0;0;0;0;0;1.366
262144;1860;0;2987153;8527736;0;0;0;0;0;0;0;0.094
4194304;1008;0;21632803;64728321;0;0;0;0;0;0;0;0.762
1048576;53040;0;10552396;30240570;0;0;0;0;0;0;0;0.250
1048576;20224;0;7794683;22712774;0;0;0;0;0;0;0;0.230
262144;68676;0;2663003;7646564;0;0;0;0;0;0;0;0.082
4194304;124955;0;121699030;337889624;0;0;0;0;0;0;0;2.151
4194304;1076010;0;248603622;684355340;0;0;0;0;0;0;0;4.023
4194304;157225;0;135653400;375988817;0;0;0;0;0;0;0;2.355
262144;18960;0;3509569;9955159;0;0;0;0;0;0;0;0.094
4194304;108197;0;86693797;242219145;0;0;0;0;0;0;0;1.652
4194304;8184;0;31538076;91771249;0;0;0;0;0;0;0;0.876
262144;59598;0;2318656;6706966;0;0;0;0;0;0;0;0.274
1048576;175030;0;23931714;66750290;0;0;0;0;0;0;0;0.462
262144;7008;0;2308054;6677189;0;0;0;0;0;0;0;0.082
262144;770;0;2114422;6145565;0;0;0;0;0;0;0;0.115
262144;192;0;1713814;5051815;0;0;0;0;0;0;0;0.109
262144;32005;0;4003740;11306771;0;0;0;0;0;0;0;0.104
1048576;171100;0;105851948;290330101;0;0;0;0;0;0;0;1.614
4194304;15990;0;24220004;71759808;0;0;0;0;0;0;0;0.796
4194304;109802;0;41057519;117548227;0;0;0;0;0;0;0;1.017
262144;30240;0;3219755;9166229;0;0;0;0;0;0;0;0.087
262144;2394;0;1907319;5581513;0;0;0;0;0;0;0;0.072
4194304;16478;0;29697689;86726268;0;0;0;0;0;0;0;0.865
1048576;1044;0;5836599;17366711;0;0;0;0;0;0;0;0.173
1048576;162000;0;14767576;41744967;0;0;0;0;0;0;0;0.326
1048576;119635;0;19308238;54141931;0;0;0;0;0;0;0;0.385
4194304;39376;0;31556575;91802948;0;0;0;0;0;0;0;0.880
4194304;442020;0;64370877;181362408;0;0;0;0;0;0;0;1.346
1048576;3478;0;6390260;18870856;0;0;0;0;0;0;0;0.185
1048576;32421;0;21861063;61112310;0;0;0;0;0;0;0;0.393
1048576;16830;0;7436206;21734009;0;0;0;0;0;0;0;0.206
4194304;299484;0;255246206;702287068;0;0;0;0;0;0;0;3.990
1048576;270657;0;17293730;48645894;0;0;0;0;0;0;0;0.330
4194304;237390;0;78537847;220049991;0;0;0;0;0;0;0;1.550
4194304;601584;0;382876004;1050720479;0;0;0;0;0;0;0;5.750
262144;41987;0;1471986;4383033;0;0;0;0;0;0;0;0.063
262144;9156;0;2696065;7731999;0;0;0;0;0;0;0;0.081
1048576;47311;0;10596676;30358726;0;0;0;0;0;0;0;0.504
4194304;52338;0;32243010;93605097;0;0;0;0;0;0;0;1.098
1048576;16185;0;8681463;25125161;0;0;0;0;0;0;0;0.235
1048576;158725;0;20422116;57124683;0;0;0;0;0;0;0;0.407
262144;585;0;1440690;4308653;0;0;0;0;0;0;0;0.111
262144;5429;0;3640614;10312619;0;0;0;0;0;0;0;0.124
262144;88191;0;3451393;9793612;0;0;0;0;0;0;0;0.095
262144;285;0;1626515;4814016;0;0;0;0;0;0;0;0.064
262144;75522;0;1450118;4330139;0;0;0;0;0;0;0;1.521
1048576;7164;0;9082142;26215654;0;0;0;0;0;0;0;0.212
1048576;10922;0;16685900;46983179;0;0;0;0;0;0;0;0.323
4194304;24054;0;53181363;150858946;0;0;0;0;0;0;0;1.166
4194304;795655;0;77791718;218018205;0;0;0;0;0;0;0;1.524
1048576;24768;0;7550407;22048360;0;0;0;0;0;0;0;0.223
1048576;57456;0;11783977;33600249;0;0;0;0;0;0;0;0.251
262144;27234;0;3272866;9308416;0;0;0;0;0;0;0;0.090
4194304;48070;0;32963589;95583438;0;0;0;0;0;0;0;0.878
1048576;47736;0;12624717;35892640;0;0;0;0;0;0;0;0.266
262144;22052;0;2597236;7467571;0;0;0;0;0;0;0;0.081
4194304;36540;0;28196375;82574390;0;0;0;0;0;0;0;0.826
1048576;94341;0;14903260;42115335;0;0;0;0;0;0;0;0.297
1048576;20868;0;12316125;35052352;0;0;0;0;0;0;0;0.263
262144;6570;0;2996706;8553718;0;0;0;0;0;0;0;0.084
4194304;1472202;0;135282653;374897352;0;0;0;0;0;0;0;2.304
262144;27820;0;3766437;10652494;0;0;0;0;0;0;0;0.096
1048576;23103;0;9026199;26075797;0;0;0;0;0;0;0;0.246
1048576;9625;0;10004713;28732157;0;0;0;0;0;0;0;0.278
4194304;43296;0;39715948;114044547;0;0;0;0;0;0;0;0.998
4194304;25232;0;30267872;88271909;0;0;0;0;0;0;0;0.833
1048576;56100;0;22062096;61646895;0;0;0;0;0;0;0;0.413
4194304;24742;0;42593263;121934033;0;0;0;0;0;0;0;1.084
262144;9252;0;3955464;11169282;0;0;0;0;0;0;0;0.104
262144;11100;0;5257327;14725938;0;0;0;0;0;0;0;0.135
4194304;47752;0;30614121;89158178;0;0;0;0;0;0;0;0.841
262144;19825;0;3301968;9386509;0;0;0;0;0;0;0;0.091
1048576;7381;0;9015945;26047032;0;0;0;0;0;0;0;0.221
1048576;2763;0;7161986;20984513;0;0;0;0;0;0;0;0.193
4194304;426420;0;323075290;887394436;0;0;0;0;0;0;0;4.931
4194304;222282;0;42489706;121672620;0;0;0;0;0;0;0;1.144
262144;12740;0;3349203;9516793;0;0;0;0;0;0;0;0.092
1048576;41040;0;20145796;56427284;0;0;0;0;0;0;0;0.372
4194304;3015354;0;1753920479;4793801702;0;0;0;0;0;0;0;24.753
4194304;74572;0;108797038;302670985;0;0;0;0;0;0;0;1.979
262144;5876;0;3334726;9477931;0;0;0;0;0;0;0;0.091
4194304;119660;0;47970763;136598879;0;0;0;0;0;0;0;1.190
1048576;1122;0;5495861;16439576;0;0;0;0;0;0;0;0.242
4194304;101773;0;21487003;64338907;0;0;0;0;0;0;0;0.732
1048576;175820;0;58681957;161613187;0;0;0;0;0;0;0;0.905
4194304;1683;0;23477280;69767557;0;0;0;0;0;0;0;0.733
262144;85340;0;3387778;9624487;0;0;0;0;0;0;0;0.092
4194304;108721;0;48483260;137896673;0;0;0;0;0;0;0;1.091
4194304;496;0;21308271;63844637;0;0;0;0;0;0;0;0.767
4194304;299464;0;145663232;403309153;0;0;0;0;0;0;0;2.516
1048576;51035;0;7583897;22138941;0;0;0;0;0;0;0;0.199
4194304;46761;0;40669124;116639700;0;0;0;0;0;0;0;1.121
4194304;71280;0;55448543;157014517;0;0;0;0;0;0;0;1.302
4194304;174746;0;78068259;218707968;0;0;0;0;0;0;0;1.629
262144;4850;0;3809233;10774219;0;0;0;0;0;0;0;0.103
1048576;221200;0;24623479;68652940;0;0;0;0;0;0;0;0.443
1048576;4608;0;8001994;23271535;0;0;0;0;0;0;0;0.228
1048576;18792;0;11789496;33615011;0;0;0;0;0;0;0;0.312
4194304;1367456;0;145803604;403684110;0;0;0;0;0;0;0;2.479
1048576;115596;0;10967340;31371172;0;0;0;0;0;0;0;0.251
1048576;7480;0;6945911;20390597;0;0;0;0;0;0;0;0.289
262144;8497;0;4437343;12488742;0;0;0;0;0;0;0;0.105
1048576;30090;0;23372867;65223161;0;0;0;0;0;0;0;0.416
262144;3280;0;2351518;6792948;0;0;0;0;0;0;0;0.080
1048576;9880;0;6060519;17979570;0;0;0;0;0;0;0;0.179
4194304;93262;0;67741569;190481340;0;0;0;0;0;0;0;1.368
1048576;5680;0;8173457;23740494;0;0;0;0;0;0;0;0.208
262144;10098;0;3385109;9615734;0;0;0;0;0;0;0;0.094
262144;8932;0;2551814;7339395;0;0;0;0;0;0;0;0.080
4194304;2834;0;21980537;65673423;0;0;0;0;0;0;0;0.744
262144;39648;0;1446832;4318643;0;0;0;0;0;0;0;0.064
1048576;61880;0;16450597;46342914;0;0;0;0;0;0;0;0.372
262144;18297;0;2307935;6674818;0;0;0;0;0;0;0;0.076
1048576;17920;0;13262876;37628221;0;0;0;0;0;0;0;0.270
1048576;75189;0;7493123;21888642;0;0;0;0;0;0;0;0.208
262144;1190;0;1933569;5651366;0;0;0;0;0;0;0;0.072
1048576;13032;0;8584900;24869521;0;0;0;0;0;0;0;0.212
1048576;364041;0;9779768;28136438;0;0;0;0;0;0;0;0.243
1048576;2140;0;5929058;17618306;0;0;0;0;0;0;0;0.174
1048576;5512;0;7994713;23253268;0;0;0;0;0;0;0;0.199
262144;3480;0;2325639;6723454;0;0;0;0;0;0;0;0.077
262144;4347;0;2057881;5993840;0;0;0;0;0;0;0;0.074
262144;11700;0;3789796;10721017;0;0;0;0;0;0;0;0.098
4194304;104451;0;56024960;158538421;0;0;0;0;0;0;0;1.205
4194304;74871;0;51278216;145602998;0;0;0;0;0;0;0;1.170
1048576;8000;0;8963611;25887796;0;0;0;0;0;0;0;0.265
4194304;16815;0;42346043;121276703;0;0;0;0;0;0;0;1.032
4194304;4446;0;22896142;68166606;0;0;0;0;0;0;0;0.742
4194304;97266;0;126680233;351470550;0;0;0;0;0;0;0;2.170
1048576;46308;0;14052233;39794116;0;0;0;0;0;0;0;0.283
1048576;60865;0;25917645;72178549;0;0;0;0;0;0;0;0.457
4194304;109263;0;49758363;141502943;0;0;0;0;0;0;0;1.142
1048576;232320;0;27819492;77372060;0;0;0;0;0;0;0;0.471
1048576;19404;0;7678561;22395183;0;0;0;0;0;0;0;0.197
4194304;30268;0;26232927;77228654;0;0;0;0;0;0;0;0.787
262144;8676;0;2736492;7838972;0;0;0;0;0;0;0;0.290
1048576;61304;0;41808318;115493291;0;0;0;0;0;0;0;0.733
1048576;208292;0;7814302;22768136;0;0;0;0;0;0;0;0.276
4194304;24424;0;25399094;74964043;0;0;0;0;0;0;0;5.226
1048576;357240;0;29649309;82372680;0;0;0;0;0;0;0;0.526
4194304;65898;0;30362467;88567969;0;0;0;0;0;0;0;1.440
1048576;364458;0;34094208;94479624;0;0;0;0;0;0;0;0.563
4194304;312924;0;67350071;189492425;0;0;0;0;0;0;0;1.446
1048576;28578;0;9484313;27323200;0;0;0;0;0;0;0;0.230
4194304;111723;0;32920665;95532906;0;0;0;0;0;0;0;0.948
262144;282;0;1557399;4623861;0;0;0;0;0;0;0;0.065
4194304;360;0;21318287;63874102;0;0;0;0;0;0;0;0.776
4194304;535266;0;388328748;1065505234;0;0;0;0;0;0;0;5.889
4194304;137256;0;57173690;161710548;0;0;0;0;0;0;0;1.287
4194304;41107;0;41357013;118556200;0;0;0;0;0;0;0;1.016
4194304;563180;0;112702240;313340034;0;0;0;0;0;0;0;2.036
1048576;161920;0;8609784;24936994;0;0;0;0;0;0;0;1.262
1048576;734;0;5810846;17295156;0;0;0;0;0;0;0;0.179
4194304;254705;0;223872672;616728624;0;0;0;0;0;0;0;3.574
262144;4325;0;1866418;5471984;0;0;0;0;0;0;0;0.069
4194304;494328;0;184868259;510192913;0;0;0;0;0;0;0;3.068
4194304;505386;0;157238959;434830915;0;0;0;0;0;0;0;2.642
4194304;578977;0;459526048;1260060027;0;0;0;0;0;0;0;7.015
4194304;6885;0;23367332;69454664;0;0;0;0;0;0;0;0.806
4194304;391476;0;140373535;388242540;0;0;0;0;0;0;0;2.393
1048576;9648;0;10251921;29422042;0;0;0;0;0;0;0;0.259
4194304;500944;0;394450419;1082051967;0;0;0;0;0;0;0;5.930
1048576;936;0;6311785;18662766;0;0;0;0;0;0;0;0.177
1048576;65182;0;83669663;229848083;0;0;0;0;0;0;0;1.263
4194304;156023;0;181566279;501274968;0;0;0;0;0;0;0;7.140
1048576;75969;0;18562737;52091446;0;0;0;0;0;0;0;0.397
4194304;25912;0;29836380;87076679;0;0;0;0;0;0;0;0.885
1048576;303;0;5705497;17010184;0;0;0;0;0;0;0;0.185
262144;244;0;1511145;4498474;0;0;0;0;0;0;0;0.065
1048576;228410;0;8956850;25886945;0;0;0;0;0;0;0;0.297
1048576;2728;0;7479639;21848628;0;0;0;0;0;0;0;0.210
4194304;360;0;21637157;64744166;0;0;0;0;0;0;0;0.775
1048576;40920;0;8434926;24462931;0;0;0;0;0;0;0;0.208
4194304;43188;0;35096493;101414374;0;0;0;0;0;0;0;0.914
262144;5220;0;1533170;4563033;0;0;0;0;0;0;0;0.129
1048576;53500;0;7518199;21961550;0;0;0;0;0;0;0;0.225
4194304;2540;0;23709111;70394500;0;0;0;0;0;0;0;0.788
1048576;76846;0;79321264;217945450;0;0;0;0;0;0;0;1.217
4194304;344470;0;181831880;501825553;0;0;0;0;0;0;0;2.998
262144;56876;0;4512744;12696419;0;0;0;0;0;0;0;0.107
4194304;91124;0;72577927;203794850;0;0;0;0;0;0;0;1.450
4194304;396492;0;379845580;1042642712;0;0;0;0;0;0;0;5.849
1048576;111834;0;58345566;160697484;0;0;0;0;0;0;0;1.026
4194304;405684;0;127249493;352361465;0;0;0;0;0;0;0;2.213
1048576;35335;0;8025070;23340813;0;0;0;0;0;0;0;0.205
1048576;718;0;5525760;16521893;0;0;0;0;0;0;0;0.199
1048576;23328;0;7728681;22535624;0;0;0;0;0;0;0;0.199
262144;10750;0;4498547;12651023;0;0;0;0;0;0;0;0.119
4194304;32830;0;54550870;154580511;0;0;0;0;0;0;0;1.199
1048576;66164;0;34470471;95532797;0;0;0;0;0;0;0;0.572
4194304;394009;0;66433616;187026856;0;0;0;0;0;0;0;1.379
4194304;3014;0;24687174;73069763;0;0;0;0;0;0;0;0.779
262144;1938;0;2163387;6282542;0;0;0;0;0;0;0;0.303
4194304;593620;0;315703778;866874180;0;0;0;0;0;0;0;4.850
1048576;1248;0;5984655;17769098;0;0;0;0;0;0;0;0.191
4194304;8418;0;24358154;72158941;0;0;0;0;0;0;0;0.773
1048576;141610;0;17575461;49405994;0;0;0;0;0;0;0;0.338
4194304;5760;0;22460707;66978405;0;0;0;0;0;0;0;0.763
1048576;87750;0;60974400;167790794;0;0;0;0;0;0;0;0.974
1048576;6103;0;7839365;22834302;0;0;0;0;0;0;0;0.192
1048576;3151;0;6568077;19364963;0;0;0;0;0;0;0;0.206
4194304;439356;0;98128975;273167964;0;0;0;0;0;0;0;1.794
1048576;176526;0;26063951;72566267;0;0;0;0;0;0;0;0.448
1048576;2232;0;5949849;17670556;0;0;0;0;0;0;0;0.172
1048576;4992;0;11683273;33327149;0;0;0;0;0;0;0;0.252
1048576;86095;0;30999057;86030029;0;0;0;0;0;0;0;0.522
4194304;502816;0;175729587;485275833;0;0;0;0;0;0;0;3.929
4194304;24360;0;25349401;74828352;0;0;0;0;0;0;0;0.804
1048576;95319;0;6119243;18141345;0;0;0;0;0;0;0;0.174
4194304;52088;0;29702926;86669677;0;0;0;0;0;0;0;0.866
1048576;370920;0;9148133;26409518;0;0;0;0;0;0;0;0.215
4194304;428649;0;94005308;262304713;0;0;0;0;0;0;0;1.753
4194304;105924;0;66156299;186243740;0;0;0;0;0;0;0;1.439
262144;5628;0;2088048;6077245;0;0;0;0;0;0;0;0.122
4194304;75680;0;33438157;96805234;0;0;0;0;0;0;0;0.941
1048576;616;0;5739061;17099688;0;0;0;0;0;0;0;0.177
4194304;871845;0;224464611;618286518;0;0;0;0;0;0;0;3.574
1048576;208196;0;116887107;320515244;0;0;0;0;0;0;0;1.714
4194304;592875;0;109579022;304676455;0;0;0;0;0;0;0;1.985
1048576;231546;0;7278540;21306805;0;0;0;0;0;0;0;0.224
4194304;670329;0;217876710;600409026;0;0;0;0;0;0;0;3.478
1048576;1794;0;5768162;17175032;0;0;0;0;0;0;0;0.184
4194304;452628;0;95884863;267253080;0;0;0;0;0;0;0;1.808
4194304;115620;0;45899307;130974717;0;0;0;0;0;0;0;1.067
1048576;117847;0;18935316;53124554;0;0;0;0;0;0;0;0.355
1048576;18232;0;8651709;25012261;0;0;0;0;0;0;0;0.205
4194304;314279;0;263334636;724572502;0;0;0;0;0;0;0;4.083
4194304;583860;0;167753828;463430489;0;0;0;0;0;0;0;2.833
4194304;52780;0;42390023;121352736;0;0;0;0;0;0;0;1.018
262144;2394;0;1728714;5093106;0;0;0;0;0;0;0;0.069
4194304;393334;0;133714558;370694212;0;0;0;0;0;0;0;2.297
4194304;468;0;21237385;63651393;0;0;0;0;0;0;0;0.760
4194304;20944;0;25447567;75104134;0;0;0;0;0;0;0;0.799
262144;11692;0;3817474;10797523;0;0;0;0;0;0;0;0.735
4194304;26848;0;25219527;74527309;0;0;0;0;0;0;0;0.812
1048576;9918;0;17470978;49127255;0;0;0;0;0;0;0;0.328
1048576;336;0;5660571;16884994;0;0;0;0;0;0;0;0.201
1048576;66096;0;26817718;74638740;0;0;0;0;0;0;0;0.491
1048576;7150;0;8341686;24203906;0;0;0;0;0;0;0;0.211
4194304;81732;0;55862360;158159369;0;0;0;0;0;0;0;1.203
1048576;20;0;5385172;16133948;0;0;0;0;0;0;0;0.178
262144;9384;0;1430603;4279969;0;0;0;0;0;0;0;0.078
1048576;17984;0;6002080;17820620;0;0;0;0;0;0;0;0.186
1048576;25019;0;13401205;38016052;0;0;0;0;0;0;0;0.280
262144;34160;0;8370986;23219572;0;0;0;0;0;0;0;0.163
4194304;37516;0;40527174;116274227;0;0;0;0;0;0;0;1.012
1048576;47736;0;8716812;25228658;0;0;0;0;0;0;0;0.222
4194304;56952;0;70455843;197974372;0;0;0;0;0;0;0;1.396
4194304;119856;0;56344694;159478239;0;0;0;0;0;0;0;1.232
4194304;100620;0;73128960;205245443;0;0;0;0;0;0;0;1.484
1048576;146910;0;42007074;116041385;0;0;0;0;0;0;0;0.691
1048576;1260;0;6645632;19576601;0;0;0;0;0;0;0;0.244
1048576;25056;0;8602921;24919852;0;0;0;0;0;0;0;0.254
4194304;35568;0;58551036;165516297;0;0;0;0;0;0;0;1.258
1048576;157027;0;9874820;28391542;0;0;0;0;0;0;0;0.252
4194304;1728;0;23482697;69782128;0;0;0;0;0;0;0;0.784
262144;2250;0;4130572;11650976;0;0;0;0;0;0;0;0.101
1048576;117730;0;100175679;274875511;0;0;0;0;0;0;0;1.497
262144;4240;0;3149081;8969796;0;0;0;0;0;0;0;0.086
1048576;22630;0;29143997;80988061;0;0;0;0;0;0;0;0.516
4194304;72478;0;92329114;257690631;0;0;0;0;0;0;0;1.734
1048576;33796;0;7301757;21367041;0;0;0;0;0;0;0;0.221
4194304;1617;0;22622011;67423098;0;0;0;0;0;0;0;0.739
4194304;110630;0;127984756;355010120;0;0;0;0;0;0;0;2.207
4194304;15480;0;33499704;97114869;0;0;0;0;0;0;0;0.937
262144;98980;0;4301378;12116577;0;0;0;0;0;0;0;0.105
262144;77724;0;7614234;21152727;0;0;0;0;0;0;0;0.214
262144;6642;0;3537851;10033547;0;0;0;0;0;0;0;0.149
4194304;649300;0;64942692;182933013;0;0;0;0;0;0;0;1.394
1048576;106200;0;7911019;23029187;0;0;0;0;0;0;0;0.235
1048576;100499;0;22370010;62496687;0;0;0;0;0;0;0;0.510
1048576;30000;0;6865143;20176071;0;0;0;0;0;0;0;0.201
1048576;6720;0;7530533;21978132;0;0;0;0;0;0;0;0.204
1048576;2880;0;6735750;19821846;0;0;0;0;0;0;0;0.187
4194304;362370;0;77228284;216509275;0;0;0;0;0;0;0;1.508
262144;47740;0;2953897;8441213;0;0;0;0;0;0;0;0.086
1048576;1134;0;6716816;19768778;0;0;0;0;0;0;0;0.187
1048576;121056;0;8101912;23553056;0;0;0;0;0;0;0;0.238
1048576;657;0;5620903;16775418;0;0;0;0;0;0;0;0.182
1048576;79596;0;63427430;174562106;0;0;0;0;0;0;0;0.973
4194304;7221;0;24134776;71555472;0;0;0;0;0;0;0;0.812
1048576;228;0;5745038;17117975;0;0;0;0;0;0;0;0.169
262144;43508;0;7538377;20952293;0;0;0;0;0;0;0;0.148
4194304;84525;0;47211916;134472290;0;0;0;0;0;0;0;1.138
1048576;30870;0;14333682;40542023;0;0;0;0;0;0;0;0.300
262144;28696;0;3876218;10951768;0;0;0;0;0;0;0;0.100
4194304;14049;0;24494221;72515529;0;0;0;0;0;0;0;0.769
262144;41040;0;4786226;13438513;0;0;0;0;0;0;0;0.110
262144;19314;0;3455506;9808440;0;0;0;0;0;0;0;0.094
4194304;1022988;0;235113265;647318384;0;0;0;0;0;0;0;3.691
4194304;990165;0;141112749;390899625;0;0;0;0;0;0;0;2.440
262144;9420;0;2245344;6503434;0;0;0;0;0;0;0;0.075
4194304;70644;0;32145080;93418934;0;0;0;0;0;0;0;0.896
1048576;152453;0;63139893;173800751;0;0;0;0;0;0;0;1.257
4194304;200380;0;79470963;222502020;0;0;0;0;0;0;0;1.557
4194304;3780;0;22044904;65848886;0;0;0;0;0;0;0;0.784
1048576;50556;0;25855218;72009318;0;0;0;0;0;0;0;0.449
1048576;64233;0;10540946;30211302;0;0;0;0;0;0;0;0.280
1048576;211292;0;12296752;34998774;0;0;0;0;0;0;0;0.274
4194304;2379195;0;359236297;985737908;0;0;0;0;0;0;0;5.434
1048576;98256;0;51043073;140756628;0;0;0;0;0;0;0;0.825
1048576;195490;0;24741606;68968750;0;0;0;0;0;0;0;0.432
1048576;9731;0;15704180;44302434;0;0;0;0;0;0;0;0.310
1048576;835392;0;221276608;605317516;0;0;0;0;0;0;0;3.163
1048576;480;0;5683454;16947863;0;0;0;0;0;0;0;0.199
1048576;25400;0;10785526;30876070;0;0;0;0;0;0;0;0.248
1048576;4940;0;7092730;20795874;0;0;0;0;0;0;0;0.183
4194304;2253450;0;1504452664;4112749944;0;0;0;0;0;0;0;21.279
262144;5448;0;2931719;8380166;0;0;0;0;0;0;0;0.085
1048576;5920;0;8049947;23411602;0;0;0;0;0;0;0;0.215
262144;4700;0;2395646;6913721;0;0;0;0;0;0;0;3.414
1048576;78351;0;64296314;176948471;0;0;0;0;0;0;0;0.998
4194304;77837;0;68322973;192102530;0;0;0;0;0;0;0;1.364
1048576;37391;0;14328605;40543882;0;0;0;0;0;0;0;0.297
4194304;16500;0;36399847;105034010;0;0;0;0;0;0;0;0.938
4194304;9996;0;25605928;75562531;0;0;0;0;0;0;0;0.770
4194304;456084;0;213531346;588508460;0;0;0;0;0;0;0;3.694
4194304;771197;0;267416603;735669418;0;0;0;0;0;0;0;4.116
1048576;26040;0;21025089;58826426;0;0;0;0;0;0;0;0.389
4194304;271259;0;193370366;533365129;0;0;0;0;0;0;0;3.135
4194304;3105;0;24419215;72331596;0;0;0;0;0;0;0;0.782
1048576;2632;0;6914056;20306962;0;0;0;0;0;0;0;0.187
262144;19825;0;3445703;9782838;0;0;0;0;0;0;0;0.095
1048576;216;0;5502158;16455489;0;0;0;0;0;0;0;0.169
1048576;5696;0;7710885;22477060;0;0;0;0;0;0;0;0.193
262144;46647;0;3336714;9484957;0;0;0;0;0;0;0;0.326
262144;193930;0;4091410;11542016;0;0;0;0;0;0;0;0.122
4194304;1738676;0;136530899;378353629;0;0;0;0;0;0;0;2.370
1048576;324414;0;11817296;33695519;0;0;0;0;0;0;0;0.256
4194304;19760;0;25235268;74526932;0;0;0;0;0;0;0;0.786
262144;1356;0;2150826;6246071;0;0;0;0;0;0;0;0.079
4194304;6727;0;30118127;87896691;0;0;0;0;0;0;0;4.311
1048576;160875;0;22055146;61641760;0;0;0;0;0;0;0;0.394
262144;86;0;1487800;4434367;0;0;0;0;0;0;0;0.064
4194304;151074;0;40791996;116969993;0;0;0;0;0;0;0;1.030
4194304;290830;0;69935926;196377876;0;0;0;0;0;0;0;1.419
4194304;1690;0;23483811;69785359;0;0;0;0;0;0;0;2.569
1048576;235644;0;36377306;100723997;0;0;0;0;0;0;0;0.586
1048576;712;0;5662317;16888170;0;0;0;0;0;0;0;0.168
4194304;2193;0;21873336;65384454;0;0;0;0;0;0;0;0.738
4194304;476847;0;206520643;568750580;0;0;0;0;0;0;0;3.281
4194304;148876;0;66829217;187867331;0;0;0;0;0;0;0;1.354
4194304;476912;0;55814507;157946332;0;0;0;0;0;0;0;1.270
1048576;44520;0;9366511;26995626;0;0;0;0;0;0;0;1.653
4194304;152985;0;42089226;120500786;0;0;0;0;0;0;0;1.023
1048576;6258;0;7051808;20670667;0;0;0;0;0;0;0;0.182
262144;11715;0;4353683;12259075;0;0;0;0;0;0;0;0.103
4194304;16935;0;26132230;76969383;0;0;0;0;0;0;0;0.790
4194304;328;0;21235151;63645604;0;0;0;0;0;0;0;0.739
