1048576;34353;0;40207299;111281938;0;0;0;0;0;0;0;0.757
4194304;429336;0;91163953;254724085;0;0;0;0;0;0;0;1.777
262144;12096;0;4135516;11668550;0;0;0;0;0;0;0;0.109
1048576;86632;0;15774831;44521874;0;0;0;0;0;0;0;0.314
4194304;74880;0;51645679;146741017;0;0;0;0;0;0;0;1.183
1048576;23644;0;12171426;34678511;0;0;0;0;0;0;0;0.293
262144;3960;0;1880638;5509013;0;0;0;0;0;0;0;0.071
4194304;16682;0;32015721;93103284;0;0;0;0;0;0;0;0.920
262144;2556;0;1450711;4333205;0;0;0;0;0;0;0;0.148
4194304;77500;0;83643837;234176389;0;0;0;0;0;0;0;1.618
1048576;1004;0;5597762;16714393;0;0;0;0;0;0;0;0.173
4194304;270600;0;26418373;77808510;0;0;0;0;0;0;0;0.823
1048576;450465;0;27509997;76587025;0;0;0;0;0;0;0;0.500
1048576;239120;0;304275747;832850776;0;0;0;0;0;0;0;4.326
4194304;7625;0;32985497;95745107;0;0;0;0;0;0;0;1.724
1048576;108659;0;11909901;33961038;0;0;0;0;0;0;0;0.256
262144;21980;0;8325194;23116413;0;0;0;0;0;0;0;0.160
4194304;14442;0;40274510;115670538;0;0;0;0;0;0;0;1.031
4194304;115236;0;171897200;475330560;0;0;0;0;0;0;0;7.628
1048576;132854;0;17554083;49383405;0;0;0;0;0;0;0;0.350
4194304;894273;0;227975703;628561138;0;0;0;0;0;0;0;3.630
262144;4697;0;6385344;17816411;0;0;0;0;0;0;0;0.135
1048576;32637;0;27632395;76923019;0;0;0;0;0;0;0;0.485
4194304;162245;0;64920403;183011990;0;0;0;0;0;0;0;1.386
1048576;18711;0;6991444;20522248;0;0;0;0;0;0;0;0.208
4194304;68731;0;111195851;309463441;0;0;0;0;0;0;0;1.981
262144;8052;0;3232534;9201742;0;0;0;0;0;0;0;0.089
1048576;56628;0;25804824;71927817;0;0;0;0;0;0;0;0.452
262144;117;0;1590713;4717857;0;0;0;0;0;0;0;0.065
4194304;6890;0;27195877;79932259;0;0;0;0;0;0;0;0.835
4194304;692461;0;276551772;761293186;0;0;0;0;0;0;0;4.307
1048576;4032;0;10303641;29572562;0;0;0;0;0;0;0;0.246
4194304;22274;0;36334150;104904174;0;0;0;0;0;0;0;1.182
1048576;91325;0;36249845;100468660;0;0;0;0;0;0;0;0.652
1048576;3984;0;7184431;21049714;0;0;0;0;0;0;0;0.229
1048576;216594;0;183569767;503019957;0;0;0;0;0;0;0;6.895
1048576;13860;0;9283782;26785967;0;0;0;0;0;0;0;0.316
4194304;16352;0;42696464;122289320;0;0;0;0;0;0;0;1.133
262144;20886;0;2722205;7801752;0;0;0;0;0;0;0;0.090
262144;2312;0;2285524;6614159;0;0;0;0;0;0;0;0.076
1048576;64750;0;7938100;23108650;0;0;0;0;0;0;0;0.206
262144;2520;0;3034363;8659946;0;0;0;0;0;0;0;0.089
4194304;21010;0;28040183;82240591;0;0;0;0;0;0;0;0.836
4194304;149040;0;41058463;117811480;0;0;0;0;0;0;0;1.070
1048576;113082;0;56797046;156613174;0;0;0;0;0;0;0;0.883
1048576;64890;0;10181897;29239698;0;0;0;0;0;0;0;0.274
1048576;40660;0;26691634;74352407;0;0;0;0;0;0;0;0.476
262144;10755;0;4701558;13215293;0;0;0;0;0;0;0;0.110
1048576;105378;0;99796806;274109491;0;0;0;0;0;0;0;1.473
1048576;8029;0;8202914;23832639;0;0;0;0;0;0;0;0.229
262144;4680;0;1790867;5265125;0;0;0;0;0;0;0;0.067
1048576;40991;0;14612061;41344640;0;0;0;0;0;0;0;0.294
4194304;11248;0;36162960;104435348;0;0;0;0;0;0;0;0.947
4194304;992764;0;472624215;1297061669;0;0;0;0;0;0;0;7.013
262144;25024;0;3903153;11033864;0;0;0;0;0;0;0;0.098
1048576;269460;0;12271169;34948652;0;0;0;0;0;0;0;0.291
4194304;499686;0;462072203;1268225788;0;0;0;0;0;0;0;6.855
4194304;2728;0;24791820;73365236;0;0;0;0;0;0;0;0.758
4194304;497700;0;194853655;538054622;0;0;0;0;0;0;0;3.179
4194304;139910;0;90386890;252600230;0;0;0;0;0;0;0;1.667
1048576;116545;0;9723908;27988215;0;0;0;0;0;0;0;0.272
1048576;216;0;5540355;16559513;0;0;0;0;0;0;0;0.199
1048576;95460;0;37504166;103895504;0;0;0;0;0;0;0;0.718
262144;9159;0;3907204;11045412;0;0;0;0;0;0;0;0.142
4194304;1673712;0;893153060;2446157312;0;0;0;0;0;0;0;12.840
4194304;218179;0;68999743;194161931;0;0;0;0;0;0;0;1.410
4194304;118430;0;97321487;271551267;0;0;0;0;0;0;0;1.858
4194304;6204;0;29445660;86080984;0;0;0;0;0;0;0;1.104
262144;19845;0;3952460;11168480;0;0;0;0;0;0;0;0.135
4194304;327795;0;169886622;469831031;0;0;0;0;0;0;0;2.817
4194304;743020;0;181390784;501265168;0;0;0;0;0;0;0;2.999
4194304;19673;0;47063425;134221651;0;0;0;0;0;0;0;1.209
262144;260;0;1771946;5210852;0;0;0;0;0;0;0;0.079
1048576;174;0;5596500;16710969;0;0;0;0;0;0;0;0.161
1048576;19975;0;21502334;60171049;0;0;0;0;0;0;0;0.393
1048576;7252;0;9426059;27175034;0;0;0;0;0;0;0;0.228
1048576;3077;0;7348523;21498153;0;0;0;0;0;0;0;0.195
4194304;82256;0;47840218;136343586;0;0;0;0;0;0;0;1.162
4194304;7014;0;30672550;89432558;0;0;0;0;0;0;0;0.964
262144;2160;0;3297472;9379069;0;0;0;0;0;0;0;0.091
4194304;53142;0;58938966;166671939;0;0;0;0;0;0;0;1.306
1048576;24300;0;9115740;26326760;0;0;0;0;0;0;0;0.225
4194304;459024;0;234517582;646436197;0;0;0;0;0;0;0;3.712
4194304;28287;0;43372258;124135836;0;0;0;0;0;0;0;1.095
1048576;29181;0;8011022;23308059;0;0;0;0;0;0;0;0.232
4194304;115072;0;139806856;387642775;0;0;0;0;0;0;0;2.414
1048576;22400;0;11949044;34067805;0;0;0;0;0;0;0;0.259
1048576;336294;0;13673315;38778915;0;0;0;0;0;0;0;0.275
262144;10695;0;8427040;23394915;0;0;0;0;0;0;0;0.159
1048576;96720;0;56712941;156384093;0;0;0;0;0;0;0;0.886
262144;23300;0;7026190;19567393;0;0;0;0;0;0;0;0.139
262144;7812;0;2866731;8202104;0;0;0;0;0;0;0;0.083
1048576;2278;0;8448246;24503510;0;0;0;0;0;0;0;0.222
4194304;869026;0;123951266;344315219;0;0;0;0;0;0;0;2.207
4194304;61600;0;67674261;190539669;0;0;0;0;0;0;0;1.386
1048576;70115;0;16191456;45659715;0;0;0;0;0;0;0;0.312
262144;78447;0;3228843;9191131;0;0;0;0;0;0;0;0.087
262144;4148;0;5137561;14406700;0;0;0;0;0;0;0;0.182
4194304;11937;0;34745285;100562368;0;0;0;0;0;0;0;0.935
1048576;9639;0;12511209;35604831;0;0;0;0;0;0;0;0.265
1048576;1140;0;5745022;17117096;0;0;0;0;0;0;0;0.166
1048576;53072;0;72852209;200485219;0;0;0;0;0;0;0;1.218
1048576;466281;0;226804895;621156152;0;0;0;0;0;0;0;3.254
1048576;1090;0;6436334;19005516;0;0;0;0;0;0;0;0.179
1048576;51;0;5446011;16300057;0;0;0;0;0;0;0;1.519
4194304;40737;0;55947535;158497092;0;0;0;0;0;0;0;1.235
4194304;34320;0;34429905;99701065;0;0;0;0;0;0;0;0.978
1048576;50920;0;10597435;30374795;0;0;0;0;0;0;0;0.253
4194304;24420;0;50758541;144318856;0;0;0;0;0;0;0;1.157
4194304;1499400;0;1172695342;3210014196;0;0;0;0;0;0;0;16.839
1048576;1218;0;6659073;19614383;0;0;0;0;0;0;0;0.197
1048576;35604;0;15499255;43768983;0;0;0;0;0;0;0;0.310
4194304;72468;0;90808823;253751593;0;0;0;0;0;0;0;1.709
4194304;408200;0;32284686;93837772;0;0;0;0;0;0;0;0.875
262144;7409;0;2129286;6187152;0;0;0;0;0;0;0;0.075
1048576;8232;0;15220796;43009002;0;0;0;0;0;0;0;0.298
4194304;59388;0;55345773;156853165;0;0;0;0;0;0;0;5.777
1048576;736;0;6554976;19330160;0;0;0;0;0;0;0;0.196
4194304;1269195;0;591181846;1621023434;0;0;0;0;0;0;0;8.715
1048576;22618;0;5559153;16608553;0;0;0;0;0;0;0;0.205
1048576;5562;0;6213678;18397939;0;0;0;0;0;0;0;0.207
1048576;11823;0;21490143;60137341;0;0;0;0;0;0;0;0.383
1048576;2555;0;5564140;16622694;0;0;0;0;0;0;0;0.180
4194304;371145;0;172892694;478047132;0;0;0;0;0;0;0;2.863
1048576;8614;0;16807686;47345246;0;0;0;0;0;0;0;0.329
1048576;3905;0;10388834;29805884;0;0;0;0;0;0;0;0.231
4194304;366054;0;114178152;317607750;0;0;0;0;0;0;0;2.080
1048576;56639;0;41983635;116136966;0;0;0;0;0;0;0;0.686
1048576;528;0;6113136;18122800;0;0;0;0;0;0;0;0.169
262144;9152;0;2250289;6517792;0;0;0;0;0;0;0;0.090
262144;512;0;1495872;4459264;0;0;0;0;0;0;0;0.074
1048576;169016;0;28005638;77941350;0;0;0;0;0;0;0;0.509
262144;2580;0;2470905;7120271;0;0;0;0;0;0;0;0.083
1048576;2788;0;9122084;26344730;0;0;0;0;0;0;0;0.231
4194304;257894;0;357464872;982393571;0;0;0;0;0;0;0;7.441
1048576;864;0;5370577;16093968;0;0;0;0;0;0;0;0.181
1048576;124226;0;14779331;41800785;0;0;0;0;0;0;0;0.300
4194304;88770;0;92484660;258332807;0;0;0;0;0;0;0;1.806
4194304;126630;0;72183544;202862367;0;0;0;0;0;0;0;1.473
1048576;78464;0;52869901;145883968;0;0;0;0;0;0;0;0.843
4194304;950;0;22406038;66846094;0;0;0;0;0;0;0;0.776
4194304;625328;0;81883374;229364751;0;0;0;0;0;0;0;2.238
1048576;9828;0;17192398;48395311;0;0;0;0;0;0;0;0.331
262144;10496;0;3153979;8986887;0;0;0;0;0;0;0;0.088
1048576;4360;0;10846610;31053873;0;0;0;0;0;0;0;0.242
1048576;297228;0;89724033;246586092;0;0;0;0;0;0;0;1.366
1048576;186865;0;37400495;103612460;0;0;0;0;0;0;0;0.754
1048576;17528;0;13365004;37938492;0;0;0;0;0;0;0;0.277
1048576;30;0;5396001;16166013;0;0;0;0;0;0;0;0.170
262144;3744;0;2793713;8005146;0;0;0;0;0;0;0;0.084
262144;451;0;2072555;6032329;0;0;0;0;0;0;0;0.078
1048576;5440;0;12530851;35658424;0;0;0;0;0;0;0;0.266
1048576;3068;0;8934233;25830997;0;0;0;0;0;0;0;0.217
262144;13545;0;5665348;15848774;0;0;0;0;0;0;0;0.122
1048576;15066;0;7367823;21550833;0;0;0;0;0;0;0;0.221
262144;212;0;1522286;4528750;0;0;0;0;0;0;0;0.066
262144;94016;0;2425325;6995766;0;0;0;0;0;0;0;0.076
4194304;195027;0;165987849;459180667;0;0;0;0;0;0;0;2.768
1048576;58421;0;17517102;49282951;0;0;0;0;0;0;0;0.609
1048576;4672;0;10609252;30407851;0;0;0;0;0;0;0;0.285
1048576;8822;0;17377834;48901438;0;0;0;0;0;0;0;0.342
262144;53156;0;3906284;11042051;0;0;0;0;0;0;0;0.103
4194304;2762;0;23221029;69069085;0;0;0;0;0;0;0;0.732
1048576;5269;0;12841901;36506455;0;0;0;0;0;0;0;0.273
4194304;143256;0;209086616;576946164;0;0;0;0;0;0;0;3.359
262144;26660;0;3202134;9118459;0;0;0;0;0;0;0;0.093
262144;9075;0;2930089;8375040;0;0;0;0;0;0;0;0.083
4194304;87984;0;26085580;76899337;0;0;0;0;0;0;0;0.783
4194304;1127000;0;534644419;1466533675;0;0;0;0;0;0;0;8.768
4194304;63315;0;56611157;160308191;0;0;0;0;0;0;0;1.240
262144;9594;0;1707647;5037717;0;0;0;0;0;0;0;0.064
4194304;382500;0;96331835;268843752;0;0;0;0;0;0;0;3.941
262144;820;0;1482090;4419025;0;0;0;0;0;0;0;0.063
1048576;20200;0;32023700;88923148;0;0;0;0;0;0;0;0.550
1048576;28968;0;13104781;37226406;0;0;0;0;0;0;0;0.273
1048576;154741;0;31056383;86277545;0;0;0;0;0;0;0;0.528
262144;10600;0;2313787;6691143;0;0;0;0;0;0;0;0.096
4194304;13140;0;26670500;78498036;0;0;0;0;0;0;0;0.798
262144;1950;0;2848589;8152532;0;0;0;0;0;0;0;0.084
1048576;44213;0;40449390;111945371;0;0;0;0;0;0;0;0.648
4194304;44548;0;79035242;221585065;0;0;0;0;0;0;0;1.595
262144;8256;0;3181674;9062648;0;0;0;0;0;0;0;0.084
1048576;80758;0;8411294;24401570;0;0;0;0;0;0;0;0.222
4194304;712656;0;62330371;175936823;0;0;0;0;0;0;0;1.293
1048576;3366;0;5492595;16427224;0;0;0;0;0;0;0;0.196
4194304;416580;0;538571692;1477270359;0;0;0;0;0;0;0;7.880
1048576;7254;0;8175636;23758311;0;0;0;0;0;0;0;0.212
1048576;120274;0;12697131;36082587;0;0;0;0;0;0;0;0.296
1048576;36518;0;6157991;18245020;0;0;0;0;0;0;0;0.204
1048576;91932;0;10560294;30273577;0;0;0;0;0;0;0;0.249
1048576;291840;0;172073892;471607546;0;0;0;0;0;0;0;2.493
4194304;76725;0;50611373;143916451;0;0;0;0;0;0;0;1.121
262144;12116;0;4175543;11778343;0;0;0;0;0;0;0;0.124
4194304;625610;0;119016660;330830724;0;0;0;0;0;0;0;2.179
4194304;452880;0;537054153;1473122153;0;0;0;0;0;0;0;7.890
4194304;995254;0;54697628;155079735;0;0;0;0;0;0;0;1.247
1048576;53196;0;18218975;51200838;0;0;0;0;0;0;0;0.353
1048576;792;0;6115198;18131070;0;0;0;0;0;0;0;0.194
1048576;22074;0;6097065;18078669;0;0;0;0;0;0;0;0.204
1048576;82818;0;10118151;29046708;0;0;0;0;0;0;0;0.229
1048576;1044;0;6761721;19896802;0;0;0;0;0;0;0;0.185
4194304;30272;0;58611242;165776096;0;0;0;0;0;0;0;1.321
4194304;128570;0;112839049;313950555;0;0;0;0;0;0;0;2.038
4194304;473760;0;126688265;351791608;0;0;0;0;0;0;0;2.189
1048576;10290;0;19162578;53781364;0;0;0;0;0;0;0;0.353
4194304;1165752;0;240244598;662084959;0;0;0;0;0;0;0;3.813
1048576;44745;0;11147134;31877203;0;0;0;0;0;0;0;0.253
262144;530;0;1705008;5028990;0;0;0;0;0;0;0;0.066
4194304;202200;0;285362744;785374812;0;0;0;0;0;0;0;4.404
4194304;64241;0;105326185;293424955;0;0;0;0;0;0;0;1.926
262144;92480;0;4395910;12380166;0;0;0;0;0;0;0;0.103
262144;2148;0;1460545;4362645;0;0;0;0;0;0;0;0.062
4194304;418176;0;98775703;275522692;0;0;0;0;0;0;0;3.882
4194304;61842;0;76608738;214947715;0;0;0;0;0;0;0;1.523
262144;3267;0;1836946;5388457;0;0;0;0;0;0;0;0.076
4194304;274188;0;111171318;309394708;0;0;0;0;0;0;0;2.006
262144;12555;0;4223030;11907868;0;0;0;0;0;0;0;0.103
262144;35560;0;3398441;9654778;0;0;0;0;0;0;0;1.857
1048576;15781;0;8360921;24264064;0;0;0;0;0;0;0;0.205
4194304;69525;0;39337349;113109579;0;0;0;0;0;0;0;0.994
4194304;47616;0;71818904;201865732;0;0;0;0;0;0;0;1.492
4194304;825519;0;783562893;2146705128;0;0;0;0;0;0;0;11.302
1048576;12201;0;21343942;59739658;0;0;0;0;0;0;0;0.392
4194304;63724;0;68947552;194018847;0;0;0;0;0;0;0;1.399
1048576;645;0;5627834;16796694;0;0;0;0;0;0;0;0.163
4194304;42080;0;41492679;118999990;0;0;0;0;0;0;0;1.041
4194304;385144;0;71335784;200543578;0;0;0;0;0;0;0;1.469
262144;10260;0;3805852;10768259;0;0;0;0;0;0;0;0.301
1048576;31622;0;46956050;129725606;0;0;0;0;0;0;0;0.764
262144;2480;0;1569384;4657003;0;0;0;0;0;0;0;0.143
1048576;36707;0;31260705;86838177;0;0;0;0;0;0;0;0.550
262144;18876;0;5632131;15757651;0;0;0;0;0;0;0;0.124
1048576;21823;0;15058929;42566065;0;0;0;0;0;0;0;0.295
262144;3627;0;4262544;12017101;0;0;0;0;0;0;0;0.138
4194304;210375;0;229421135;632510620;0;0;0;0;0;0;0;3.708
262144;312;0;1842361;5403426;0;0;0;0;0;0;0;0.068
4194304;110980;0;133288294;369823997;0;0;0;0;0;0;0;2.305
4194304;14904;0;41060240;117816528;0;0;0;0;0;0;0;1.030
262144;412;0;1765430;5193891;0;0;0;0;0;0;0;0.106
4194304;65402;0;80082270;224444048;0;0;0;0;0;0;0;1.560
4194304;4680;0;21207162;63569844;0;0;0;0;0;0;0;0.763
4194304;51528;0;88761500;248161188;0;0;0;0;0;0;0;2.017
4194304;228312;0;256631086;706863338;0;0;0;0;0;0;0;4.046
1048576;275280;0;29314986;81520137;0;0;0;0;0;0;0;0.534
262144;6512;0;4854606;13633298;0;0;0;0;0;0;0;0.114
4194304;1320980;0;542610320;1488295660;0;0;0;0;0;0;0;7.974
4194304;428400;0;21381019;64043992;0;0;0;0;0;0;0;0.742
1048576;42872;0;12644734;35969419;0;0;0;0;0;0;0;0.270
1048576;41515;0;11205298;32035993;0;0;0;0;0;0;0;0.256
1048576;180795;0;7274648;21295912;0;0;0;0;0;0;0;0.219
262144;7452;0;2528861;7279134;0;0;0;0;0;0;0;0.079
4194304;321883;0;439415528;1206326420;0;0;0;0;0;0;0;6.518
4194304;22748;0;46607271;132973616;0;0;0;0;0;0;0;1.097
4194304;2964;0;25093640;74189928;0;0;0;0;0;0;0;0.795
262144;2912;0;4255843;11997828;0;0;0;0;0;0;0;0.104
4194304;8019;0;21219252;63603083;0;0;0;0;0;0;0;0.772
1048576;154521;0;127666910;350263632;0;0;0;0;0;0;0;5.967
4194304;133152;0;82059388;229847715;0;0;0;0;0;0;0;1.652
1048576;80002;0;14933980;42223964;0;0;0;0;0;0;0;0.307
1048576;364826;0;8036139;23376871;0;0;0;0;0;0;0;0.249
1048576;896;0;6693952;19709356;0;0;0;0;0;0;0;0.188
262144;31605;0;3780839;10699739;0;0;0;0;0;0;0;0.105
1048576;358792;0;23066301;64444835;0;0;0;0;0;0;0;0.411
1048576;23548;0;24842872;69301989;0;0;0;0;0;0;0;0.435
1048576;191000;0;7011513;20571313;0;0;0;0;0;0;0;0.194
1048576;7104;0;15010736;42435360;0;0;0;0;0;0;0;0.314
1048576;9177;0;17509901;49263871;0;0;0;0;0;0;0;0.410
1048576;5292;0;12418471;35351987;0;0;0;0;0;0;0;0.264
4194304;24840;0;52806417;149911906;0;0;0;0;0;0;0;1.186
1048576;117367;0;22925368;64059480;0;0;0;0;0;0;0;0.409
1048576;89380;0;30253205;84083425;0;0;0;0;0;0;0;0.508
1048576;11454;0;17391158;48939183;0;0;0;0;0;0;0;0.326
4194304;778110;0;400646020;1100382492;0;0;0;0;0;0;0;6.073
4194304;207600;0;272697042;750765050;0;0;0;0;0;0;0;4.734
4194304;359307;0;449904605;1234986354;0;0;0;0;0;0;0;6.675
262144;3766;0;2852011;8164514;0;0;0;0;0;0;0;0.128
262144;15480;0;2383923;6882676;0;0;0;0;0;0;0;0.076
1048576;1850;0;6779832;19944222;0;0;0;0;0;0;0;0.185
262144;13750;0;1752704;5160678;0;0;0;0;0;0;0;0.069
1048576;1022;0;6124173;18155599;0;0;0;0;0;0;0;0.175
1048576;192705;0;16572883;46657657;0;0;0;0;0;0;0;0.324
262144;28544;0;2490315;7173321;0;0;0;0;0;0;0;0.079
1048576;12371;0;15618352;44094622;0;0;0;0;0;0;0;0.310
1048576;85680;0;7673044;22384647;0;0;0;0;0;0;0;0.227
1048576;173512;0;12611724;35878370;0;0;0;0;0;0;0;0.267
4194304;34558;0;35331568;102164121;0;0;0;0;0;0;0;0.932
4194304;320712;0;59369009;167844579;0;0;0;0;0;0;0;1.271
4194304;50407;0;86626841;242329001;0;0;0;0;0;0;0;1.630
4194304;174370;0;249139110;686394962;0;0;0;0;0;0;0;3.881
4194304;256496;0;119466875;332058678;0;0;0;0;0;0;0;2.319
4194304;17004;0;43593540;124740004;0;0;0;0;0;0;0;1.100
1048576;89010;0;97402715;267569130;0;0;0;0;0;0;0;1.485
4194304;100035;0;82031866;229770522;0;0;0;0;0;0;0;1.591
262144;865;0;1899127;5558189;0;0;0;0;0;0;0;0.070
262144;18886;0;4675981;13144996;0;0;0;0;0;0;0;0.108
4194304;1258200;0;221187144;610008758;0;0;0;0;0;0;0;3.533
262144;2106;0;2201126;6383587;0;0;0;0;0;0;0;0.073
262144;16095;0;2378841;6868904;0;0;0;0;0;0;0;0.077
1048576;4656;0;7904244;23017521;0;0;0;0;0;0;0;0.233
1048576;24708;0;24463740;68264368;0;0;0;0;0;0;0;0.431
1048576;138168;0;21010981;58828780;0;0;0;0;0;0;0;0.387
1048576;125970;0;103642649;284620307;0;0;0;0;0;0;0;1.567
262144;6510;0;2412839;6961957;0;0;0;0;0;0;0;0.079
4194304;70110;0;88803819;248275873;0;0;0;0;0;0;0;1.705
1048576;3289;0;5901759;17544890;0;0;0;0;0;0;0;0.183
4194304;1117470;0;143766859;398460310;0;0;0;0;0;0;0;2.474
1048576;80660;0;53168574;146700184;0;0;0;0;0;0;0;0.839
1048576;180;0;5624204;16786956;0;0;0;0;0;0;0;0.200
262144;696;0;1649687;4876847;0;0;0;0;0;0;0;0.068
262144;22984;0;4314545;12146735;0;0;0;0;0;0;0;0.120
4194304;1166997;0;1060593679;2903692810;0;0;0;0;0;0;0;15.137
4194304;90;0;21266394;63731992;0;0;0;0;0;0;0;0.745
1048576;99620;0;6399147;18903610;0;0;0;0;0;0;0;0.188
4194304;1094571;0;171431578;474052432;0;0;0;0;0;0;0;2.840
1048576;38078;0;53666939;148062781;0;0;0;0;0;0;0;0.839
262144;104276;0;7538231;20966061;0;0;0;0;0;0;0;0.187
4194304;46784;0;80012535;224253869;0;0;0;0;0;0;0;1.564
1048576;253536;0;9385935;27064908;0;0;0;0;0;0;0;0.235
1048576;12024;0;11217681;32070075;0;0;0;0;0;0;0;0.291
4194304;12744;0;37990952;109431660;0;0;0;0;0;0;0;0.966
4194304;240996;0;183119568;505991738;0;0;0;0;0;0;0;2.970
4194304;3348;0;25816372;76165880;0;0;0;0;0;0;0;0.841
1048576;50470;0;9506098;27393467;0;0;0;0;0;0;0;0.227
4194304;502712;0;419135266;1150908502;0;0;0;0;0;0;0;6.230
4194304;1074363;0;130096806;361105571;0;0;0;0;0;0;0;5.130
1048576;55140;0;8278611;24039695;0;0;0;0;0;0;0;0.256
4194304;34824;0;60037239;169666301;0;0;0;0;0;0;0;1.296
262144;7688;0;5800138;16219042;0;0;0;0;0;0;0;0.130
262144;288;0;1842214;5404923;0;0;0;0;0;0;0;0.067
4194304;151585;0;113718489;316353337;0;0;0;0;0;0;0;2.029
1048576;444;0;5656439;16874831;0;0;0;0;0;0;0;0.161
4194304;947600;0;32355406;94031251;0;0;0;0;0;0;0;0.900
4194304;42460;0;76970324;215941396;0;0;0;0;0;0;0;1.521
4194304;565180;0;34727909;100452568;0;0;0;0;0;0;0;0.917
1048576;392176;0;7690540;22432100;0;0;0;0;0;0;0;0.226
262144;16167;0;1971892;5757233;0;0;0;0;0;0;0;0.071
262144;50127;0;7665777;21316851;0;0;0;0;0;0;0;0.149
1048576;5720;0;6221916;18420729;0;0;0;0;0;0;0;0.176
4194304;1500240;0;1674874871;4582220175;0;0;0;0;0;0;0;23.624
262144;29264;0;5224393;14643960;0;0;0;0;0;0;0;0.119
1048576;82620;0;20031113;56151729;0;0;0;0;0;0;0;0.366
262144;884;0;1701875;5019539;0;0;0;0;0;0;0;0.066
4194304;74496;0;77101813;216300054;0;0;0;0;0;0;0;1.547
1048576;30375;0;10504623;30121575;0;0;0;0;0;0;0;0.240
4194304;16468;0;38886583;111877379;0;0;0;0;0;0;0;0.994
1048576;20100;0;31948136;88716744;0;0;0;0;0;0;0;0.531
4194304;86182;0;36229297;104616638;0;0;0;0;0;0;0;0.929
262144;31339;0;4334293;12211581;0;0;0;0;0;0;0;0.102
1048576;2398;0;7584310;22142797;0;0;0;0;0;0;0;0.195
1048576;211120;0;8194207;23808450;0;0;0;0;0;0;0;0.232
262144;1120;0;2614812;7513954;0;0;0;0;0;0;0;0.080
4194304;458932;0;459447554;1261056230;0;0;0;0;0;0;0;6.813
4194304;5226;0;28111290;82435138;0;0;0;0;0;0;0;0.802
4194304;1779;0;22353526;66701297;0;0;0;0;0;0;0;0.728
1048576;132440;0;34241695;94982360;0;0;0;0;0;0;0;0.584
1048576;12240;0;7340365;21475740;0;0;0;0;0;0;0;0.253
1048576;686;0;6327746;18709190;0;0;0;0;0;0;0;0.175
1048576;66495;0;17018386;47919545;0;0;0;0;0;0;0;0.328
4194304;19530;0;47377094;135075906;0;0;0;0;0;0;0;1.162
4194304;89466;0;86337761;241540629;0;0;0;0;0;0;0;1.612
262144;6880;0;1811916;5319973;0;0;0;0;0;0;0;0.069
4194304;9752;0;34082360;98750828;0;0;0;0;0;0;0;0.910
1048576;33642;0;6878238;20212912;0;0;0;0;0;0;0;0.216
1048576;69390;0;17015185;47910699;0;0;0;0;0;0;0;0.340
1048576;82467;0;29735158;82668338;0;0;0;0;0;0;0;0.495
1048576;1620;0;6094976;18073390;0;0;0;0;0;0;0;0.424
4194304;2484;0;24522380;72629004;0;0;0;0;0;0;0;1.023
1048576;3410;0;5634119;16816141;0;0;0;0;0;0;0;0.215
1048576;14504;0;8266843;24006835;0;0;0;0;0;0;0;0.256
4194304;152803;0;151927336;420760352;0;0;0;0;0;0;0;2.647
4194304;85120;0;29107766;85157594;0;0;0;0;0;0;0;0.874
1048576;22320;0;10883188;31156006;0;0;0;0;0;0;0;0.239
262144;873;0;2316777;6702243;0;0;0;0;0;0;0;0.079
4194304;249831;0;61915966;174803601;0;0;0;0;0;0;0;1.334
4194304;67266;0;102304284;285166105;0;0;0;0;0;0;0;1.865
1048576;27302;0;36829119;102052929;0;0;0;0;0;0;0;0.602
4194304;42328;0;59617045;168523337;0;0;0;0;0;0;0;1.275
4194304;199166;0;85878112;240281122;0;0;0;0;0;0;0;1.679
4194304;150288;0;201358539;555833398;0;0;0;0;0;0;0;3.278
1048576;792;0;6149782;18222168;0;0;0;0;0;0;0;0.177
1048576;416640;0;10381227;29783887;0;0;0;0;0;0;0;0.253
4194304;17405;0;44189965;126370723;0;0;0;0;0;0;0;1.096
262144;275;0;1648553;4874234;0;0;0;0;0;0;0;0.072
1048576;7650;0;6730401;19809180;0;0;0;0;0;0;0;0.214
4194304;1676575;0;81208666;227519058;0;0;0;0;0;0;0;1.620
4194304;41734;0;49404032;140615141;0;0;0;0;0;0;0;1.144
4194304;1095;0;22988655;68436037;0;0;0;0;0;0;0;0.829
1048576;20449;0;14683867;41541019;0;0;0;0;0;0;0;0.297
4194304;88209;0;136615602;378923444;0;0;0;0;0;0;0;3.362
4194304;55880;0;21303923;63833828;0;0;0;0;0;0;0;0.780
262144;7332;0;4590750;12912426;0;0;0;0;0;0;0;0.107
262144;110;0;1560161;4632409;0;0;0;0;0;0;0;0.066
1048576;23520;0;36375643;100814741;0;0;0;0;0;0;0;0.606
1048576;43225;0;23899929;66723317;0;0;0;0;0;0;0;0.422
4194304;132525;0;54695516;155074375;0;0;0;0;0;0;0;5.131
1048576;1100;0;5484432;16407007;0;0;0;0;0;0;0;0.188
1048576;21087;0;33191495;92113581;0;0;0;0;0;0;0;0.553
4194304;524286;0;183084824;505896995;0;0;0;0;0;0;0;3.035
4194304;121552;0;89837654;251100499;0;0;0;0;0;0;0;1.738
1048576;2641;0;5792740;17247250;0;0;0;0;0;0;0;0.202
4194304;6510;0;29727489;86850767;0;0;0;0;0;0;0;0.912
4194304;13002;0;38344254;110396410;0;0;0;0;0;0;0;0.974
4194304;255192;0;185345861;512076266;0;0;0;0;0;0;0;3.019
4194304;45840;0;57062819;161543215;0;0;0;0;0;0;0;1.232
262144;126280;0;4831255;13569526;0;0;0;0;0;0;0;0.141
1048576;41328;0;56184653;154941968;0;0;0;0;0;0;0;0.943
262144;180;0;1647341;4872441;0;0;0;0;0;0;0;0.073
1048576;75460;0;41887780;115874638;0;0;0;0;0;0;0;0.752
262144;27495;0;3853549;10888834;0;0;0;0;0;0;0;0.127
4194304;79254;0;40919905;117433416;0;0;0;0;0;0;0;1.070
1048576;5696;0;13035752;37038056;0;0;0;0;0;0;0;0.268
4194304;233964;0;135395168;375585130;0;0;0;0;0;0;0;2.352
1048576;7416;0;5736643;17093844;0;0;0;0;0;0;0;0.201
1048576;20803;0;24576944;68573836;0;0;0;0;0;0;0;0.452
4194304;14840;0;24490108;72539907;0;0;0;0;0;0;0;0.783
4194304;57743;0;69515896;195570561;0;0;0;0;0;0;0;1.393
4194304;64452;0;105597964;294167420;0;0;0;0;0;0;0;1.928
1048576;34452;0;9474912;27307610;0;0;0;0;0;0;0;0.234
1048576;7705;0;10204584;29302028;0;0;0;0;0;0;0;0.237
4194304;1734876;0;1383991285;3787376910;0;0;0;0;0;0;0;19.631
1048576;7332;0;10084678;28974227;0;0;0;0;0;0;0;0.243
4194304;957825;0;759859438;2081935737;0;0;0;0;0;0;0;10.982
1048576;6419;0;8698754;25187670;0;0;0;0;0;0;0;0.216
262144;7410;0;3255413;9263951;0;0;0;0;0;0;0;0.088
262144;2821;0;2284031;6611787;0;0;0;0;0;0;0;0.077
262144;92;0;1573244;4668176;0;0;0;0;0;0;0;0.067
1048576;5852;0;12512872;35609509;0;0;0;0;0;0;0;0.267
1048576;1890;0;5799754;17266899;0;0;0;0;0;0;0;0.175
1048576;46410;0;12564141;35749285;0;0;0;0;0;0;0;0.270
262144;2698;0;3122398;8902750;0;0;0;0;0;0;0;0.084
262144;387;0;1518425;4518253;0;0;0;0;0;0;0;0.066
4194304;29141;0;59443621;168050791;0;0;0;0;0;0;0;1.284
1048576;169200;0;9238996;26663429;0;0;0;0;0;0;0;0.234
4194304;345920;0;331020087;910133500;0;0;0;0;0;0;0;5.083
262144;4081;0;3207312;9132615;0;0;0;0;0;0;0;0.089
1048576;231525;0;84153399;231365557;0;0;0;0;0;0;0;1.278
4194304;185744;0;105201565;293080685;0;0;0;0;0;0;0;1.936
4194304;8319;0;32170575;93527533;0;0;0;0;0;0;0;0.939
1048576;2747;0;6442550;19022445;0;0;0;0;0;0;0;0.237
4194304;100833;0;152090439;421208557;0;0;0;0;0;0;0;2.675
4194304;110835;0;93910601;262230191;0;0;0;0;0;0;0;1.816
1048576;6100;0;12557056;35730179;0;0;0;0;0;0;0;0.266
1048576;3286;0;9639584;27758723;0;0;0;0;0;0;0;0.234
4194304;159544;0;39341827;113120816;0;0;0;0;0;0;0;0.991
4194304;476720;0;116379012;323622954;0;0;0;0;0;0;0;2.095
4194304;41280;0;63275504;178522369;0;0;0;0;0;0;0;1.351
1048576;16169;0;11583814;33071113;0;0;0;0;0;0;0;0.278
4194304;1728872;0;1522268160;4165220489;0;0;0;0;0;0;0;21.940
4194304;500151;0;43333493;124028258;0;0;0;0;0;0;0;1.035
1048576;2444;0;8688868;25161028;0;0;0;0;0;0;0;0.222
1048576;1265;0;6950520;20410720;0;0;0;0;0;0;0;0.279
262144;1209;0;2021474;5892646;0;0;0;0;0;0;0;0.071
1048576;35224;0;13582390;38531549;0;0;0;0;0;0;0;0.283
1048576;465;0;5713798;17031691;0;0;0;0;0;0;0;0.201
1048576;145542;0;7091259;20794805;0;0;0;0;0;0;0;0.202
262144;38315;0;3195297;9099611;0;0;0;0;0;0;0;0.089
262144;38218;0;6326178;17656799;0;0;0;0;0;0;0;0.134
4194304;4152;0;23407597;69580827;0;0;0;0;0;0;0;0.773
262144;1378;0;1579665;4684976;0;0;0;0;0;0;0;0.064
4194304;184527;0;141844799;393209849;0;0;0;0;0;0;0;2.439
262144;3807;0;3648274;10337407;0;0;0;0;0;0;0;0.162
1048576;118491;0;14744783;41709923;0;0;0;0;0;0;0;0.292
262144;30240;0;3449593;9794116;0;0;0;0;0;0;0;0.091
4194304;426916;0;354990419;975630951;0;0;0;0;0;0;0;5.459
4194304;44418;0;80663462;226033554;0;0;0;0;0;0;0;1.565
1048576;80592;0;65743584;181060631;0;0;0;0;0;0;0;1.029
1048576;195260;0;52901588;145968538;0;0;0;0;0;0;0;0.849
262144;6498;0;4018234;11348791;0;0;0;0;0;0;0;0.099
1048576;56544;0;8792821;25444246;0;0;0;0;0;0;0;0.243
1048576;32289;0;7400241;21639435;0;0;0;0;0;0;0;0.228
1048576;79016;0;6089140;18057053;0;0;0;0;0;0;0;0.215
1048576;531;0;5693681;16979357;0;0;0;0;0;0;0;0.202
1048576;44968;0;13375531;37965545;0;0;0;0;0;0;0;0.502
262144;45750;0;5414704;15163446;0;0;0;0;0;0;0;0.127
4194304;422940;0;321127456;883099903;0;0;0;0;0;0;0;4.994
1048576;11322;0;20911962;58562506;0;0;0;0;0;0;0;0.397
1048576;195993;0;29626334;82372106;0;0;0;0;0;0;0;0.499
1048576;11837;0;21040925;58912511;0;0;0;0;0;0;0;0.615
4194304;397056;0;82124574;230024670;0;0;0;0;0;0;0;1.643
4194304;545923;0;214436919;591564463;0;0;0;0;0;0;0;3.415
1048576;65436;0;9754994;28073148;0;0;0;0;0;0;0;0.239
262144;15824;0;2211195;6410941;0;0;0;0;0;0;0;0.103
1048576;8414;0;6384638;18864447;0;0;0;0;0;0;0;0.192
1048576;9984;0;9685566;27885446;0;0;0;0;0;0;0;0.255
1048576;214970;0;25648835;71502335;0;0;0;0;0;0;0;0.438
262144;255;0;1561452;4635909;0;0;0;0;0;0;0;0.066
262144;8109;0;4687641;13177534;0;0;0;0;0;0;0;0.109
1048576;7584;0;12336610;35127631;0;0;0;0;0;0;0;0.265
1048576;1296;0;7315081;21408817;0;0;0;0;0;0;0;0.188
1048576;448675;0;14794582;41842945;0;0;0;0;0;0;0;0.293
4194304;1263119;0;1159761334;3174675264;0;0;0;0;0;0;0;16.917
262144;812;0;2388166;6894847;0;0;0;0;0;0;0;0.083
4194304;140160;0;46459503;132570031;0;0;0;0;0;0;0;1.088
4194304;353617;0;233372357;643306902;0;0;0;0;0;0;0;3.729
4194304;26344;0;55859912;158257516;0;0;0;0;0;0;0;1.228
262144;360;0;1579865;4686446;0;0;0;0;0;0;0;0.064
262144;5628;0;1965680;5740257;0;0;0;0;0;0;0;0.070
1048576;8608;0;6575542;19385925;0;0;0;0;0;0;0;0.192
4194304;1460849;0;1188131662;3252194606;0;0;0;0;0;0;0;16.936
262144;20435;0;6805911;18966137;0;0;0;0;0;0;0;0.137
4194304;161833;0;138100239;382977572;0;0;0;0;0;0;0;2.443
262144;740;0;1981010;5781844;0;0;0;0;0;0;0;0.071
1048576;105152;0;11769766;33578115;0;0;0;0;0;0;0;0.308
4194304;102200;0;107096862;298263205;0;0;0;0;0;0;0;2.013
4194304;20046;0;40429082;116090857;0;0;0;0;0;0;0;1.087
4194304;18291;0;25441426;75140080;0;0;0;0;0;0;0;0.853
262144;220;0;1502913;4475958;0;0;0;0;0;0;0;0.068
4194304;2871;0;25175231;74411541;0;0;0;0;0;0;0;0.791
4194304;116831;0;33837631;98081585;0;0;0;0;0;0;0;0.964
4194304;59394;0;99182690;276638178;0;0;0;0;0;0;0;1.926
262144;892;0;1637993;4844872;0;0;0;0;0;0;0;0.069
262144;10325;0;3682862;10431716;0;0;0;0;0;0;0;0.099
1048576;178308;0;9596730;27640835;0;0;0;0;0;0;0;0.258
1048576;23571;0;6270697;18552676;0;0;0;0;0;0;0;0.206
1048576;45952;0;11929948;34016076;0;0;0;0;0;0;0;0.288
4194304;2262;0;24526314;72637630;0;0;0;0;0;0;0;0.814
262144;9071;0;3061562;8734373;0;0;0;0;0;0;0;0.088
1048576;46001;0;10656621;30536864;0;0;0;0;0;0;0;0.272
4194304;657336;0;314195788;864156633;0;0;0;0;0;0;0;4.924
1048576;1232;0;7041592;20661796;0;0;0;0;0;0;0;0.203
1048576;23218;0;11814193;33699792;0;0;0;0;0;0;0;0.285
1048576;21912;0;9051322;26150604;0;0;0;0;0;0;0;0.222
1048576;270;0;5397859;16168507;0;0;0;0;0;0;0;0.192
262144;15792;0;4374766;12322214;0;0;0;0;0;0;0;0.105
1048576;60123;0;47967277;132485965;0;0;0;0;0;0;0;0.782
4194304;7420;0;26208243;77234498;0;0;0;0;0;0;0;0.826
4194304;4136;0;26960584;79293586;0;0;0;0;0;0;0;0.854
4194304;407751;0;172018203;475656562;0;0;0;0;0;0;0;2.955
1048576;27830;0;27453443;76433958;0;0;0;0;0;0;0;0.492
1048576;217560;0;8170634;23743835;0;0;0;0;0;0;0;0.204
1048576;43428;0;42746837;118222550;0;0;0;0;0;0;0;0.697
1048576;1408;0;7283984;21322192;0;0;0;0;0;0;0;0.189
4194304;132030;0;194298158;536537454;0;0;0;0;0;0;0;3.199
4194304;63878;0;41849777;119973119;0;0;0;0;0;0;0;1.041
4194304;620046;0;41691146;119540688;0;0;0;0;0;0;0;1.012
1048576;227574;0;8825663;25534149;0;0;0;0;0;0;0;0.250
1048576;5508;0;5577925;16659466;0;0;0;0;0;0;0;0.178
4194304;906272;0;1163556511;3185046397;0;0;0;0;0;0;0;16.993
4194304;247728;0;337208863;927045266;0;0;0;0;0;0;0;5.212
1048576;88888;0;116756962;320454105;0;0;0;0;0;0;0;1.746
262144;38700;0;2958735;8453406;0;0;0;0;0;0;0;0.084
1048576;11492;0;6079925;18031731;0;0;0;0;0;0;0;0.212
4194304;93825;0;98807537;275608407;0;0;0;0;0;0;0;1.818
1048576;1050;0;5686362;16956681;0;0;0;0;0;0;0;0.197
1048576;50137;0;34296759;95132309;0;0;0;0;0;0;0;1.745
1048576;10388;0;8750091;25327417;0;0;0;0;0;0;0;0.480
1048576;33522;0;6299415;18631618;0;0;0;0;0;0;0;0.249
1048576;244696;0;85404940;234782577;0;0;0;0;0;0;0;1.341
1048576;2331;0;6929643;20354600;0;0;0;0;0;0;0;0.213
4194304;820800;0;210202408;579993865;0;0;0;0;0;0;0;3.453
262144;12240;0;3208645;9136208;0;0;0;0;0;0;0;0.095
4194304;181671;0;166959111;461837105;0;0;0;0;0;0;0;5.307
1048576;1113;0;6282040;18584386;0;0;0;0;0;0;0;0.182
4194304;32200;0;45102813;128862344;0;0;0;0;0;0;0;1.106
262144;8316;0;2936969;8394005;0;0;0;0;0;0;0;0.087
1048576;92664;0;6858938;20154211;0;0;0;0;0;0;0;0.184
4194304;105840;0;24519701;72620707;0;0;0;0;0;0;0;0.789
4194304;365568;0;409277029;1123969478;0;0;0;0;0;0;0;6.187
4194304;102680;0;66432542;187147883;0;0;0;0;0;0;0;1.387
4194304;78750;0;49270153;140250072;0;0;0;0;0;0;0;1.123
1048576;7510;0;6998115;20540362;0;0;0;0;0;0;0;0.199
262144;12840;0;5195044;14564240;0;0;0;0;0;0;0;0.114
1048576;103040;0;39526737;109422467;0;0;0;0;0;0;0;0.653
4194304;35400;0;53737344;152458388;0;0;0;0;0;0;0;1.228
4194304;720952;0;169231793;468042206;0;0;0;0;0;0;0;2.909
1048576;38293;0;13562077;38475462;0;0;0;0;0;0;0;0.293
4194304;286635;0;281202734;774005458;0;0;0;0;0;0;0;4.404
1048576;92619;0;11962024;34074518;0;0;0;0;0;0;0;0.265
4194304;186372;0;265094204;729988380;0;0;0;0;0;0;0;4.150
1048576;5130;0;12218090;34804314;0;0;0;0;0;0;0;0.264
4194304;35532;0;48336026;137695382;0;0;0;0;0;0;0;1.097
262144;22425;0;3477656;9871189;0;0;0;0;0;0;0;0.227
4194304;312409;0;47937768;136609368;0;0;0;0;0;0;0;1.158
1048576;53868;0;10862519;31099614;0;0;0;0;0;0;0;0.236
4194304;620144;0;111941061;311495211;0;0;0;0;0;0;0;2.034
1048576;188160;0;18052381;50744725;0;0;0;0;0;0;0;0.359
1048576;108450;0;32614922;90535525;0;0;0;0;0;0;0;0.545
262144;1200;0;2421034;6984568;0;0;0;0;0;0;0;0.079
262144;5124;0;2550479;7337958;0;0;0;0;0;0;0;0.079
1048576;3990;0;9515256;27418526;0;0;0;0;0;0;0;0.221
4194304;155434;0;208711924;575923912;0;0;0;0;0;0;0;3.365
262144;3136;0;1487996;4434859;0;0;0;0;0;0;0;0.063
4194304;1439744;0;1182152675;3235852008;0;0;0;0;0;0;0;16.919
4194304;27336;0;52484377;149034332;0;0;0;0;0;0;0;1.192
1048576;166500;0;10556003;30261685;0;0;0;0;0;0;0;0.266
1048576;32592;0;27630198;76916415;0;0;0;0;0;0;0;0.536
262144;2432;0;2387057;6891599;0;0;0;0;0;0;0;0.091
4194304;311472;0;167393153;463018501;0;0;0;0;0;0;0;2.840
4194304;1000;0;22711092;67681358;0;0;0;0;0;0;0;0.767
262144;1067;0;2205030;6394186;0;0;0;0;0;0;0;0.078
1048576;7820;0;13263476;37660662;0;0;0;0;0;0;0;0.287
1048576;36;0;5426556;16246972;0;0;0;0;0;0;0;0.188
1048576;1820;0;7724501;22527909;0;0;0;0;0;0;0;0.213
4194304;76140;0;58645519;165867502;0;0;0;0;0;0;0;1.275
4194304;172142;0;244197366;672891464;0;0;0;0;0;0;0;3.829
4194304;217803;0;109172275;303932449;0;0;0;0;0;0;0;1.999
262144;2548;0;2791717;7997320;0;0;0;0;0;0;0;0.085
4194304;267895;0;263747561;726307876;0;0;0;0;0;0;0;4.073
1048576;179928;0;13540480;38416762;0;0;0;0;0;0;0;0.278
4194304;45738;0;81226022;227570274;0;0;0;0;0;0;0;1.572
4194304;1086;0;23202906;69019614;0;0;0;0;0;0;0;0.804
262144;13875;0;5147702;14434397;0;0;0;0;0;0;0;0.121
262144;1305;0;1849062;5424086;0;0;0;0;0;0;0;0.071
4194304;651708;0;167108289;462238893;0;0;0;0;0;0;0;2.798
1048576;8084;0;8132351;23639733;0;0;0;0;0;0;0;0.206
4194304;173600;0;128324440;356264202;0;0;0;0;0;0;0;2.259
1048576;41272;0;10961923;31370892;0;0;0;0;0;0;0;0.236
4194304;2313;0;22052318;65882084;0;0;0;0;0;0;0;0.779
1048576;11154;0;6190064;18329776;0;0;0;0;0;0;0;0.194
1048576;157798;0;130787692;358792122;0;0;0;0;0;0;0;1.913
4194304;737016;0;809358198;2217188468;0;0;0;0;0;0;0;11.663
1048576;440960;0;27992565;77906197;0;0;0;0;0;0;0;0.475
1048576;10070;0;13358932;37923080;0;0;0;0;0;0;0;0.279
1048576;279630;0;218234293;597740093;0;0;0;0;0;0;0;3.120
4194304;130075;0;120887142;335942513;0;0;0;0;0;0;0;2.107
1048576;26640;0;36510448;101182080;0;0;0;0;0;0;0;0.617
1048576;4860;0;5882684;17493135;0;0;0;0;0;0;0;0.201
1048576;95312;0;43614445;120593305;0;0;0;0;0;0;0;0.710
1048576;7125;0;14859077;42020967;0;0;0;0;0;0;0;0.306
4194304;496696;0;311968969;858073743;0;0;0;0;0;0;0;4.738
1048576;2460;0;6447965;19037239;0;0;0;0;0;0;0;0.176
1048576;363307;0;10923345;31265625;0;0;0;0;0;0;0;0.245
4194304;70744;0;49345338;140456033;0;0;0;0;0;0;0;1.142
4194304;28602;0;33741545;97819931;0;0;0;0;0;0;0;1.355
4194304;916559;0;82863629;232042001;0;0;0;0;0;0;0;1.595
1048576;4662;0;7627414;22259627;0;0;0;0;0;0;0;0.193
4194304;258066;0;50331833;143151687;0;0;0;0;0;0;0;1.135
4194304;485576;0;574580661;1575664164;0;0;0;0;0;0;0;8.368
262144;2844;0;2272658;6580613;0;0;0;0;0;0;0;0.078
1048576;24722;0;17158051;48301637;0;0;0;0;0;0;0;2.195
4194304;224289;0;295097814;811974332;0;0;0;0;0;0;0;4.844
1048576;127095;0;14236309;40318093;0;0;0;0;0;0;0;0.291
1048576;44280;0;7869689;22922123;0;0;0;0;0;0;0;0.227
1048576;35616;0;11104540;31761023;0;0;0;0;0;0;0;0.507
1048576;206585;0;23243297;64928340;0;0;0;0;0;0;0;0.465
1048576;178920;0;5864055;17441940;0;0;0;0;0;0;0;0.213
1048576;13680;0;8047861;23408848;0;0;0;0;0;0;0;0.196
1048576;78012;0;18912017;53093780;0;0;0;0;0;0;0;0.353
1048576;1602;0;7790750;22705482;0;0;0;0;0;0;0;0.202
4194304;322092;0;384595529;1056529065;0;0;0;0;0;0;0;5.744
1048576;2695;0;9180775;26507613;0;0;0;0;0;0;0;0.244
1048576;419437;0;17940980;50440850;0;0;0;0;0;0;0;0.345
1048576;39852;0;17758771;49942220;0;0;0;0;0;0;0;0.336
262144;39560;0;7528739;20939986;0;0;0;0;0;0;0;0.148
1048576;23069;0;7331337;21451166;0;0;0;0;0;0;0;0.200
262144;3212;0;3315389;9428036;0;0;0;0;0;0;0;0.090
262144;9165;0;4022716;11362218;0;0;0;0;0;0;0;0.104
1048576;568;0;5429007;16253538;0;0;0;0;0;0;0;0.214
4194304;219661;0;184102442;508679728;0;0;0;0;0;0;0;2.980
262144;2697;0;2229620;6461400;0;0;0;0;0;0;0;0.076
1048576;31850;0;30166366;83846716;0;0;0;0;0;0;0;0.515
1048576;59427;0;16722027;47109387;0;0;0;0;0;0;0;0.323
1048576;94290;0;73033589;200979336;0;0;0;0;0;0;0;1.122
262144;7540;0;2507715;7221139;0;0;0;0;0;0;0;0.078
1048576;292;0;5531552;16533577;0;0;0;0;0;0;0;2.451
4194304;71155;0;95784598;267350290;0;0;0;0;0;0;0;1.790
4194304;299632;0;379439627;1042439643;0;0;0;0;0;0;0;5.702
4194304;527252;0;196134486;541552913;0;0;0;0;0;0;0;3.162
4194304;29713;0;59469331;168121082;0;0;0;0;0;0;0;1.284
1048576;124992;0;125220417;343580361;0;0;0;0;0;0;0;1.834
262144;3280;0;4172245;11769064;0;0;0;0;0;0;0;0.103
262144;17980;0;1455881;4347319;0;0;0;0;0;0;0;0.065
4194304;192;0;21387608;64063416;0;0;0;0;0;0;0;0.741
4194304;644846;0;116976842;325254622;0;0;0;0;0;0;0;2.052
1048576;392;0;5831307;17354634;0;0;0;0;0;0;0;0.170
1048576;62565;0;47922471;132364765;0;0;0;0;0;0;0;0.760
1048576;106050;0;15396496;43488203;0;0;0;0;0;0;0;0.300
1048576;7224;0;15029408;42486432;0;0;0;0;0;0;0;0.300
4194304;357944;0;206806521;570717406;0;0;0;0;0;0;0;3.339
4194304;1911720;0;1541660979;4218215287;0;0;0;0;0;0;0;21.817
262144;69;0;1490067;4441997;0;0;0;0;0;0;0;0.075
4194304;14712;0;38641028;111207650;0;0;0;0;0;0;0;0.988
1048576;215952;0;203822959;558361268;0;0;0;0;0;0;0;2.944
1048576;208964;0;30172089;83861304;0;0;0;0;0;0;0;0.510
1048576;43164;0;38270392;105991349;0;0;0;0;0;0;0;0.634
4194304;506260;0;54700160;155087733;0;0;0;0;0;0;0;1.205
262144;506;0;1843658;5408098;0;0;0;0;0;0;0;0.068
1048576;167762;0;9235688;26654010;0;0;0;0;0;0;0;0.250
262144;14637;0;3164606;9009293;0;0;0;0;0;0;0;2.310
1048576;221120;0;39804298;110180495;0;0;0;0;0;0;0;0.758
4194304;198648;0;254746412;701712884;0;0;0;0;0;0;0;3.966
1048576;24648;0;15633889;44136847;0;0;0;0;0;0;0;0.308
1048576;5376;0;9530222;27460729;0;0;0;0;0;0;0;4.717
4194304;7590;0;31213090;90911222;0;0;0;0;0;0;0;0.867
1048576;1771;0;7787171;22696897;0;0;0;0;0;0;0;0.200
1048576;12948;0;16258062;45843373;0;0;0;0;0;0;0;0.322
4194304;183890;0;261584270;720401498;0;0;0;0;0;0;0;4.071
1048576;4576;0;10091670;28994000;0;0;0;0;0;0;0;0.236
262144;46927;0;2738746;7852131;0;0;0;0;0;0;0;0.084
1048576;2816;0;6029814;17895198;0;0;0;0;0;0;0;0.189
4194304;34608;0;34132131;98886196;0;0;0;0;0;0;0;0.971
1048576;2415;0;6607856;19475432;0;0;0;0;0;0;0;0.204
1048576;86520;0;7381888;21589274;0;0;0;0;0;0;0;0.211
1048576;237;0;5768101;17179775;0;0;0;0;0;0;0;0.174
1048576;2504;0;9425488;27170128;0;0;0;0;0;0;0;0.223
262144;2245;0;1732676;5106272;0;0;0;0;0;0;0;0.070
4194304;13870;0;39654290;113975062;0;0;0;0;0;0;0;1.020
1048576;5226;0;12376506;35236930;0;0;0;0;0;0;0;0.290
1048576;124950;0;6974454;20475705;0;0;0;0;0;0;0;0.255
1048576;37558;0;12482659;35526160;0;0;0;0;0;0;0;0.269
4194304;169325;0;155369861;430165936;0;0;0;0;0;0;0;2.589
1048576;88;0;5527736;16523200;0;0;0;0;0;0;0;3.489
262144;37926;0;2684351;7703564;0;0;0;0;0;0;0;0.088
1048576;91664;0;16412232;46263343;0;0;0;0;0;0;0;0.330
4194304;16240;0;42239456;121040552;0;0;0;0;0;0;0;1.023
1048576;171;0;5575404;16656136;0;0;0;0;0;0;0;0.177
1048576;1080;0;6917496;20322790;0;0;0;0;0;0;0;0.197
4194304;28365;0;58428885;165278047;0;0;0;0;0;0;0;1.263
4194304;10287;0;28754791;84193332;0;0;0;0;0;0;0;0.823
262144;8010;0;2254281;6528758;0;0;0;0;0;0;0;0.077
262144;2680;0;1898680;5559725;0;0;0;0;0;0;0;0.072
1048576;148304;0;199325648;546075308;0;0;0;0;0;0;0;2.858
262144;26187;0;3050981;8705221;0;0;0;0;0;0;0;0.088
262144;7378;0;4738803;13317606;0;0;0;0;0;0;0;0.109
262144;434;0;1605586;4756409;0;0;0;0;0;0;0;0.067
1048576;30401;0;5823964;17332475;0;0;0;0;0;0;0;0.186
4194304;1548120;0;379439623;1042434035;0;0;0;0;0;0;0;5.707
1048576;269724;0;200052589;548058317;0;0;0;0;0;0;0;2.869
262144;1122;0;2699064;7744022;0;0;0;0;0;0;0;0.081
1048576;100584;0;8151014;23690310;0;0;0;0;0;0;0;0.234
262144;45816;0;4581183;12886056;0;0;0;0;0;0;0;0.116
4194304;377157;0;151076855;418434573;0;0;0;0;0;0;0;2.522
4194304;235872;0;182170308;503401850;0;0;0;0;0;0;0;2.957
1048576;32376;0;48156152;133003188;0;0;0;0;0;0;0;0.759
4194304;209300;0;294602536;810622792;0;0;0;0;0;0;0;5.767
4194304;265050;0;154772888;428534095;0;0;0;0;0;0;0;2.608
1048576;1806;0;6441703;19022051;0;0;0;0;0;0;0;0.179
4194304;14430;0;24732759;73203377;0;0;0;0;0;0;0;0.747
262144;44784;0;4686324;13173231;0;0;0;0;0;0;0;0.111
1048576;133042;0;51529225;142220668;0;0;0;0;0;0;0;0.811
262144;1010;0;1850306;5426950;0;0;0;0;0;0;0;0.067
4194304;693873;0;164223468;454356806;0;0;0;0;0;0;0;2.815
262144;12198;0;2806283;8036546;0;0;0;0;0;0;0;0.097
262144;1432;0;1925863;5633633;0;0;0;0;0;0;0;0.091
1048576;282150;0;10077315;28953705;0;0;0;0;0;0;0;0.247
1048576;325892;0;34140875;94705150;0;0;0;0;0;0;0;0.558
4194304;67737;0;109910873;305952771;0;0;0;0;0;0;0;1.971
262144;8586;0;6036367;16862755;0;0;0;0;0;0;0;0.125
4194304;37323;0;37619844;108415325;0;0;0;0;0;0;0;0.971
1048576;8624;0;7375178;21570784;0;0;0;0;0;0;0;0.205
1048576;11832;0;19933410;55886345;0;0;0;0;0;0;0;0.362
4194304;137385;0;78522633;220181368;0;0;0;0;0;0;0;1.536
4194304;42120;0;74140905;208206394;0;0;0;0;0;0;0;1.469
262144;19980;0;7572943;21060761;0;0;0;0;0;0;0;0.150
1048576;4767;0;8430814;24455719;0;0;0;0;0;0;0;0.204
1048576;25990;0;8030481;23361190;0;0;0;0;0;0;0;0.228
4194304;34323;0;48839058;139073544;0;0;0;0;0;0;0;1.099
4194304;34340;0;66505520;187345472;0;0;0;0;0;0;0;1.343
1048576;1670;0;6734816;19821623;0;0;0;0;0;0;0;0.180
4194304;369495;0;69656248;195954512;0;0;0;0;0;0;0;1.414
1048576;36632;0;7073165;20745320;0;0;0;0;0;0;0;0.186
262144;5644;0;2456779;7081806;0;0;0;0;0;0;0;0.079
4194304;77480;0;78316651;219619211;0;0;0;0;0;0;0;1.512
1048576;9840;0;10906712;31220375;0;0;0;0;0;0;0;0.233
1048576;25132;0;10501302;30112808;0;0;0;0;0;0;0;0.242
262144;452;0;1742024;5129081;0;0;0;0;0;0;0;0.068
262144;688;0;2007361;5854083;0;0;0;0;0;0;0;0.076
4194304;102090;0;114840572;319418522;0;0;0;0;0;0;0;2.078
262144;1782;0;2187934;6347449;0;0;0;0;0;0;0;0.073
4194304;665448;0;118685334;329923218;0;0;0;0;0;0;0;2.129
1048576;26334;0;11234721;32118061;0;0;0;0;0;0;0;0.276
262144;4843;0;2277765;6593675;0;0;0;0;0;0;0;0.074
4194304;734160;0;138901158;385166648;0;0;0;0;0;0;0;2.359
1048576;49329;0;70113281;193002795;0;0;0;0;0;0;0;1.062
1048576;21224;0;16473322;46431169;0;0;0;0;0;0;0;0.325
