1048576;25472;0;0;0;5240;0;0;0;0;0;0;0.254
1048576;48;0;0;0;5063;0;0;0;0;0;0;0.136
1048576;87958;0;0;0;5414;0;0;0;0;0;0;0.158
4194304;750057;0;0;0;5162;0;0;0;0;0;0;2.107
4194304;947505;0;0;0;5069;0;0;0;0;0;0;2.722
4194304;54758;0;0;0;5081;0;0;0;0;0;0;0.795
262144;1508;0;0;0;5225;0;0;0;0;0;0;0.062
1048576;13825;0;0;0;5120;0;0;0;0;0;0;0.185
1048576;84535;0;0;0;5144;0;0;0;0;0;0;0.212
1048576;36192;0;0;0;5345;0;0;0;0;0;0;0.171
1048576;9440;0;0;0;5063;0;0;0;0;0;0;0.198
4194304;13000;0;0;0;5138;0;0;0;0;0;0;0.643
1048576;21340;0;0;0;5207;0;0;0;0;0;0;0.163
1048576;99645;0;0;0;5135;0;0;0;0;0;0;0.296
1048576;184926;0;0;0;5363;0;0;0;0;0;0;0.184
262144;2187;0;0;0;5105;0;0;0;0;0;0;0.061
4194304;697632;0;0;0;5099;0;0;0;0;0;0;2.904
1048576;456;0;0;0;5063;0;0;0;0;0;0;0.125
4194304;3951;0;0;0;5063;0;0;0;0;0;0;0.597
4194304;4324;0;0;0;5120;0;0;0;0;0;0;0.651
4194304;23808;0;0;0;5063;0;0;0;0;0;0;0.644
1048576;71669;0;0;0;5576;0;0;0;0;0;0;0.142
262144;4446;0;0;0;5096;0;0;0;0;0;0;0.057
4194304;168480;0;0;0;5231;0;0;0;0;0;0;0.640
262144;2774;0;0;0;5156;0;0;0;0;0;0;0.079
262144;5610;0;0;0;5249;0;0;0;0;0;0;0.078
1048576;7420;0;0;0;5072;0;0;0;0;0;0;0.142
4194304;1906902;0;0;0;5198;0;0;0;0;0;0;2.743
1048576;1785;0;0;0;5072;0;0;0;0;0;0;0.134
1048576;21112;0;0;0;5063;0;0;0;0;0;0;0.164
4194304;232238;0;0;0;5135;0;0;0;0;0;0;2.067
1048576;13054;0;0;0;5147;0;0;0;0;0;0;0.158
262144;1928;0;0;0;5207;0;0;0;0;0;0;0.060
1048576;52547;0;0;0;5063;0;0;0;0;0;0;0.241
1048576;34404;0;0;0;5069;0;0;0;0;0;0;0.238
4194304;1279950;0;0;0;5168;0;0;0;0;0;0;1.289
262144;22066;0;0;0;5405;0;0;0;0;0;0;0.065
1048576;4191;0;0;0;5114;0;0;0;0;0;0;0.160
4194304;391206;0;0;0;5063;0;0;0;0;0;0;2.068
1048576;127036;0;0;0;5261;0;0;0;0;0;0;0.170
1048576;252556;0;0;0;5324;0;0;0;0;0;0;0.193
1048576;4683;0;0;0;5087;0;0;0;0;0;0;0.145
262144;34087;0;0;0;5243;0;0;0;0;0;0;0.083
1048576;59643;0;0;0;5093;0;0;0;0;0;0;0.215
4194304;141288;0;0;0;5102;0;0;0;0;0;0;0.916
262144;6919;0;0;0;5261;0;0;0;0;0;0;0.056
4194304;281196;0;0;0;5063;0;0;0;0;0;0;1.351
4194304;88040;0;0;0;5183;0;0;0;0;0;0;0.823
4194304;1112;0;0;0;5063;0;0;0;0;0;0;0.587
1048576;149056;0;0;0;5132;0;0;0;0;0;0;0.627
1048576;7380;0;0;0;5252;0;0;0;0;0;0;0.132
4194304;34986;0;0;0;5063;0;0;0;0;0;0;0.763
4194304;774080;0;0;0;5213;0;0;0;0;0;0;0.880
1048576;13108;0;0;0;5063;0;0;0;0;0;0;0.181
4194304;79849;0;0;0;5228;0;0;0;0;0;0;0.658
4194304;144414;0;0;0;5063;0;0;0;0;0;0;1.038
1048576;22338;0;0;0;5156;0;0;0;0;0;0;0.327
1048576;22310;0;0;0;5129;0;0;0;0;0;0;0.204
4194304;7408;0;0;0;5099;0;0;0;0;0;0;0.674
4194304;875;0;0;0;5123;0;0;0;0;0;0;0.648
4194304;36424;0;0;0;5150;0;0;0;0;0;0;0.636
1048576;85854;0;0;0;5111;0;0;0;0;0;0;0.277
1048576;37152;0;0;0;5093;0;0;0;0;0;0;0.290
4194304;16150;0;0;0;5186;0;0;0;0;0;0;0.660
1048576;568;0;0;0;5063;0;0;0;0;0;0;0.129
1048576;67510;0;0;0;5309;0;0;0;0;0;0;0.152
4194304;99883;0;0;0;5081;0;0;0;0;0;0;1.188
1048576;16185;0;0;0;5141;0;0;0;0;0;0;0.237
4194304;179894;0;0;0;5066;0;0;0;0;0;0;1.291
1048576;36570;0;0;0;5123;0;0;0;0;0;0;0.199
4194304;1609984;0;0;0;5219;0;0;0;0;0;0;1.409
4194304;798;0;0;0;5063;0;0;0;0;0;0;0.603
1048576;1408;0;0;0;5063;0;0;0;0;0;0;0.136
4194304;157725;0;0;0;5183;0;0;0;0;0;0;0.922
4194304;63336;0;0;0;5063;0;0;0;0;0;0;0.669
1048576;53440;0;0;0;5330;0;0;0;0;0;0;0.162
1048576;37960;0;0;0;5144;0;0;0;0;0;0;0.245
4194304;477650;0;0;0;5579;0;0;0;0;0;0;0.721
4194304;13400;0;0;0;5238;0;0;0;0;0;0;0.907
1048576;35600;0;0;0;5159;0;0;0;0;0;0;0.203
4194304;5796;0;0;0;5063;0;0;0;0;0;0;0.620
1048576;2268;0;0;0;5135;0;0;0;0;0;0;0.172
1048576;1015;0;0;0;5075;0;0;0;0;0;0;0.163
4194304;76110;0;0;0;5105;0;0;0;0;0;0;0.782
262144;13870;0;0;0;5132;0;0;0;0;0;0;0.090
1048576;26112;0;0;0;5141;0;0;0;0;0;0;0.183
4194304;282735;0;0;0;5147;0;0;0;0;0;0;1.167
1048576;56511;0;0;0;5114;0;0;0;0;0;0;0.251
4194304;70560;0;0;0;5063;0;0;0;0;0;0;0.682
4194304;261590;0;0;0;5078;0;0;0;0;0;0;1.320
4194304;6552;0;0;0;5063;0;0;0;0;0;0;0.597
1048576;179992;0;0;0;5216;0;0;0;0;0;0;0.173
4194304;132192;0;0;0;5063;0;0;0;0;0;0;0.983
4194304;61098;0;0;0;5072;0;0;0;0;0;0;0.656
4194304;302255;0;0;0;5075;0;0;0;0;0;0;1.283
4194304;1570760;0;0;0;5441;0;0;0;0;0;0;0.693
4194304;791340;0;0;0;5195;0;0;0;0;0;0;0.990
4194304;44526;0;0;0;5063;0;0;0;0;0;0;0.728
4194304;1696134;0;0;0;5351;0;0;0;0;0;0;3.071
1048576;44080;0;0;0;5240;0;0;0;0;0;0;0.200
262144;7644;0;0;0;5204;0;0;0;0;0;0;0.060
1048576;7644;0;0;0;5063;0;0;0;0;0;0;0.142
1048576;14775;0;0;0;5100;0;0;0;0;0;0;0.385
4194304;1345900;0;0;0;5111;0;0;0;0;0;0;4.230
4194304;82992;0;0;0;5171;0;0;0;0;0;0;0.755
1048576;385;0;0;0;5063;0;0;0;0;0;0;0.142
4194304;30875;0;0;0;5117;0;0;0;0;0;0;0.677
262144;168;0;0;0;5063;0;0;0;0;0;0;0.055
1048576;153314;0;0;0;5183;0;0;0;0;0;0;0.301
1048576;17360;0;0;0;5147;0;0;0;0;0;0;0.173
4194304;521700;0;0;0;5204;0;0;0;0;0;0;1.426
1048576;4824;0;0;0;5063;0;0;0;0;0;0;0.170
4194304;501042;0;0;0;5144;0;0;0;0;0;0;1.143
1048576;18275;0;0;0;5063;0;0;0;0;0;0;0.153
262144;7076;0;0;0;5387;0;0;0;0;0;0;0.058
1048576;110207;0;0;0;5393;0;0;0;0;0;0;0.178
4194304;59040;0;0;0;5108;0;0;0;0;0;0;0.912
262144;3287;0;0;0;5063;0;0;0;0;0;0;0.083
1048576;87730;0;0;0;5093;0;0;0;0;0;0;0.158
262144;35;0;0;0;5063;0;0;0;0;0;0;0.053
1048576;136942;0;0;0;5306;0;0;0;0;0;0;0.180
1048576;15105;0;0;0;5405;0;0;0;0;0;0;0.137
1048576;100596;0;0;0;5189;0;0;0;0;0;0;0.435
1048576;58089;0;0;0;5303;0;0;0;0;0;0;0.167
262144;3212;0;0;0;5315;0;0;0;0;0;0;0.094
1048576;416054;0;0;0;5189;0;0;0;0;0;0;1.669
4194304;65985;0;0;0;5117;0;0;0;0;0;0;0.695
4194304;410832;0;0;0;5441;0;0;0;0;0;0;0.881
262144;11990;0;0;0;5342;0;0;0;0;0;0;0.084
4194304;66732;0;0;0;5063;0;0;0;0;0;0;1.160
1048576;92571;0;0;0;5186;0;0;0;0;0;0;0.206
4194304;1596195;0;0;0;5264;0;0;0;0;0;0;1.930
1048576;21181;0;0;0;5159;0;0;0;0;0;0;0.167
4194304;1848561;0;0;0;5102;0;0;0;0;0;0;6.905
1048576;100528;0;0;0;5210;0;0;0;0;0;0;0.184
1048576;65930;0;0;0;5333;0;0;0;0;0;0;0.166
262144;20276;0;0;0;5372;0;0;0;0;0;0;0.069
1048576;6370;0;0;0;5063;0;0;0;0;0;0;0.142
1048576;42532;0;0;0;5342;0;0;0;0;0;0;0.183
1048576;1206;0;0;0;5237;0;0;0;0;0;0;0.127
1048576;908;0;0;0;5063;0;0;0;0;0;0;0.204
262144;594;0;0;0;5189;0;0;0;0;0;0;0.056
262144;34;0;0;0;5063;0;0;0;0;0;0;0.057
1048576;5643;0;0;0;5321;0;0;0;0;0;0;0.165
4194304;76622;0;0;0;5141;0;0;0;0;0;0;0.973
1048576;10952;0;0;0;5420;0;0;0;0;0;0;0.151
1048576;53879;0;0;0;5234;0;0;0;0;0;0;0.173
1048576;20181;0;0;0;5078;0;0;0;0;0;0;0.156
1048576;193177;0;0;0;5102;0;0;0;0;0;0;0.321
262144;15996;0;0;0;5270;0;0;0;0;0;0;0.067
262144;7470;0;0;0;5222;0;0;0;0;0;0;0.063
4194304;280434;0;0;0;5211;0;0;0;0;0;0;1.532
4194304;43068;0;0;0;5063;0;0;0;0;0;0;0.927
262144;855;0;0;0;5159;0;0;0;0;0;0;0.066
4194304;43173;0;0;0;5063;0;0;0;0;0;0;0.633
4194304;13888;0;0;0;5063;0;0;0;0;0;0;0.587
4194304;486855;0;0;0;5078;0;0;0;0;0;0;1.867
4194304;24752;0;0;0;5063;0;0;0;0;0;0;0.822
4194304;22906;0;0;0;5063;0;0;0;0;0;0;0.673
262144;660;0;0;0;5117;0;0;0;0;0;0;0.056
262144;55040;0;0;0;5321;0;0;0;0;0;0;0.066
262144;76704;0;0;0;5318;0;0;0;0;0;0;0.062
262144;14000;0;0;0;5252;0;0;0;0;0;0;0.077
262144;4275;0;0;0;5093;0;0;0;0;0;0;0.064
1048576;22041;0;0;0;5099;0;0;0;0;0;0;0.213
4194304;105754;0;0;0;5063;0;0;0;0;0;0;0.999
1048576;580560;0;0;0;5417;0;0;0;0;0;0;0.201
262144;11102;0;0;0;5285;0;0;0;0;0;0;0.063
4194304;177100;0;0;0;5063;0;0;0;0;0;0;1.015
4194304;8491;0;0;0;5063;0;0;0;0;0;0;0.665
4194304;18032;0;0;0;5063;0;0;0;0;0;0;0.623
1048576;135696;0;0;0;5285;0;0;0;0;0;0;0.216
1048576;352;0;0;0;5063;0;0;0;0;0;0;0.133
4194304;45192;0;0;0;5081;0;0;0;0;0;0;0.722
1048576;10653;0;0;0;5153;0;0;0;0;0;0;0.194
1048576;11058;0;0;0;5273;0;0;0;0;0;0;0.202
4194304;170754;0;0;0;5213;0;0;0;0;0;0;0.824
1048576;30751;0;0;0;5078;0;0;0;0;0;0;0.243
262144;14319;0;0;0;5249;0;0;0;0;0;0;0.083
1048576;16851;0;0;0;5135;0;0;0;0;0;0;0.171
1048576;270319;0;0;0;5228;0;0;0;0;0;0;0.197
4194304;45510;0;0;0;5162;0;0;0;0;0;0;0.774
1048576;393324;0;0;0;5240;0;0;0;0;0;0;0.178
1048576;86350;0;0;0;5213;0;0;0;0;0;0;0.264
1048576;86856;0;0;0;5261;0;0;0;0;0;0;0.221
4194304;611952;0;0;0;5084;0;0;0;0;0;0;3.809
1048576;119566;0;0;0;5108;0;0;0;0;0;0;0.569
1048576;132468;0;0;0;5258;0;0;0;0;0;0;0.188
1048576;14926;0;0;0;5069;0;0;0;0;0;0;0.225
1048576;18088;0;0;0;5285;0;0;0;0;0;0;0.209
262144;3750;0;0;0;5099;0;0;0;0;0;0;0.065
4194304;71977;0;0;0;5114;0;0;0;0;0;0;0.813
4194304;993888;0;0;0;5297;0;0;0;0;0;0;1.044
262144;1575;0;0;0;5183;0;0;0;0;0;0;0.061
4194304;178835;0;0;0;5183;0;0;0;0;0;0;1.196
1048576;251652;0;0;0;5390;0;0;0;0;0;0;0.182
4194304;70374;0;0;0;5063;0;0;0;0;0;0;0.834
1048576;283800;0;0;0;5162;0;0;0;0;0;0;1.253
4194304;2194156;0;0;0;5219;0;0;0;0;0;0;3.314
4194304;351120;0;0;0;5141;0;0;0;0;0;0;1.428
4194304;388143;0;0;0;5147;0;0;0;0;0;0;1.206
262144;12714;0;0;0;5093;0;0;0;0;0;0;0.080
4194304;29748;0;0;0;5333;0;0;0;0;0;0;0.678
262144;24897;0;0;0;5294;0;0;0;0;0;0;0.059
262144;14608;0;0;0;5270;0;0;0;0;0;0;0.132
4194304;81253;0;0;0;5174;0;0;0;0;0;0;0.753
4194304;6100;0;0;0;5063;0;0;0;0;0;0;0.672
1048576;52920;0;0;0;5066;0;0;0;0;0;0;0.557
1048576;14766;0;0;0;5309;0;0;0;0;0;0;0.164
4194304;590272;0;0;0;5330;0;0;0;0;0;0;0.819
4194304;40716;0;0;0;5075;0;0;0;0;0;0;0.724
4194304;22330;0;0;0;5063;0;0;0;0;0;0;0.752
4194304;23520;0;0;0;5069;0;0;0;0;0;0;0.774
1048576;26880;0;0;0;5339;0;0;0;0;0;0;0.197
262144;29400;0;0;0;5387;0;0;0;0;0;0;0.071
4194304;104646;0;0;0;5114;0;0;0;0;0;0;1.147
4194304;43380;0;0;0;5066;0;0;0;0;0;0;0.655
1048576;51429;0;0;0;5231;0;0;0;0;0;0;0.176
4194304;182262;0;0;0;5198;0;0;0;0;0;0;0.867
1048576;316;0;0;0;5063;0;0;0;0;0;0;0.143
4194304;3519;0;0;0;5063;0;0;0;0;0;0;0.706
262144;52;0;0;0;5063;0;0;0;0;0;0;0.056
4194304;42180;0;0;0;5330;0;0;0;0;0;0;0.720
4194304;864512;0;0;0;5159;0;0;0;0;0;0;2.855
1048576;13365;0;0;0;5321;0;0;0;0;0;0;0.220
4194304;101500;0;0;0;5453;0;0;0;0;0;0;0.626
4194304;123444;0;0;0;5066;0;0;0;0;0;0;0.996
4194304;57912;0;0;0;5063;0;0;0;0;0;0;0.620
4194304;6175;0;0;0;5099;0;0;0;0;0;0;0.631
4194304;1125;0;0;0;5063;0;0;0;0;0;0;0.582
1048576;90308;0;0;0;5075;0;0;0;0;0;0;0.331
4194304;148240;0;0;0;5258;0;0;0;0;0;0;1.268
1048576;95550;0;0;0;5291;0;0;0;0;0;0;0.192
1048576;4752;0;0;0;5177;0;0;0;0;0;0;0.134
1048576;22048;0;0;0;5303;0;0;0;0;0;0;0.140
1048576;23736;0;0;0;5114;0;0;0;0;0;0;0.261
4194304;137783;0;0;0;5063;0;0;0;0;0;0;0.776
262144;648;0;0;0;5117;0;0;0;0;0;0;0.058
1048576;2860;0;0;0;5072;0;0;0;0;0;0;0.159
1048576;4896;0;0;0;5135;0;0;0;0;0;0;0.141
1048576;11655;0;0;0;5063;0;0;0;0;0;0;0.183
262144;3483;0;0;0;5204;0;0;0;0;0;0;0.069
1048576;317367;0;0;0;5153;0;0;0;0;0;0;0.758
262144;3900;0;0;0;5219;0;0;0;0;0;0;0.058
4194304;65462;0;0;0;5066;0;0;0;0;0;0;0.696
1048576;17415;0;0;0;5162;0;0;0;0;0;0;0.159
1048576;45144;0;0;0;5123;0;0;0;0;0;0;0.155
1048576;55566;0;0;0;5084;0;0;0;0;0;0;0.436
1048576;268;0;0;0;5117;0;0;0;0;0;0;0.132
262144;45135;0;0;0;5249;0;0;0;0;0;0;0.074
4194304;183680;0;0;0;5195;0;0;0;0;0;0;0.765
262144;1200;0;0;0;5129;0;0;0;0;0;0;0.062
262144;9752;0;0;0;5153;0;0;0;0;0;0;0.057
1048576;304470;0;0;0;5384;0;0;0;0;0;0;0.181
1048576;369936;0;0;0;5285;0;0;0;0;0;0;0.230
1048576;39754;0;0;0;5111;0;0;0;0;0;0;0.198
1048576;16512;0;0;0;5129;0;0;0;0;0;0;0.177
4194304;89031;0;0;0;5213;0;0;0;0;0;0;0.610
262144;12188;0;0;0;5201;0;0;0;0;0;0;0.060
1048576;86578;0;0;0;5078;0;0;0;0;0;0;0.386
4194304;119712;0;0;0;5114;0;0;0;0;0;0;0.836
1048576;2208;0;0;0;5063;0;0;0;0;0;0;0.157
4194304;263250;0;0;0;5405;0;0;0;0;0;0;0.757
1048576;132328;0;0;0;5276;0;0;0;0;0;0;0.180
4194304;326586;0;0;0;5066;0;0;0;0;0;0;1.729
262144;42312;0;0;0;5375;0;0;0;0;0;0;0.087
1048576;67650;0;0;0;5147;0;0;0;0;0;0;0.201
4194304;278190;0;0;0;5222;0;0;0;0;0;0;0.815
4194304;135876;0;0;0;5078;0;0;0;0;0;0;1.203
262144;34387;0;0;0;5216;0;0;0;0;0;0;0.097
1048576;5740;0;0;0;5105;0;0;0;0;0;0;0.159
1048576;333802;0;0;0;5351;0;0;0;0;0;0;0.219
4194304;637560;0;0;0;5222;0;0;0;0;0;0;2.596
4194304;308994;0;0;0;5171;0;0;0;0;0;0;1.312
4194304;21840;0;0;0;5063;0;0;0;0;0;0;0.680
4194304;54046;0;0;0;5144;0;0;0;0;0;0;0.637
1048576;2385;0;0;0;5063;0;0;0;0;0;0;0.153
1048576;28512;0;0;0;5063;0;0;0;0;0;0;0.443
4194304;98126;0;0;0;5063;0;0;0;0;0;0;0.905
4194304;114079;0;0;0;5153;0;0;0;0;0;0;0.842
1048576;151875;0;0;0;5303;0;0;0;0;0;0;0.215
1048576;648885;0;0;0;5135;0;0;0;0;0;0;1.173
4194304;456;0;0;0;5063;0;0;0;0;0;0;0.592
1048576;50996;0;0;0;5141;0;0;0;0;0;0;0.180
1048576;594;0;0;0;5063;0;0;0;0;0;0;0.137
1048576;84920;0;0;0;5123;0;0;0;0;0;0;0.409
1048576;28179;0;0;0;5207;0;0;0;0;0;0;0.150
1048576;17010;0;0;0;5300;0;0;0;0;0;0;0.152
4194304;735399;0;0;0;5216;0;0;0;0;0;0;0.610
262144;4272;0;0;0;5225;0;0;0;0;0;0;0.064
262144;96;0;0;0;5081;0;0;0;0;0;0;0.089
1048576;35139;0;0;0;5252;0;0;0;0;0;0;0.179
4194304;748000;0;0;0;5135;0;0;0;0;0;0;2.265
4194304;41302;0;0;0;5069;0;0;0;0;0;0;0.740
4194304;194557;0;0;0;5063;0;0;0;0;0;0;0.954
4194304;16058;0;0;0;5063;0;0;0;0;0;0;0.680
4194304;536070;0;0;0;5087;0;0;0;0;0;0;1.654
1048576;25100;0;0;0;5132;0;0;0;0;0;0;0.257
1048576;55902;0;0;0;5189;0;0;0;0;0;0;0.185
4194304;294950;0;0;0;5153;0;0;0;0;0;0;1.125
1048576;195762;0;0;0;5147;0;0;0;0;0;0;0.412
4194304;14307;0;0;0;5075;0;0;0;0;0;0;0.695
1048576;518;0;0;0;5063;0;0;0;0;0;0;0.138
1048576;54557;0;0;0;5234;0;0;0;0;0;0;0.224
262144;14820;0;0;0;5222;0;0;0;0;0;0;0.068
4194304;885542;0;0;0;5207;0;0;0;0;0;0;1.107
4194304;927500;0;0;0;5099;0;0;0;0;0;0;3.438
1048576;288;0;0;0;5072;0;0;0;0;0;0;0.142
262144;1216;0;0;0;5063;0;0;0;0;0;0;0.058
1048576;30;0;0;0;5063;0;0;0;0;0;0;0.252
1048576;540;0;0;0;5069;0;0;0;0;0;0;0.153
4194304;329360;0;0;0;5105;0;0;0;0;0;0;1.582
4194304;64452;0;0;0;5063;0;0;0;0;0;0;0.804
262144;5396;0;0;0;5165;0;0;0;0;0;0;0.071
1048576;181704;0;0;0;5321;0;0;0;0;0;0;0.179
1048576;770;0;0;0;5075;0;0;0;0;0;0;0.145
4194304;51952;0;0;0;5063;0;0;0;0;0;0;0.690
1048576;10426;0;0;0;5063;0;0;0;0;0;0;0.149
1048576;37520;0;0;0;5177;0;0;0;0;0;0;0.196
1048576;678;0;0;0;5249;0;0;0;0;0;0;0.164
4194304;17760;0;0;0;5123;0;0;0;0;0;0;0.696
262144;19184;0;0;0;5309;0;0;0;0;0;0;0.065
4194304;766326;0;0;0;5195;0;0;0;0;0;0;1.746
4194304;369;0;0;0;5063;0;0;0;0;0;0;0.658
4194304;87171;0;0;0;5063;0;0;0;0;0;0;0.719
1048576;120060;0;0;0;5246;0;0;0;0;0;0;0.216
4194304;60116;0;0;0;5069;0;0;0;0;0;0;0.865
262144;21715;0;0;0;5327;0;0;0;0;0;0;0.069
4194304;524538;0;0;0;5063;0;0;0;0;0;0;3.411
1048576;58688;0;0;0;5288;0;0;0;0;0;0;0.177
1048576;283556;0;0;0;5450;0;0;0;0;0;0;0.331
4194304;25650;0;0;0;5093;0;0;0;0;0;0;0.788
4194304;4100;0;0;0;5063;0;0;0;0;0;0;0.640
4194304;24180;0;0;0;5063;0;0;0;0;0;0;0.739
1048576;9246;0;0;0;5141;0;0;0;0;0;0;0.162
4194304;3699;0;0;0;5063;0;0;0;0;0;0;0.649
4194304;91451;0;0;0;5138;0;0;0;0;0;0;0.728
4194304;284252;0;0;0;5148;0;0;0;0;0;0;1.369
4194304;277820;0;0;0;5192;0;0;0;0;0;0;0.952
4194304;16236;0;0;0;5069;0;0;0;0;0;0;0.623
1048576;212184;0;0;0;5396;0;0;0;0;0;0;0.211
4194304;199200;0;0;0;5081;0;0;0;0;0;0;1.249
1048576;78366;0;0;0;5078;0;0;0;0;0;0;0.414
4194304;247808;0;0;0;5114;0;0;0;0;0;0;0.884
262144;1368;0;0;0;5063;0;0;0;0;0;0;0.063
262144;2256;0;0;0;5153;0;0;0;0;0;0;0.059
1048576;17576;0;0;0;5135;0;0;0;0;0;0;0.169
262144;3672;0;0;0;5297;0;0;0;0;0;0;0.057
262144;10000;0;0;0;5303;0;0;0;0;0;0;0.061
1048576;66;0;0;0;5063;0;0;0;0;0;0;0.132
1048576;2645;0;0;0;5177;0;0;0;0;0;0;0.137
262144;2706;0;0;0;5081;0;0;0;0;0;0;0.070
4194304;714736;0;0;0;5066;0;0;0;0;0;0;2.559
1048576;44678;0;0;0;5207;0;0;0;0;0;0;0.271
4194304;23613;0;0;0;5384;0;0;0;0;0;0;0.643
4194304;46102;0;0;0;5063;0;0;0;0;0;0;0.641
1048576;2100;0;0;0;5063;0;0;0;0;0;0;0.147
1048576;17625;0;0;0;5087;0;0;0;0;0;0;0.176
1048576;420732;0;0;0;5339;0;0;0;0;0;0;0.286
1048576;367770;0;0;0;5399;0;0;0;0;0;0;0.459
262144;1210;0;0;0;5063;0;0;0;0;0;0;0.065
1048576;111320;0;0;0;5225;0;0;0;0;0;0;0.244
4194304;331542;0;0;0;5075;0;0;0;0;0;0;1.090
1048576;417088;0;0;0;5534;0;0;0;0;0;0;0.189
1048576;6270;0;0;0;5063;0;0;0;0;0;0;0.187
4194304;42827;0;0;0;5066;0;0;0;0;0;0;1.016
1048576;99892;0;0;0;5063;0;0;0;0;0;0;0.271
4194304;592118;0;0;0;5225;0;0;0;0;0;0;1.270
262144;23370;0;0;0;5153;0;0;0;0;0;0;0.077
262144;5775;0;0;0;5309;0;0;0;0;0;0;0.060
4194304;86108;0;0;0;5063;0;0;0;0;0;0;1.072
4194304;1709466;0;0;0;5087;0;0;0;0;0;0;7.423
1048576;4950;0;0;0;5102;0;0;0;0;0;0;0.140
1048576;37062;0;0;0;5099;0;0;0;0;0;0;0.163
262144;108506;0;0;0;5321;0;0;0;0;0;0;0.070
4194304;38227;0;0;0;5063;0;0;0;0;0;0;0.766
262144;9786;0;0;0;5171;0;0;0;0;0;0;0.064
1048576;141600;0;0;0;5318;0;0;0;0;0;0;0.180
4194304;85722;0;0;0;5063;0;0;0;0;0;0;0.820
1048576;164636;0;0;0;5408;0;0;0;0;0;0;0.202
1048576;3540;0;0;0;5063;0;0;0;0;0;0;0.185
1048576;165;0;0;0;5063;0;0;0;0;0;0;0.164
4194304;95263;0;0;0;5282;0;0;0;0;0;0;0.689
4194304;114308;0;0;0;5096;0;0;0;0;0;0;0.735
1048576;666193;0;0;0;5282;0;0;0;0;0;0;0.433
4194304;61640;0;0;0;5063;0;0;0;0;0;0;0.702
1048576;33499;0;0;0;5321;0;0;0;0;0;0;0.154
1048576;96;0;0;0;5063;0;0;0;0;0;0;0.144
4194304;907024;0;0;0;5255;0;0;0;0;0;0;1.228
4194304;24192;0;0;0;5063;0;0;0;0;0;0;0.724
262144;30622;0;0;0;5213;0;0;0;0;0;0;0.073
262144;410;0;0;0;5087;0;0;0;0;0;0;0.057
262144;22746;0;0;0;5366;0;0;0;0;0;0;0.069
262144;7446;0;0;0;5292;0;0;0;0;0;0;0.241
4194304;2249145;0;0;0;5273;0;0;0;0;0;0;2.214
1048576;155155;0;0;0;5288;0;0;0;0;0;0;0.183
262144;506;0;0;0;5090;0;0;0;0;0;0;0.087
1048576;5236;0;0;0;5072;0;0;0;0;0;0;0.155
4194304;241604;0;0;0;5156;0;0;0;0;0;0;1.110
1048576;112;0;0;0;5063;0;0;0;0;0;0;0.141
1048576;12062;0;0;0;5204;0;0;0;0;0;0;0.206
1048576;77099;0;0;0;5282;0;0;0;0;0;0;0.203
1048576;161014;0;0;0;5414;0;0;0;0;0;0;0.171
1048576;1190;0;0;0;5063;0;0;0;0;0;0;0.131
4194304;323682;0;0;0;5264;0;0;0;0;0;0;1.632
1048576;12744;0;0;0;5111;0;0;0;0;0;0;0.187
4194304;16744;0;0;0;5075;0;0;0;0;0;0;0.783
4194304;44823;0;0;0;5063;0;0;0;0;0;0;0.749
1048576;143902;0;0;0;5318;0;0;0;0;0;0;0.179
1048576;300840;0;0;0;5480;0;0;0;0;0;0;0.210
4194304;359831;0;0;0;5063;0;0;0;0;0;0;3.342
1048576;1960;0;0;0;5063;0;0;0;0;0;0;0.139
4194304;22331;0;0;0;5063;0;0;0;0;0;0;0.653
1048576;122159;0;0;0;5339;0;0;0;0;0;0;0.265
4194304;72974;0;0;0;5135;0;0;0;0;0;0;0.711
262144;27392;0;0;0;5216;0;0;0;0;0;0;0.077
262144;483;0;0;0;5117;0;0;0;0;0;0;0.058
4194304;562380;0;0;0;5063;0;0;0;0;0;0;1.880
262144;53352;0;0;0;5312;0;0;0;0;0;0;0.071
1048576;295822;0;0;0;5378;0;0;0;0;0;0;0.166
4194304;1397710;0;0;0;5090;0;0;0;0;0;0;4.351
1048576;3796;0;0;0;5213;0;0;0;0;0;0;0.209
262144;1909;0;0;0;5084;0;0;0;0;0;0;0.067
4194304;4044;0;0;0;5063;0;0;0;0;0;0;0.677
1048576;36247;0;0;0;5279;0;0;0;0;0;0;0.187
262144;28126;0;0;0;5192;0;0;0;0;0;0;0.178
1048576;34224;0;0;0;5171;0;0;0;0;0;0;0.160
1048576;13794;0;0;0;5192;0;0;0;0;0;0;0.161
1048576;111;0;0;0;5063;0;0;0;0;0;0;0.135
262144;25149;0;0;0;5345;0;0;0;0;0;0;0.094
1048576;302016;0;0;0;5144;0;0;0;0;0;0;0.627
262144;30450;0;0;0;5252;0;0;0;0;0;0;0.069
4194304;1166778;0;0;0;5075;0;0;0;0;0;0;4.017
4194304;3256;0;0;0;5063;0;0;0;0;0;0;0.639
4194304;345054;0;0;0;5066;0;0;0;0;0;0;1.597
4194304;121304;0;0;0;5171;0;0;0;0;0;0;0.870
262144;33390;0;0;0;5420;0;0;0;0;0;0;0.075
262144;120;0;0;0;5063;0;0;0;0;0;0;0.056
1048576;44063;0;0;0;5186;0;0;0;0;0;0;0.160
4194304;19760;0;0;0;5063;0;0;0;0;0;0;0.660
1048576;48633;0;0;0;5201;0;0;0;0;0;0;0.193
1048576;3157;0;0;0;5063;0;0;0;0;0;0;0.149
4194304;237120;0;0;0;5075;0;0;0;0;0;0;0.976
4194304;1650;0;0;0;5063;0;0;0;0;0;0;0.613
4194304;33408;0;0;0;5144;0;0;0;0;0;0;0.774
4194304;90524;0;0;0;5261;0;0;0;0;0;0;0.627
262144;2808;0;0;0;5231;0;0;0;0;0;0;0.062
1048576;169875;0;0;0;5330;0;0;0;0;0;0;0.157
4194304;647082;0;0;0;5435;0;0;0;0;0;0;0.873
1048576;90090;0;0;0;5153;0;0;0;0;0;0;0.352
262144;9373;0;0;0;5225;0;0;0;0;0;0;0.206
1048576;12300;0;0;0;5108;0;0;0;0;0;0;0.160
4194304;132314;0;0;0;5063;0;0;0;0;0;0;0.843
4194304;21392;0;0;0;5063;0;0;0;0;0;0;0.613
262144;1020;0;0;0;5075;0;0;0;0;0;0;0.059
1048576;4508;0;0;0;5063;0;0;0;0;0;0;0.189
4194304;657622;0;0;0;5243;0;0;0;0;0;0;1.263
1048576;70000;0;0;0;5120;0;0;0;0;0;0;0.308
1048576;21804;0;0;0;5321;0;0;0;0;0;0;0.135
262144;40619;0;0;0;5246;0;0;0;0;0;0;0.057
1048576;3285;0;0;0;5063;0;0;0;0;0;0;0.174
4194304;888636;0;0;0;5123;0;0;0;0;0;0;2.862
4194304;39578;0;0;0;5063;0;0;0;0;0;0;0.929
4194304;17860;0;0;0;5141;0;0;0;0;0;0;0.606
4194304;405840;0;0;0;5297;0;0;0;0;0;0;1.433
4194304;88350;0;0;0;5063;0;0;0;0;0;0;0.680
1048576;288791;0;0;0;5243;0;0;0;0;0;0;0.172
1048576;52456;0;0;0;5186;0;0;0;0;0;0;0.366
1048576;2610;0;0;0;5063;0;0;0;0;0;0;0.129
4194304;1970360;0;0;0;5405;0;0;0;0;0;0;1.532
4194304;18018;0;0;0;5207;0;0;0;0;0;0;0.708
1048576;336;0;0;0;5063;0;0;0;0;0;0;0.169
1048576;9373;0;0;0;5123;0;0;0;0;0;0;0.184
1048576;700756;0;0;0;5243;0;0;0;0;0;0;0.399
262144;9030;0;0;0;5246;0;0;0;0;0;0;0.073
262144;14464;0;0;0;5252;0;0;0;0;0;0;0.157
262144;931;0;0;0;5177;0;0;0;0;0;0;0.062
262144;16401;0;0;0;5300;0;0;0;0;0;0;0.073
1048576;45136;0;0;0;5087;0;0;0;0;0;0;0.173
4194304;390;0;0;0;5099;0;0;0;0;0;0;0.605
4194304;94000;0;0;0;5150;0;0;0;0;0;0;0.728
262144;6120;0;0;0;5075;0;0;0;0;0;0;0.100
1048576;24318;0;0;0;5303;0;0;0;0;0;0;0.169
1048576;12950;0;0;0;5102;0;0;0;0;0;0;0.168
4194304;20124;0;0;0;5069;0;0;0;0;0;0;0.636
4194304;9400;0;0;0;5063;0;0;0;0;0;0;0.638
4194304;2332;0;0;0;5063;0;0;0;0;0;0;0.624
4194304;1483625;0;0;0;5129;0;0;0;0;0;0;5.085
4194304;353136;0;0;0;5174;0;0;0;0;0;0;0.755
262144;63722;0;0;0;5303;0;0;0;0;0;0;0.067
1048576;10184;0;0;0;5117;0;0;0;0;0;0;0.149
262144;66729;0;0;0;5339;0;0;0;0;0;0;0.060
4194304;1472380;0;0;0;5276;0;0;0;0;0;0;3.279
4194304;172284;0;0;0;5144;0;0;0;0;0;0;0.983
4194304;4540;0;0;0;5063;0;0;0;0;0;0;0.611
1048576;23220;0;0;0;5156;0;0;0;0;0;0;0.169
1048576;15960;0;0;0;5063;0;0;0;0;0;0;0.150
262144;32702;0;0;0;5339;0;0;0;0;0;0;0.078
4194304;8400;0;0;0;5159;0;0;0;0;0;0;0.617
1048576;5312;0;0;0;5078;0;0;0;0;0;0;0.176
262144;38688;0;0;0;5309;0;0;0;0;0;0;0.082
262144;735;0;0;0;5093;0;0;0;0;0;0;0.056
1048576;65637;0;0;0;5063;0;0;0;0;0;0;0.394
4194304;1041251;0;0;0;5144;0;0;0;0;0;0;2.668
4194304;10500;0;0;0;5087;0;0;0;0;0;0;0.611
1048576;13066;0;0;0;5186;0;0;0;0;0;0;0.190
1048576;15555;0;0;0;5315;0;0;0;0;0;0;0.162
4194304;194832;0;0;0;5342;0;0;0;0;0;0;0.866
4194304;58310;0;0;0;5084;0;0;0;0;0;0;0.780
262144;2156;0;0;0;5132;0;0;0;0;0;0;0.059
1048576;45105;0;0;0;5066;0;0;0;0;0;0;0.347
4194304;148281;0;0;0;5099;0;0;0;0;0;0;1.189
1048576;28900;0;0;0;5066;0;0;0;0;0;0;0.246
1048576;8816;0;0;0;5168;0;0;0;0;0;0;0.154
262144;20210;0;0;0;5186;0;0;0;0;0;0;0.055
262144;4648;0;0;0;5147;0;0;0;0;0;0;0.070
1048576;684;0;0;0;5243;0;0;0;0;0;0;0.135
1048576;33360;0;0;0;5297;0;0;0;0;0;0;0.143
1048576;119720;0;0;0;5069;0;0;0;0;0;0;0.597
1048576;401676;0;0;0;5324;0;0;0;0;0;0;0.151
1048576;52109;0;0;0;5162;0;0;0;0;0;0;0.209
4194304;18016;0;0;0;5243;0;0;0;0;0;0;0.653
1048576;14848;0;0;0;5090;0;0;0;0;0;0;0.186
1048576;37632;0;0;0;5180;0;0;0;0;0;0;0.174
1048576;37824;0;0;0;5273;0;0;0;0;0;0;0.235
262144;1464;0;0;0;5381;0;0;0;0;0;0;0.058
4194304;1784476;0;0;0;5129;0;0;0;0;0;0;7.479
4194304;3842;0;0;0;5063;0;0;0;0;0;0;0.615
4194304;1089;0;0;0;5063;0;0;0;0;0;0;0.600
4194304;77880;0;0;0;5063;0;0;0;0;0;0;0.959
4194304;531300;0;0;0;5072;0;0;0;0;0;0;2.485
262144;10880;0;0;0;5300;0;0;0;0;0;0;0.063
1048576;10998;0;0;0;5063;0;0;0;0;0;0;0.184
4194304;328048;0;0;0;5078;0;0;0;0;0;0;1.873
1048576;127190;0;0;0;5165;0;0;0;0;0;0;0.504
1048576;134000;0;0;0;5300;0;0;0;0;0;0;0.161
4194304;289492;0;0;0;5156;0;0;0;0;0;0;0.970
1048576;87116;0;0;0;5231;0;0;0;0;0;0;0.293
1048576;128180;0;0;0;5192;0;0;0;0;0;0;0.661
1048576;254562;0;0;0;5156;0;0;0;0;0;0;0.269
1048576;364770;0;0;0;5126;0;0;0;0;0;0;1.349
4194304;15164;0;0;0;5321;0;0;0;0;0;0;0.676
262144;26775;0;0;0;5132;0;0;0;0;0;0;0.057
4194304;141723;0;0;0;5066;0;0;0;0;0;0;0.928
1048576;94037;0;0;0;5534;0;0;0;0;0;0;0.148
4194304;362946;0;0;0;5129;0;0;0;0;0;0;1.875
4194304;227766;0;0;0;5090;0;0;0;0;0;0;1.407
4194304;248430;0;0;0;5144;0;0;0;0;0;0;0.981
1048576;16120;0;0;0;5213;0;0;0;0;0;0;0.171
1048576;15180;0;0;0;5192;0;0;0;0;0;0;0.148
262144;107074;0;0;0;5438;0;0;0;0;0;0;0.078
4194304;437000;0;0;0;5063;0;0;0;0;0;0;1.723
1048576;55929;0;0;0;5216;0;0;0;0;0;0;0.237
4194304;24058;0;0;0;5243;0;0;0;0;0;0;0.670
1048576;16848;0;0;0;5135;0;0;0;0;0;0;0.150
4194304;12999;0;0;0;5189;0;0;0;0;0;0;0.711
262144;1584;0;0;0;5195;0;0;0;0;0;0;0.059
262144;96099;0;0;0;5381;0;0;0;0;0;0;0.065
1048576;3666;0;0;0;5183;0;0;0;0;0;0;0.140
4194304;73848;0;0;0;5177;0;0;0;0;0;0;0.699
4194304;112330;0;0;0;5063;0;0;0;0;0;0;0.816
1048576;241758;0;0;0;5348;0;0;0;0;0;0;0.161
4194304;6270;0;0;0;5099;0;0;0;0;0;0;0.633
4194304;582980;0;0;0;5072;0;0;0;0;0;0;4.426
4194304;1115169;0;0;0;5210;0;0;0;0;0;0;1.197
4194304;263781;0;0;0;5177;0;0;0;0;0;0;1.528
262144;2860;0;0;0;5234;0;0;0;0;0;0;0.068
4194304;1250;0;0;0;5063;0;0;0;0;0;0;0.644
1048576;8670;0;0;0;5138;0;0;0;0;0;0;0.147
1048576;362768;0;0;0;5372;0;0;0;0;0;0;0.189
262144;22078;0;0;0;5102;0;0;0;0;0;0;0.070
262144;4589;0;0;0;5507;0;0;0;0;0;0;0.054
4194304;916071;0;0;0;5351;0;0;0;0;0;0;1.309
262144;7182;0;0;0;5255;0;0;0;0;0;0;0.060
1048576;17666;0;0;0;5201;0;0;0;0;0;0;0.178
4194304;366934;0;0;0;5135;0;0;0;0;0;0;1.313
4194304;3740;0;0;0;5099;0;0;0;0;0;0;0.628
262144;4699;0;0;0;5171;0;0;0;0;0;0;0.088
4194304;124434;0;0;0;5141;0;0;0;0;0;0;0.742
4194304;7140;0;0;0;5063;0;0;0;0;0;0;0.609
4194304;567989;0;0;0;5102;0;0;0;0;0;0;1.407
1048576;125460;0;0;0;5078;0;0;0;0;0;0;0.787
262144;387;0;0;0;5063;0;0;0;0;0;0;0.058
