4194304;168402;0;0;0;0;0;0;0;0;0;0;3.666
4194304;526820;0;0;0;0;0;0;0;0;0;0;8.704
262144;84838;0;0;0;0;0;0;0;0;0;0;0.886
1048576;16800;0;0;0;0;0;0;0;0;0;0;0.337
4194304;13639;0;0;0;0;0;0;0;0;0;0;0.848
262144;27675;0;0;0;0;0;0;0;0;0;0;0.303
1048576;180180;0;0;0;0;0;0;0;0;0;0;2.270
4194304;308555;0;0;0;0;0;0;0;0;0;0;8.464
4194304;7106;0;0;0;0;0;0;0;0;0;0;0.725
1048576;12555;0;0;0;0;0;0;0;0;0;0;0.277
4194304;31920;0;0;0;0;0;0;0;0;0;0;1.081
1048576;13500;0;0;0;0;0;0;0;0;0;0;0.279
1048576;66748;0;0;0;0;0;0;0;0;0;0;0.960
1048576;89902;0;0;0;0;0;0;0;0;0;0;1.096
4194304;56682;0;0;0;0;0;0;0;0;0;0;1.156
1048576;37312;0;0;0;0;0;0;0;0;0;0;0.504
4194304;486475;0;0;0;0;0;0;0;0;0;0;11.592
1048576;25758;0;0;0;0;0;0;0;0;0;0;0.544
4194304;30003;0;0;0;0;0;0;0;0;0;0;1.082
4194304;1767424;0;0;0;0;0;0;0;0;0;0;49.093
4194304;165024;0;0;0;0;0;0;0;0;0;0;4.248
1048576;17745;0;0;0;0;0;0;0;0;0;0;0.377
4194304;1097264;0;0;0;0;0;0;0;0;0;0;17.084
1048576;688;0;0;0;0;0;0;0;0;0;0;0.156
1048576;225364;0;0;0;0;0;0;0;0;0;0;2.339
4194304;586874;0;0;0;0;0;0;0;0;0;0;6.977
1048576;10712;0;0;0;0;0;0;0;0;0;0;0.286
262144;9102;0;0;0;0;0;0;0;0;0;0;0.198
4194304;225120;0;0;0;0;0;0;0;0;0;0;3.100
1048576;19906;0;0;0;0;0;0;0;0;0;0;0.359
1048576;2664;0;0;0;0;0;0;0;0;0;0;0.170
262144;44;0;0;0;0;0;0;0;0;0;0;1.797
4194304;23205;0;0;0;0;0;0;0;0;0;0;0.841
1048576;63750;0;0;0;0;0;0;0;0;0;0;0.718
1048576;31476;0;0;0;0;0;0;0;0;0;0;0.598
4194304;24405;0;0;0;0;0;0;0;0;0;0;0.998
1048576;95576;0;0;0;0;0;0;0;0;0;0;0.989
1048576;23828;0;0;0;0;0;0;0;0;0;0;0.371
1048576;29520;0;0;0;0;0;0;0;0;0;0;0.481
1048576;62484;0;0;0;0;0;0;0;0;0;0;0.747
1048576;67860;0;0;0;0;0;0;0;0;0;0;0.758
4194304;396198;0;0;0;0;0;0;0;0;0;0;5.067
1048576;126326;0;0;0;0;0;0;0;0;0;0;1.502
1048576;6162;0;0;0;0;0;0;0;0;0;0;0.190
1048576;63480;0;0;0;0;0;0;0;0;0;0;0.756
4194304;378838;0;0;0;0;0;0;0;0;0;0;7.286
4194304;24882;0;0;0;0;0;0;0;0;0;0;0.968
262144;5208;0;0;0;0;0;0;0;0;0;0;0.103
4194304;385032;0;0;0;0;0;0;0;0;0;0;5.896
4194304;764;0;0;0;0;0;0;0;0;0;0;0.617
4194304;16401;0;0;0;0;0;0;0;0;0;0;0.812
4194304;549552;0;0;0;0;0;0;0;0;0;0;9.355
4194304;29250;0;0;0;0;0;0;0;0;0;0;1.113
4194304;1156680;0;0;0;0;0;0;0;0;0;0;13.412
4194304;2020494;0;0;0;0;0;0;0;0;0;0;32.921
1048576;53311;0;0;0;0;0;0;0;0;0;0;0.586
4194304;268633;0;0;0;0;0;0;0;0;0;0;6.529
262144;3780;0;0;0;0;0;0;0;0;0;0;0.091
262144;11988;0;0;0;0;0;0;0;0;0;0;0.164
4194304;18536;0;0;0;0;0;0;0;0;0;0;0.832
262144;54766;0;0;0;0;0;0;0;0;0;0;0.539
4194304;184592;0;0;0;0;0;0;0;0;0;0;6.131
262144;27416;0;0;0;0;0;0;0;0;0;0;0.304
262144;18250;0;0;0;0;0;0;0;0;0;0;0.233
1048576;38394;0;0;0;0;0;0;0;0;0;0;0.716
4194304;617280;0;0;0;0;0;0;0;0;0;0;20.896
262144;9840;0;0;0;0;0;0;0;0;0;0;0.156
1048576;8888;0;0;0;0;0;0;0;0;0;0;0.240
4194304;2461431;0;0;0;0;0;0;0;0;0;0;26.964
262144;95914;0;0;0;0;0;0;0;0;0;0;0.908
1048576;113130;0;0;0;0;0;0;0;0;0;0;1.317
1048576;38270;0;0;0;0;0;0;0;0;0;0;0.619
262144;711;0;0;0;0;0;0;0;0;0;0;0.062
1048576;212382;0;0;0;0;0;0;0;0;0;0;2.022
4194304;4843;0;0;0;0;0;0;0;0;0;0;0.670
262144;25440;0;0;0;0;0;0;0;0;0;0;0.295
1048576;3864;0;0;0;0;0;0;0;0;0;0;0.177
4194304;16407;0;0;0;0;0;0;0;0;0;0;0.903
262144;1968;0;0;0;0;0;0;0;0;0;0;0.073
1048576;19350;0;0;0;0;0;0;0;0;0;0;0.365
4194304;140668;0;0;0;0;0;0;0;0;0;0;2.559
1048576;83032;0;0;0;0;0;0;0;0;0;0;0.876
262144;2892;0;0;0;0;0;0;0;0;0;0;0.086
1048576;7832;0;0;0;0;0;0;0;0;0;0;0.238
1048576;39092;0;0;0;0;0;0;0;0;0;0;0.585
4194304;74718;0;0;0;0;0;0;0;0;0;0;2.083
1048576;31059;0;0;0;0;0;0;0;0;0;0;0.424
4194304;20532;0;0;0;0;0;0;0;0;0;0;0.922
262144;20176;0;0;0;0;0;0;0;0;0;0;0.250
1048576;82644;0;0;0;0;0;0;0;0;0;0;0.940
1048576;12765;0;0;0;0;0;0;0;0;0;0;0.274
1048576;4200;0;0;0;0;0;0;0;0;0;0;0.192
4194304;45885;0;0;0;0;0;0;0;0;0;0;1.254
1048576;17888;0;0;0;0;0;0;0;0;0;0;0.311
1048576;33;0;0;0;0;0;0;0;0;0;0;0.133
4194304;929342;0;0;0;0;0;0;0;0;0;0;15.553
4194304;269929;0;0;0;0;0;0;0;0;0;0;7.454
1048576;11607;0;0;0;0;0;0;0;0;0;0;0.261
262144;33;0;0;0;0;0;0;0;0;0;0;0.056
1048576;2135;0;0;0;0;0;0;0;0;0;0;0.185
1048576;27080;0;0;0;0;0;0;0;0;0;0;0.650
1048576;14814;0;0;0;0;0;0;0;0;0;0;0.294
262144;10044;0;0;0;0;0;0;0;0;0;0;0.159
1048576;3360;0;0;0;0;0;0;0;0;0;0;0.193
1048576;18526;0;0;0;0;0;0;0;0;0;0;0.358
1048576;21330;0;0;0;0;0;0;0;0;0;0;0.375
4194304;38760;0;0;0;0;0;0;0;0;0;0;1.109
1048576;27900;0;0;0;0;0;0;0;0;0;0;0.453
262144;15105;0;0;0;0;0;0;0;0;0;0;0.196
4194304;31871;0;0;0;0;0;0;0;0;0;0;1.016
4194304;325910;0;0;0;0;0;0;0;0;0;0;5.541
1048576;15000;0;0;0;0;0;0;0;0;0;0;0.298
1048576;3075;0;0;0;0;0;0;0;0;0;0;0.159
1048576;42462;0;0;0;0;0;0;0;0;0;0;4.187
1048576;9858;0;0;0;0;0;0;0;0;0;0;0.253
262144;3450;0;0;0;0;0;0;0;0;0;0;0.086
1048576;118800;0;0;0;0;0;0;0;0;0;0;1.290
1048576;66588;0;0;0;0;0;0;0;0;0;0;0.826
1048576;7590;0;0;0;0;0;0;0;0;0;0;0.223
4194304;17706;0;0;0;0;0;0;0;0;0;0;0.808
262144;16940;0;0;0;0;0;0;0;0;0;0;0.215
262144;261;0;0;0;0;0;0;0;0;0;0;0.056
1048576;1495;0;0;0;0;0;0;0;0;0;0;0.143
4194304;50932;0;0;0;0;0;0;0;0;0;0;1.434
1048576;420;0;0;0;0;0;0;0;0;0;0;0.136
262144;65205;0;0;0;0;0;0;0;0;0;0;0.633
4194304;52416;0;0;0;0;0;0;0;0;0;0;1.276
1048576;147906;0;0;0;0;0;0;0;0;0;0;1.746
1048576;279;0;0;0;0;0;0;0;0;0;0;0.149
262144;13926;0;0;0;0;0;0;0;0;0;0;0.175
1048576;2406;0;0;0;0;0;0;0;0;0;0;0.172
4194304;224523;0;0;0;0;0;0;0;0;0;0;4.527
4194304;8346;0;0;0;0;0;0;0;0;0;0;0.720
4194304;168432;0;0;0;0;0;0;0;0;0;0;2.441
4194304;46761;0;0;0;0;0;0;0;0;0;0;1.324
1048576;122148;0;0;0;0;0;0;0;0;0;0;1.321
4194304;577724;0;0;0;0;0;0;0;0;0;0;8.838
1048576;23655;0;0;0;0;0;0;0;0;0;0;0.501
1048576;28426;0;0;0;0;0;0;0;0;0;0;0.422
1048576;1400;0;0;0;0;0;0;0;0;0;0;0.154
1048576;60248;0;0;0;0;0;0;0;0;0;0;0.725
1048576;84;0;0;0;0;0;0;0;0;0;0;0.131
1048576;28304;0;0;0;0;0;0;0;0;0;0;0.569
1048576;3933;0;0;0;0;0;0;0;0;0;0;0.181
4194304;830500;0;0;0;0;0;0;0;0;0;0;11.077
4194304;217722;0;0;0;0;0;0;0;0;0;0;4.002
4194304;707256;0;0;0;0;0;0;0;0;0;0;12.538
262144;744;0;0;0;0;0;0;0;0;0;0;0.064
4194304;4288;0;0;0;0;0;0;0;0;0;0;0.682
1048576;7056;0;0;0;0;0;0;0;0;0;0;0.216
1048576;51870;0;0;0;0;0;0;0;0;0;0;0.694
1048576;173582;0;0;0;0;0;0;0;0;0;0;1.837
1048576;10240;0;0;0;0;0;0;0;0;0;0;0.229
4194304;65682;0;0;0;0;0;0;0;0;0;0;2.964
4194304;15250;0;0;0;0;0;0;0;0;0;0;0.852
4194304;120736;0;0;0;0;0;0;0;0;0;0;2.393
1048576;8004;0;0;0;0;0;0;0;0;0;0;0.238
4194304;216864;0;0;0;0;0;0;0;0;0;0;2.624
4194304;2590;0;0;0;0;0;0;0;0;0;0;0.624
262144;15444;0;0;0;0;0;0;0;0;0;0;0.199
1048576;103224;0;0;0;0;0;0;0;0;0;0;1.779
4194304;60722;0;0;0;0;0;0;0;0;0;0;1.179
4194304;118750;0;0;0;0;0;0;0;0;0;0;2.263
4194304;27360;0;0;0;0;0;0;0;0;0;0;0.961
4194304;1175625;0;0;0;0;0;0;0;0;0;0;24.546
262144;18920;0;0;0;0;0;0;0;0;0;0;0.371
4194304;1338444;0;0;0;0;0;0;0;0;0;0;39.257
4194304;32895;0;0;0;0;0;0;0;0;0;0;1.090
262144;4452;0;0;0;0;0;0;0;0;0;0;0.286
1048576;127748;0;0;0;0;0;0;0;0;0;0;2.414
262144;2184;0;0;0;0;0;0;0;0;0;0;0.080
4194304;3234;0;0;0;0;0;0;0;0;0;0;0.655
4194304;134693;0;0;0;0;0;0;0;0;0;0;3.368
262144;7015;0;0;0;0;0;0;0;0;0;0;0.129
4194304;29295;0;0;0;0;0;0;0;0;0;0;0.919
4194304;714;0;0;0;0;0;0;0;0;0;0;0.644
1048576;174240;0;0;0;0;0;0;0;0;0;0;2.053
4194304;24382;0;0;0;0;0;0;0;0;0;0;0.989
4194304;522275;0;0;0;0;0;0;0;0;0;0;12.393
4194304;189114;0;0;0;0;0;0;0;0;0;0;2.872
4194304;1099254;0;0;0;0;0;0;0;0;0;0;28.661
1048576;484;0;0;0;0;0;0;0;0;0;0;0.135
4194304;24867;0;0;0;0;0;0;0;0;0;0;0.948
4194304;34299;0;0;0;0;0;0;0;0;0;0;0.999
262144;2755;0;0;0;0;0;0;0;0;0;0;0.085
262144;1680;0;0;0;0;0;0;0;0;0;0;0.083
1048576;13727;0;0;0;0;0;0;0;0;0;0;0.346
1048576;331188;0;0;0;0;0;0;0;0;0;0;4.693
1048576;6660;0;0;0;0;0;0;0;0;0;0;0.196
262144;4958;0;0;0;0;0;0;0;0;0;0;0.105
262144;13794;0;0;0;0;0;0;0;0;0;0;0.195
4194304;1710;0;0;0;0;0;0;0;0;0;0;0.653
4194304;1282;0;0;0;0;0;0;0;0;0;0;0.683
1048576;162816;0;0;0;0;0;0;0;0;0;0;3.554
1048576;12036;0;0;0;0;0;0;0;0;0;0;0.235
262144;32718;0;0;0;0;0;0;0;0;0;0;0.350
4194304;918204;0;0;0;0;0;0;0;0;0;0;19.230
4194304;49312;0;0;0;0;0;0;0;0;0;0;2.866
4194304;22971;0;0;0;0;0;0;0;0;0;0;0.925
4194304;336996;0;0;0;0;0;0;0;0;0;0;9.314
4194304;111680;0;0;0;0;0;0;0;0;0;0;2.320
1048576;19072;0;0;0;0;0;0;0;0;0;0;0.356
1048576;69576;0;0;0;0;0;0;0;0;0;0;0.848
262144;4732;0;0;0;0;0;0;0;0;0;0;0.102
1048576;4495;0;0;0;0;0;0;0;0;0;0;0.171
4194304;17935;0;0;0;0;0;0;0;0;0;0;2.664
1048576;8721;0;0;0;0;0;0;0;0;0;0;0.216
4194304;10710;0;0;0;0;0;0;0;0;0;0;0.765
1048576;247328;0;0;0;0;0;0;0;0;0;0;2.579
4194304;11155;0;0;0;0;0;0;0;0;0;0;0.727
262144;6000;0;0;0;0;0;0;0;0;0;0;0.295
1048576;97065;0;0;0;0;0;0;0;0;0;0;1.081
262144;15642;0;0;0;0;0;0;0;0;0;0;0.223
4194304;636600;0;0;0;0;0;0;0;0;0;0;15.565
1048576;20700;0;0;0;0;0;0;0;0;0;0;0.400
262144;1364;0;0;0;0;0;0;0;0;0;0;0.073
1048576;15588;0;0;0;0;0;0;0;0;0;0;0.293
1048576;1364;0;0;0;0;0;0;0;0;0;0;0.152
262144;2021;0;0;0;0;0;0;0;0;0;0;0.078
1048576;14110;0;0;0;0;0;0;0;0;0;0;0.291
1048576;405;0;0;0;0;0;0;0;0;0;0;0.150
262144;1734;0;0;0;0;0;0;0;0;0;0;0.073
262144;5908;0;0;0;0;0;0;0;0;0;0;0.112
262144;537;0;0;0;0;0;0;0;0;0;0;0.060
4194304;23129;0;0;0;0;0;0;0;0;0;0;0.930
262144;33681;0;0;0;0;0;0;0;0;0;0;0.358
262144;23828;0;0;0;0;0;0;0;0;0;0;0.272
1048576;6318;0;0;0;0;0;0;0;0;0;0;0.206
4194304;50949;0;0;0;0;0;0;0;0;0;0;1.354
4194304;1654618;0;0;0;0;0;0;0;0;0;0;32.690
4194304;490;0;0;0;0;0;0;0;0;0;0;0.614
1048576;22480;0;0;0;0;0;0;0;0;0;0;0.493
1048576;58982;0;0;0;0;0;0;0;0;0;0;2.718
4194304;25026;0;0;0;0;0;0;0;0;0;0;1.006
1048576;213268;0;0;0;0;0;0;0;0;0;0;2.139
262144;64416;0;0;0;0;0;0;0;0;0;0;0.618
4194304;3135;0;0;0;0;0;0;0;0;0;0;0.648
1048576;100359;0;0;0;0;0;0;0;0;0;0;1.040
262144;31552;0;0;0;0;0;0;0;0;0;0;0.347
262144;15210;0;0;0;0;0;0;0;0;0;0;0.188
4194304;374374;0;0;0;0;0;0;0;0;0;0;10.661
1048576;14616;0;0;0;0;0;0;0;0;0;0;0.295
4194304;83187;0;0;0;0;0;0;0;0;0;0;2.335
4194304;14762;0;0;0;0;0;0;0;0;0;0;0.791
4194304;665034;0;0;0;0;0;0;0;0;0;0;11.007
1048576;32835;0;0;0;0;0;0;0;0;0;0;0.510
1048576;22044;0;0;0;0;0;0;0;0;0;0;0.386
1048576;33304;0;0;0;0;0;0;0;0;0;0;0.502
262144;6808;0;0;0;0;0;0;0;0;0;0;0.123
1048576;8010;0;0;0;0;0;0;0;0;0;0;0.218
1048576;90923;0;0;0;0;0;0;0;0;0;0;1.311
4194304;544180;0;0;0;0;0;0;0;0;0;0;14.930
4194304;824109;0;0;0;0;0;0;0;0;0;0;12.457
1048576;4048;0;0;0;0;0;0;0;0;0;0;0.191
4194304;16692;0;0;0;0;0;0;0;0;0;0;0.810
262144;232;0;0;0;0;0;0;0;0;0;0;0.061
4194304;13394;0;0;0;0;0;0;0;0;0;0;0.794
262144;2255;0;0;0;0;0;0;0;0;0;0;0.075
4194304;336604;0;0;0;0;0;0;0;0;0;0;10.388
4194304;1125;0;0;0;0;0;0;0;0;0;0;0.596
262144;65145;0;0;0;0;0;0;0;0;0;0;0.635
4194304;608;0;0;0;0;0;0;0;0;0;0;0.613
1048576;13248;0;0;0;0;0;0;0;0;0;0;0.273
1048576;60776;0;0;0;0;0;0;0;0;0;0;0.716
1048576;13968;0;0;0;0;0;0;0;0;0;0;0.317
1048576;33799;0;0;0;0;0;0;0;0;0;0;0.459
1048576;3047;0;0;0;0;0;0;0;0;0;0;0.172
1048576;2403;0;0;0;0;0;0;0;0;0;0;0.153
1048576;31900;0;0;0;0;0;0;0;0;0;0;0.468
4194304;75951;0;0;0;0;0;0;0;0;0;0;2.486
4194304;35800;0;0;0;0;0;0;0;0;0;0;1.390
1048576;3835;0;0;0;0;0;0;0;0;0;0;0.172
1048576;8385;0;0;0;0;0;0;0;0;0;0;0.253
4194304;9805;0;0;0;0;0;0;0;0;0;0;0.692
262144;1092;0;0;0;0;0;0;0;0;0;0;0.063
4194304;34882;0;0;0;0;0;0;0;0;0;0;1.140
4194304;94325;0;0;0;0;0;0;0;0;0;0;1.659
4194304;345450;0;0;0;0;0;0;0;0;0;0;9.955
262144;184;0;0;0;0;0;0;0;0;0;0;0.076
1048576;284172;0;0;0;0;0;0;0;0;0;0;4.482
4194304;144824;0;0;0;0;0;0;0;0;0;0;3.709
262144;154722;0;0;0;0;0;0;0;0;0;0;1.390
262144;5850;0;0;0;0;0;0;0;0;0;0;0.112
262144;75646;0;0;0;0;0;0;0;0;0;0;0.779
4194304;178080;0;0;0;0;0;0;0;0;0;0;2.421
1048576;35870;0;0;0;0;0;0;0;0;0;0;0.493
1048576;728;0;0;0;0;0;0;0;0;0;0;0.131
4194304;129675;0;0;0;0;0;0;0;0;0;0;2.400
262144;3610;0;0;0;0;0;0;0;0;0;0;0.088
4194304;282906;0;0;0;0;0;0;0;0;0;0;6.736
1048576;128;0;0;0;0;0;0;0;0;0;0;0.130
1048576;75354;0;0;0;0;0;0;0;0;0;0;0.879
4194304;1148004;0;0;0;0;0;0;0;0;0;0;16.550
262144;8701;0;0;0;0;0;0;0;0;0;0;0.140
262144;22700;0;0;0;0;0;0;0;0;0;0;0.257
262144;4836;0;0;0;0;0;0;0;0;0;0;1.360
1048576;21816;0;0;0;0;0;0;0;0;0;0;0.334
1048576;248196;0;0;0;0;0;0;0;0;0;0;2.788
1048576;137898;0;0;0;0;0;0;0;0;0;0;1.378
262144;2652;0;0;0;0;0;0;0;0;0;0;0.090
1048576;40878;0;0;0;0;0;0;0;0;0;0;0.582
262144;3430;0;0;0;0;0;0;0;0;0;0;0.088
1048576;12803;0;0;0;0;0;0;0;0;0;0;0.299
4194304;32220;0;0;0;0;0;0;0;0;0;0;1.158
1048576;3132;0;0;0;0;0;0;0;0;0;0;0.188
4194304;116688;0;0;0;0;0;0;0;0;0;0;2.457
1048576;86337;0;0;0;0;0;0;0;0;0;0;0.873
4194304;1573782;0;0;0;0;0;0;0;0;0;0;35.531
262144;3408;0;0;0;0;0;0;0;0;0;0;0.097
1048576;2466;0;0;0;0;0;0;0;0;0;0;0.167
1048576;392940;0;0;0;0;0;0;0;0;0;0;4.436
4194304;32695;0;0;0;0;0;0;0;0;0;0;1.065
4194304;379315;0;0;0;0;0;0;0;0;0;0;5.448
1048576;285076;0;0;0;0;0;0;0;0;0;0;3.861
4194304;221100;0;0;0;0;0;0;0;0;0;0;2.597
4194304;87098;0;0;0;0;0;0;0;0;0;0;1.425
4194304;383801;0;0;0;0;0;0;0;0;0;0;4.924
1048576;2256;0;0;0;0;0;0;0;0;0;0;0.166
1048576;89688;0;0;0;0;0;0;0;0;0;0;1.225
262144;1981;0;0;0;0;0;0;0;0;0;0;0.073
1048576;325338;0;0;0;0;0;0;0;0;0;0;3.769
1048576;2639;0;0;0;0;0;0;0;0;0;0;0.160
1048576;27720;0;0;0;0;0;0;0;0;0;0;0.518
262144;1587;0;0;0;0;0;0;0;0;0;0;0.068
4194304;602784;0;0;0;0;0;0;0;0;0;0;7.264
4194304;45390;0;0;0;0;0;0;0;0;0;0;1.332
1048576;64260;0;0;0;0;0;0;0;0;0;0;0.734
262144;158468;0;0;0;0;0;0;0;0;0;0;1.538
1048576;9204;0;0;0;0;0;0;0;0;0;0;0.252
4194304;238833;0;0;0;0;0;0;0;0;0;0;4.696
4194304;5280;0;0;0;0;0;0;0;0;0;0;0.653
262144;3933;0;0;0;0;0;0;0;0;0;0;0.093
1048576;38190;0;0;0;0;0;0;0;0;0;0;0.533
262144;1122;0;0;0;0;0;0;0;0;0;0;0.068
1048576;1967;0;0;0;0;0;0;0;0;0;0;0.153
4194304;144420;0;0;0;0;0;0;0;0;0;0;3.243
4194304;80160;0;0;0;0;0;0;0;0;0;0;2.294
4194304;259350;0;0;0;0;0;0;0;0;0;0;3.459
4194304;156067;0;0;0;0;0;0;0;0;0;0;2.561
262144;7596;0;0;0;0;0;0;0;0;0;0;0.127
1048576;29032;0;0;0;0;0;0;0;0;0;0;0.441
1048576;7480;0;0;0;0;0;0;0;0;0;0;0.223
4194304;5709;0;0;0;0;0;0;0;0;0;0;0.652
4194304;128622;0;0;0;0;0;0;0;0;0;0;3.159
4194304;325632;0;0;0;0;0;0;0;0;0;0;4.151
4194304;201780;0;0;0;0;0;0;0;0;0;0;4.215
4194304;41199;0;0;0;0;0;0;0;0;0;0;2.851
262144;13889;0;0;0;0;0;0;0;0;0;0;0.206
1048576;75338;0;0;0;0;0;0;0;0;0;0;1.393
4194304;80660;0;0;0;0;0;0;0;0;0;0;1.915
4194304;1476640;0;0;0;0;0;0;0;0;0;0;14.923
4194304;7840;0;0;0;0;0;0;0;0;0;0;0.729
262144;69748;0;0;0;0;0;0;0;0;0;0;0.682
4194304;203136;0;0;0;0;0;0;0;0;0;0;4.145
4194304;125400;0;0;0;0;0;0;0;0;0;0;1.781
262144;77448;0;0;0;0;0;0;0;0;0;0;0.714
4194304;1727100;0;0;0;0;0;0;0;0;0;0;17.409
4194304;55955;0;0;0;0;0;0;0;0;0;0;1.606
4194304;175932;0;0;0;0;0;0;0;0;0;0;2.644
262144;36;0;0;0;0;0;0;0;0;0;0;0.060
262144;43022;0;0;0;0;0;0;0;0;0;0;0.444
1048576;194220;0;0;0;0;0;0;0;0;0;0;2.237
1048576;63159;0;0;0;0;0;0;0;0;0;0;0.734
1048576;13430;0;0;0;0;0;0;0;0;0;0;0.298
1048576;25823;0;0;0;0;0;0;0;0;0;0;0.394
1048576;64246;0;0;0;0;0;0;0;0;0;0;1.001
4194304;11165;0;0;0;0;0;0;0;0;0;0;0.783
1048576;80030;0;0;0;0;0;0;0;0;0;0;0.863
4194304;893428;0;0;0;0;0;0;0;0;0;0;11.713
4194304;150976;0;0;0;0;0;0;0;0;0;0;3.420
1048576;30488;0;0;0;0;0;0;0;0;0;0;0.466
4194304;503275;0;0;0;0;0;0;0;0;0;0;7.324
262144;11984;0;0;0;0;0;0;0;0;0;0;0.179
262144;1716;0;0;0;0;0;0;0;0;0;0;0.069
1048576;5346;0;0;0;0;0;0;0;0;0;0;0.200
1048576;55596;0;0;0;0;0;0;0;0;0;0;0.623
4194304;64600;0;0;0;0;0;0;0;0;0;0;1.949
1048576;20196;0;0;0;0;0;0;0;0;0;0;0.322
1048576;16155;0;0;0;0;0;0;0;0;0;0;0.301
1048576;90750;0;0;0;0;0;0;0;0;0;0;4.180
262144;2205;0;0;0;0;0;0;0;0;0;0;0.075
4194304;484320;0;0;0;0;0;0;0;0;0;0;6.030
262144;2847;0;0;0;0;0;0;0;0;0;0;0.080
1048576;26892;0;0;0;0;0;0;0;0;0;0;0.550
4194304;30710;0;0;0;0;0;0;0;0;0;0;0.946
4194304;60147;0;0;0;0;0;0;0;0;0;0;1.190
1048576;46563;0;0;0;0;0;0;0;0;0;0;0.572
1048576;39289;0;0;0;0;0;0;0;0;0;0;0.751
4194304;1113603;0;0;0;0;0;0;0;0;0;0;12.689
4194304;36103;0;0;0;0;0;0;0;0;0;0;1.095
4194304;58032;0;0;0;0;0;0;0;0;0;0;1.217
4194304;662036;0;0;0;0;0;0;0;0;0;0;18.339
1048576;42575;0;0;0;0;0;0;0;0;0;0;0.539
1048576;85752;0;0;0;0;0;0;0;0;0;0;1.016
262144;9114;0;0;0;0;0;0;0;0;0;0;0.137
1048576;2790;0;0;0;0;0;0;0;0;0;0;0.164
4194304;107440;0;0;0;0;0;0;0;0;0;0;2.708
262144;54405;0;0;0;0;0;0;0;0;0;0;0.588
1048576;42987;0;0;0;0;0;0;0;0;0;0;0.986
262144;900;0;0;0;0;0;0;0;0;0;0;0.073
1048576;137728;0;0;0;0;0;0;0;0;0;0;1.326
4194304;3050298;0;0;0;0;0;0;0;0;0;0;43.781
4194304;355179;0;0;0;0;0;0;0;0;0;0;4.155
262144;12950;0;0;0;0;0;0;0;0;0;0;0.180
1048576;30710;0;0;0;0;0;0;0;0;0;0;0.388
1048576;2124;0;0;0;0;0;0;0;0;0;0;0.153
1048576;119952;0;0;0;0;0;0;0;0;0;0;2.030
1048576;2091;0;0;0;0;0;0;0;0;0;0;0.171
1048576;4768;0;0;0;0;0;0;0;0;0;0;0.202
262144;3584;0;0;0;0;0;0;0;0;0;0;0.095
4194304;579121;0;0;0;0;0;0;0;0;0;0;14.282
262144;8844;0;0;0;0;0;0;0;0;0;0;0.147
262144;32942;0;0;0;0;0;0;0;0;0;0;0.351
4194304;213486;0;0;0;0;0;0;0;0;0;0;5.524
1048576;416538;0;0;0;0;0;0;0;0;0;0;3.698
1048576;1545;0;0;0;0;0;0;0;0;0;0;0.172
1048576;45448;0;0;0;0;0;0;0;0;0;0;0.561
4194304;145017;0;0;0;0;0;0;0;0;0;0;4.238
262144;9180;0;0;0;0;0;0;0;0;0;0;0.134
4194304;651840;0;0;0;0;0;0;0;0;0;0;9.040
1048576;161644;0;0;0;0;0;0;0;0;0;0;3.364
1048576;84840;0;0;0;0;0;0;0;0;0;0;1.160
1048576;1308;0;0;0;0;0;0;0;0;0;0;0.161
4194304;355990;0;0;0;0;0;0;0;0;0;0;12.931
4194304;128658;0;0;0;0;0;0;0;0;0;0;2.102
4194304;565220;0;0;0;0;0;0;0;0;0;0;14.514
4194304;622028;0;0;0;0;0;0;0;0;0;0;6.255
1048576;4290;0;0;0;0;0;0;0;0;0;0;0.169
4194304;539570;0;0;0;0;0;0;0;0;0;0;7.848
1048576;64480;0;0;0;0;0;0;0;0;0;0;0.713
262144;50740;0;0;0;0;0;0;0;0;0;0;0.518
262144;42780;0;0;0;0;0;0;0;0;0;0;0.434
4194304;328758;0;0;0;0;0;0;0;0;0;0;7.887
1048576;72051;0;0;0;0;0;0;0;0;0;0;0.905
4194304;9424;0;0;0;0;0;0;0;0;0;0;0.802
1048576;169796;0;0;0;0;0;0;0;0;0;0;2.665
1048576;13872;0;0;0;0;0;0;0;0;0;0;0.288
1048576;369334;0;0;0;0;0;0;0;0;0;0;3.835
4194304;15744;0;0;0;0;0;0;0;0;0;0;0.827
262144;15480;0;0;0;0;0;0;0;0;0;0;0.185
1048576;139875;0;0;0;0;0;0;0;0;0;0;2.869
4194304;435210;0;0;0;0;0;0;0;0;0;0;5.202
1048576;144205;0;0;0;0;0;0;0;0;0;0;1.423
1048576;80122;0;0;0;0;0;0;0;0;0;0;1.077
4194304;113920;0;0;0;0;0;0;0;0;0;0;2.515
1048576;762858;0;0;0;0;0;0;0;0;0;0;7.404
1048576;37433;0;0;0;0;0;0;0;0;0;0;0.495
262144;4440;0;0;0;0;0;0;0;0;0;0;0.103
1048576;537178;0;0;0;0;0;0;0;0;0;0;5.274
4194304;8404;0;0;0;0;0;0;0;0;0;0;0.725
1048576;62480;0;0;0;0;0;0;0;0;0;0;0.841
1048576;5820;0;0;0;0;0;0;0;0;0;0;0.202
4194304;568288;0;0;0;0;0;0;0;0;0;0;15.232
262144;1518;0;0;0;0;0;0;0;0;0;0;0.071
262144;5280;0;0;0;0;0;0;0;0;0;0;0.104
262144;1836;0;0;0;0;0;0;0;0;0;0;0.072
262144;923;0;0;0;0;0;0;0;0;0;0;0.063
4194304;6838;0;0;0;0;0;0;0;0;0;0;0.726
1048576;50167;0;0;0;0;0;0;0;0;0;0;0.871
4194304;1689714;0;0;0;0;0;0;0;0;0;0;29.194
4194304;240690;0;0;0;0;0;0;0;0;0;0;7.077
4194304;913814;0;0;0;0;0;0;0;0;0;0;27.499
1048576;277500;0;0;0;0;0;0;0;0;0;0;2.740
1048576;16195;0;0;0;0;0;0;0;0;0;0;0.309
4194304;1464881;0;0;0;0;0;0;0;0;0;0;29.625
4194304;11396;0;0;0;0;0;0;0;0;0;0;0.814
1048576;125664;0;0;0;0;0;0;0;0;0;0;1.307
4194304;178992;0;0;0;0;0;0;0;0;0;0;4.717
4194304;20878;0;0;0;0;0;0;0;0;0;0;0.979
4194304;119584;0;0;0;0;0;0;0;0;0;0;1.845
1048576;259778;0;0;0;0;0;0;0;0;0;0;2.967
4194304;1074200;0;0;0;0;0;0;0;0;0;0;21.418
262144;5100;0;0;0;0;0;0;0;0;0;0;0.108
4194304;1561631;0;0;0;0;0;0;0;0;0;0;21.861
4194304;301608;0;0;0;0;0;0;0;0;0;0;3.361
262144;2356;0;0;0;0;0;0;0;0;0;0;0.080
1048576;48861;0;0;0;0;0;0;0;0;0;0;0.746
4194304;112100;0;0;0;0;0;0;0;0;0;0;3.015
4194304;112991;0;0;0;0;0;0;0;0;0;0;3.330
4194304;10136;0;0;0;0;0;0;0;0;0;0;0.701
4194304;48600;0;0;0;0;0;0;0;0;0;0;1.033
4194304;584307;0;0;0;0;0;0;0;0;0;0;8.098
262144;12;0;0;0;0;0;0;0;0;0;0;0.052
4194304;229449;0;0;0;0;0;0;0;0;0;0;5.035
4194304;1832;0;0;0;0;0;0;0;0;0;0;0.622
4194304;608112;0;0;0;0;0;0;0;0;0;0;16.701
1048576;15156;0;0;0;0;0;0;0;0;0;0;0.416
1048576;37286;0;0;0;0;0;0;0;0;0;0;0.545
262144;3312;0;0;0;0;0;0;0;0;0;0;0.090
1048576;225132;0;0;0;0;0;0;0;0;0;0;2.290
1048576;2460;0;0;0;0;0;0;0;0;0;0;0.164
1048576;17922;0;0;0;0;0;0;0;0;0;0;0.338
262144;7708;0;0;0;0;0;0;0;0;0;0;0.123
1048576;139302;0;0;0;0;0;0;0;0;0;0;1.548
4194304;484182;0;0;0;0;0;0;0;0;0;0;12.669
4194304;156957;0;0;0;0;0;0;0;0;0;0;4.211
1048576;6456;0;0;0;0;0;0;0;0;0;0;0.243
1048576;8494;0;0;0;0;0;0;0;0;0;0;0.215
262144;13000;0;0;0;0;0;0;0;0;0;0;0.171
1048576;212496;0;0;0;0;0;0;0;0;0;0;2.362
262144;646;0;0;0;0;0;0;0;0;0;0;0.234
4194304;61218;0;0;0;0;0;0;0;0;0;0;1.693
1048576;26136;0;0;0;0;0;0;0;0;0;0;0.413
1048576;54825;0;0;0;0;0;0;0;0;0;0;0.669
1048576;161330;0;0;0;0;0;0;0;0;0;0;1.690
4194304;458376;0;0;0;0;0;0;0;0;0;0;6.548
262144;253;0;0;0;0;0;0;0;0;0;0;0.057
1048576;1428;0;0;0;0;0;0;0;0;0;0;0.141
1048576;29140;0;0;0;0;0;0;0;0;0;0;0.526
1048576;82320;0;0;0;0;0;0;0;0;0;0;1.102
4194304;224808;0;0;0;0;0;0;0;0;0;0;3.399
4194304;552653;0;0;0;0;0;0;0;0;0;0;6.233
4194304;712215;0;0;0;0;0;0;0;0;0;0;16.102
4194304;338009;0;0;0;0;0;0;0;0;0;0;8.222
262144;4450;0;0;0;0;0;0;0;0;0;0;0.096
262144;128;0;0;0;0;0;0;0;0;0;0;0.063
1048576;178100;0;0;0;0;0;0;0;0;0;0;1.791
4194304;11232;0;0;0;0;0;0;0;0;0;0;0.801
4194304;122745;0;0;0;0;0;0;0;0;0;0;1.858
1048576;12728;0;0;0;0;0;0;0;0;0;0;0.280
262144;5500;0;0;0;0;0;0;0;0;0;0;0.114
1048576;16250;0;0;0;0;0;0;0;0;0;0;0.362
262144;1488;0;0;0;0;0;0;0;0;0;0;2.298
4194304;593110;0;0;0;0;0;0;0;0;0;0;13.401
262144;36260;0;0;0;0;0;0;0;0;0;0;0.383
4194304;302176;0;0;0;0;0;0;0;0;0;0;10.210
4194304;117279;0;0;0;0;0;0;0;0;0;0;2.237
4194304;283466;0;0;0;0;0;0;0;0;0;0;3.950
1048576;805;0;0;0;0;0;0;0;0;0;0;0.187
262144;20822;0;0;0;0;0;0;0;0;0;0;0.256
4194304;228501;0;0;0;0;0;0;0;0;0;0;5.367
1048576;106024;0;0;0;0;0;0;0;0;0;0;1.656
4194304;545600;0;0;0;0;0;0;0;0;0;0;8.937
1048576;52136;0;0;0;0;0;0;0;0;0;0;0.667
1048576;55407;0;0;0;0;0;0;0;0;0;0;0.835
1048576;8883;0;0;0;0;0;0;0;0;0;0;0.218
4194304;260470;0;0;0;0;0;0;0;0;0;0;5.680
4194304;249864;0;0;0;0;0;0;0;0;0;0;4.271
1048576;22796;0;0;0;0;0;0;0;0;0;0;0.525
4194304;2456406;0;0;0;0;0;0;0;0;0;0;29.538
4194304;1305000;0;0;0;0;0;0;0;0;0;0;16.495
262144;18352;0;0;0;0;0;0;0;0;0;0;0.245
262144;2640;0;0;0;0;0;0;0;0;0;0;0.080
4194304;25;0;0;0;0;0;0;0;0;0;0;0.576
1048576;192;0;0;0;0;0;0;0;0;0;0;0.130
262144;15930;0;0;0;0;0;0;0;0;0;0;0.200
1048576;120771;0;0;0;0;0;0;0;0;0;0;1.273
1048576;1032;0;0;0;0;0;0;0;0;0;0;0.145
262144;16511;0;0;0;0;0;0;0;0;0;0;0.215
4194304;444500;0;0;0;0;0;0;0;0;0;0;11.319
1048576;1692;0;0;0;0;0;0;0;0;0;0;0.163
1048576;3854;0;0;0;0;0;0;0;0;0;0;0.172
4194304;770;0;0;0;0;0;0;0;0;0;0;0.607
262144;2516;0;0;0;0;0;0;0;0;0;0;0.098
4194304;187884;0;0;0;0;0;0;0;0;0;0;3.632
1048576;17214;0;0;0;0;0;0;0;0;0;0;0.327
4194304;1872;0;0;0;0;0;0;0;0;0;0;0.670
1048576;46534;0;0;0;0;0;0;0;0;0;0;0.681
1048576;19760;0;0;0;0;0;0;0;0;0;0;0.356
262144;495;0;0;0;0;0;0;0;0;0;0;0.060
262144;506;0;0;0;0;0;0;0;0;0;0;0.057
4194304;802314;0;0;0;0;0;0;0;0;0;0;16.799
262144;33984;0;0;0;0;0;0;0;0;0;0;0.385
4194304;115575;0;0;0;0;0;0;0;0;0;0;2.615
1048576;102666;0;0;0;0;0;0;0;0;0;0;0.986
1048576;3504;0;0;0;0;0;0;0;0;0;0;0.205
262144;17264;0;0;0;0;0;0;0;0;0;0;0.213
4194304;79596;0;0;0;0;0;0;0;0;0;0;1.348
4194304;4080;0;0;0;0;0;0;0;0;0;0;0.617
4194304;812812;0;0;0;0;0;0;0;0;0;0;10.477
4194304;6048;0;0;0;0;0;0;0;0;0;0;0.654
262144;627;0;0;0;0;0;0;0;0;0;0;0.058
4194304;1378666;0;0;0;0;0;0;0;0;0;0;17.426
4194304;1121715;0;0;0;0;0;0;0;0;0;0;13.244
4194304;84832;0;0;0;0;0;0;0;0;0;0;2.150
4194304;2132;0;0;0;0;0;0;0;0;0;0;0.632
1048576;144020;0;0;0;0;0;0;0;0;0;0;2.037
262144;3577;0;0;0;0;0;0;0;0;0;0;0.295
1048576;26100;0;0;0;0;0;0;0;0;0;0;0.377
4194304;10030;0;0;0;0;0;0;0;0;0;0;0.702
1048576;66564;0;0;0;0;0;0;0;0;0;0;1.119
4194304;21894;0;0;0;0;0;0;0;0;0;0;0.918
262144;5986;0;0;0;0;0;0;0;0;0;0;0.122
4194304;750;0;0;0;0;0;0;0;0;0;0;0.619
4194304;21584;0;0;0;0;0;0;0;0;0;0;1.079
4194304;1040580;0;0;0;0;0;0;0;0;0;0;25.321
4194304;19214;0;0;0;0;0;0;0;0;0;0;0.989
4194304;36102;0;0;0;0;0;0;0;0;0;0;0.956
1048576;34132;0;0;0;0;0;0;0;0;0;0;0.541
1048576;60726;0;0;0;0;0;0;0;0;0;0;0.788
1048576;206310;0;0;0;0;0;0;0;0;0;0;3.209
4194304;425997;0;0;0;0;0;0;0;0;0;0;6.643
4194304;90694;0;0;0;0;0;0;0;0;0;0;2.242
4194304;264660;0;0;0;0;0;0;0;0;0;0;8.243
4194304;57577;0;0;0;0;0;0;0;0;0;0;1.353
262144;21669;0;0;0;0;0;0;0;0;0;0;0.256
4194304;234262;0;0;0;0;0;0;0;0;0;0;3.997
1048576;85176;0;0;0;0;0;0;0;0;0;0;1.610
262144;37275;0;0;0;0;0;0;0;0;0;0;0.383
4194304;48144;0;0;0;0;0;0;0;0;0;0;1.078
1048576;2970;0;0;0;0;0;0;0;0;0;0;0.162
1048576;48450;0;0;0;0;0;0;0;0;0;0;0.578
1048576;55198;0;0;0;0;0;0;0;0;0;0;0.911
4194304;11788;0;0;0;0;0;0;0;0;0;0;0.814
1048576;24244;0;0;0;0;0;0;0;0;0;0;0.406
1048576;175143;0;0;0;0;0;0;0;0;0;0;2.827
262144;48600;0;0;0;0;0;0;0;0;0;0;0.525
1048576;208;0;0;0;0;0;0;0;0;0;0;0.126
262144;11289;0;0;0;0;0;0;0;0;0;0;0.154
1048576;13072;0;0;0;0;0;0;0;0;0;0;0.297
1048576;4557;0;0;0;0;0;0;0;0;0;0;0.186
4194304;95937;0;0;0;0;0;0;0;0;0;0;2.221
1048576;136253;0;0;0;0;0;0;0;0;0;0;2.788
4194304;23660;0;0;0;0;0;0;0;0;0;0;0.953
1048576;256;0;0;0;0;0;0;0;0;0;0;0.136
4194304;54500;0;0;0;0;0;0;0;0;0;0;1.604
4194304;484880;0;0;0;0;0;0;0;0;0;0;4.816
1048576;218413;0;0;0;0;0;0;0;0;0;0;2.388
1048576;49664;0;0;0;0;0;0;0;0;0;0;0.678
4194304;106436;0;0;0;0;0;0;0;0;0;0;2.158
4194304;165426;0;0;0;0;0;0;0;0;0;0;2.381
4194304;17493;0;0;0;0;0;0;0;0;0;0;0.873
4194304;31303;0;0;0;0;0;0;0;0;0;0;1.141
262144;10752;0;0;0;0;0;0;0;0;0;0;0.160
1048576;9405;0;0;0;0;0;0;0;0;0;0;0.278
262144;1802;0;0;0;0;0;0;0;0;0;0;0.073
4194304;34875;0;0;0;0;0;0;0;0;0;0;1.168
1048576;3714;0;0;0;0;0;0;0;0;0;0;0.187
262144;3498;0;0;0;0;0;0;0;0;0;0;0.091
4194304;249524;0;0;0;0;0;0;0;0;0;0;5.334
4194304;339384;0;0;0;0;0;0;0;0;0;0;8.990
4194304;99760;0;0;0;0;0;0;0;0;0;0;3.450
4194304;2465;0;0;0;0;0;0;0;0;0;0;0.668
1048576;5856;0;0;0;0;0;0;0;0;0;0;0.200
4194304;125600;0;0;0;0;0;0;0;0;0;0;2.939
4194304;271752;0;0;0;0;0;0;0;0;0;0;3.191
4194304;3276;0;0;0;0;0;0;0;0;0;0;0.646
4194304;38038;0;0;0;0;0;0;0;0;0;0;1.174
1048576;5328;0;0;0;0;0;0;0;0;0;0;0.184
4194304;319606;0;0;0;0;0;0;0;0;0;0;8.638
1048576;33460;0;0;0;0;0;0;0;0;0;0;0.432
262144;6952;0;0;0;0;0;0;0;0;0;0;0.123
1048576;1155;0;0;0;0;0;0;0;0;0;0;0.155
4194304;26741;0;0;0;0;0;0;0;0;0;0;0.892
1048576;47940;0;0;0;0;0;0;0;0;0;0;0.570
4194304;629694;0;0;0;0;0;0;0;0;0;0;18.221
262144;7626;0;0;0;0;0;0;0;0;0;0;0.131
262144;4260;0;0;0;0;0;0;0;0;0;0;0.098
1048576;896;0;0;0;0;0;0;0;0;0;0;0.172
1048576;229977;0;0;0;0;0;0;0;0;0;0;2.769
4194304;218000;0;0;0;0;0;0;0;0;0;0;5.320
1048576;36572;0;0;0;0;0;0;0;0;0;0;0.630
1048576;82474;0;0;0;0;0;0;0;0;0;0;0.948
262144;22325;0;0;0;0;0;0;0;0;0;0;0.250
4194304;25854;0;0;0;0;0;0;0;0;0;0;0.866
1048576;49770;0;0;0;0;0;0;0;0;0;0;0.625
4194304;663840;0;0;0;0;0;0;0;0;0;0;11.504
1048576;23142;0;0;0;0;0;0;0;0;0;0;0.375
4194304;1626828;0;0;0;0;0;0;0;0;0;0;19.504
4194304;886445;0;0;0;0;0;0;0;0;0;0;10.734
262144;9695;0;0;0;0;0;0;0;0;0;0;0.362
262144;4309;0;0;0;0;0;0;0;0;0;0;0.114
4194304;5472;0;0;0;0;0;0;0;0;0;0;0.727
4194304;1270552;0;0;0;0;0;0;0;0;0;0;23.825
4194304;397210;0;0;0;0;0;0;0;0;0;0;8.428
262144;2624;0;0;0;0;0;0;0;0;0;0;0.083
262144;5049;0;0;0;0;0;0;0;0;0;0;0.105
1048576;3996;0;0;0;0;0;0;0;0;0;0;0.331
1048576;23598;0;0;0;0;0;0;0;0;0;0;0.472
1048576;244545;0;0;0;0;0;0;0;0;0;0;2.688
262144;1380;0;0;0;0;0;0;0;0;0;0;0.067
4194304;3186;0;0;0;0;0;0;0;0;0;0;0.636
4194304;64480;0;0;0;0;0;0;0;0;0;0;1.424
4194304;97038;0;0;0;0;0;0;0;0;0;0;2.513
1048576;1816;0;0;0;0;0;0;0;0;0;0;0.159
1048576;4550;0;0;0;0;0;0;0;0;0;0;0.170
1048576;14076;0;0;0;0;0;0;0;0;0;0;0.332
262144;3712;0;0;0;0;0;0;0;0;0;0;0.087
4194304;924;0;0;0;0;0;0;0;0;0;0;0.613
4194304;98175;0;0;0;0;0;0;0;0;0;0;2.652
1048576;114660;0;0;0;0;0;0;0;0;0;0;1.409
1048576;2669;0;0;0;0;0;0;0;0;0;0;0.169
1048576;183781;0;0;0;0;0;0;0;0;0;0;2.596
1048576;11165;0;0;0;0;0;0;0;0;0;0;0.232
4194304;316480;0;0;0;0;0;0;0;0;0;0;4.976
4194304;2060;0;0;0;0;0;0;0;0;0;0;0.617
1048576;76500;0;0;0;0;0;0;0;0;0;0;1.006
1048576;3509;0;0;0;0;0;0;0;0;0;0;0.168
4194304;132921;0;0;0;0;0;0;0;0;0;0;2.735
4194304;355716;0;0;0;0;0;0;0;0;0;0;7.907
262144;4500;0;0;0;0;0;0;0;0;0;0;0.099
262144;189;0;0;0;0;0;0;0;0;0;0;0.061
4194304;207255;0;0;0;0;0;0;0;0;0;0;3.960
1048576;85140;0;0;0;0;0;0;0;0;0;0;1.023
1048576;32040;0;0;0;0;0;0;0;0;0;0;0.488
262144;312;0;0;0;0;0;0;0;0;0;0;0.060
1048576;24384;0;0;0;0;0;0;0;0;0;0;0.383
1048576;342;0;0;0;0;0;0;0;0;0;0;0.154
4194304;85568;0;0;0;0;0;0;0;0;0;0;1.636
1048576;16074;0;0;0;0;0;0;0;0;0;0;0.330
4194304;81836;0;0;0;0;0;0;0;0;0;0;2.208
1048576;18512;0;0;0;0;0;0;0;0;0;0;0.345
262144;44250;0;0;0;0;0;0;0;0;0;0;0.483
4194304;67875;0;0;0;0;0;0;0;0;0;0;1.644
1048576;13386;0;0;0;0;0;0;0;0;0;0;0.294
4194304;10731;0;0;0;0;0;0;0;0;0;0;0.718
1048576;49385;0;0;0;0;0;0;0;0;0;0;0.762
4194304;166599;0;0;0;0;0;0;0;0;0;0;2.336
4194304;233920;0;0;0;0;0;0;0;0;0;0;3.799
262144;1104;0;0;0;0;0;0;0;0;0;0;0.162
1048576;162770;0;0;0;0;0;0;0;0;0;0;2.091
262144;13818;0;0;0;0;0;0;0;0;0;0;0.208
4194304;36048;0;0;0;0;0;0;0;0;0;0;1.314
262144;12730;0;0;0;0;0;0;0;0;0;0;0.168
1048576;186355;0;0;0;0;0;0;0;0;0;0;1.890
4194304;648720;0;0;0;0;0;0;0;0;0;0;15.725
4194304;292721;0;0;0;0;0;0;0;0;0;0;7.107
1048576;138108;0;0;0;0;0;0;0;0;0;0;1.867
4194304;4094;0;0;0;0;0;0;0;0;0;0;0.626
1048576;22043;0;0;0;0;0;0;0;0;0;0;0.362
1048576;159892;0;0;0;0;0;0;0;0;0;0;2.055
262144;30144;0;0;0;0;0;0;0;0;0;0;0.324
4194304;13660;0;0;0;0;0;0;0;0;0;0;0.755
4194304;113620;0;0;0;0;0;0;0;0;0;0;2.664
262144;71004;0;0;0;0;0;0;0;0;0;0;0.663
4194304;33345;0;0;0;0;0;0;0;0;0;0;1.173
