1048576;62040;0;48345156;133401455;5187;0;0;0;0;0;0;1.080
262144;15510;0;3318130;9432060;5150;0;0;0;0;0;0;0.150
1048576;84005;0;24392101;68015145;5162;0;0;0;0;0;0;0.438
262144;18648;0;2100766;6109498;5243;0;0;0;0;0;0;0.078
1048576;54209;0;9668582;27823398;5201;0;0;0;0;0;0;0.257
262144;6042;0;3686818;10436705;5132;0;0;0;0;0;0;0.100
1048576;60605;0;14476991;40946956;5186;0;0;0;0;0;0;0.296
1048576;53592;0;14686999;41420852;5063;0;0;0;0;0;0;0.295
1048576;6180;0;7180351;21017883;5063;0;0;0;0;0;0;0.187
4194304;11040;0;22306657;66573391;5225;0;0;0;0;0;0;0.744
1048576;9451;0;8084460;23502532;5237;0;0;0;0;0;0;0.218
262144;576;0;1956424;5714910;5159;0;0;0;0;0;0;0.073
262144;12264;0;2913210;8328576;5318;0;0;0;0;0;0;0.092
4194304;205581;0;76711405;214739564;5063;0;0;0;0;0;0;1.496
262144;32982;0;5255612;14721231;5159;0;0;0;0;0;0;0.119
1048576;28184;0;12957418;36783413;5117;0;0;0;0;0;0;0.275
1048576;1449;0;6449537;19037752;5063;0;0;0;0;0;0;0.185
4194304;370206;0;270242662;743387960;5210;0;0;0;0;0;0;4.211
1048576;1768;0;5633748;16817097;5399;0;0;0;0;0;0;0.253
262144;1500;0;1943718;5681240;5219;0;0;0;0;0;0;0.072
1048576;13622;0;9496301;27356450;5198;0;0;0;0;0;0;0.241
262144;3498;0;2283150;6606044;5147;0;0;0;0;0;0;0.076
262144;25347;0;2707440;7766238;5279;0;0;0;0;0;0;0.095
1048576;1935;0;6661406;19616251;5084;0;0;0;0;0;0;0.204
4194304;150249;0;42897089;122760737;5123;0;0;0;0;0;0;1.110
262144;767;0;2050147;5969428;5072;0;0;0;0;0;0;0.074
4194304;225303;0;77907624;218240633;5075;0;0;0;0;0;0;1.532
1048576;52032;0;29541380;82078284;5123;0;0;0;0;0;0;0.507
4194304;1003923;0;503641346;1379912052;5087;0;0;0;0;0;0;7.551
1048576;282619;0;101240941;277796044;5192;0;0;0;0;0;0;1.511
1048576;55272;0;9119289;26327131;5258;0;0;0;0;0;0;0.243
262144;5031;0;3265064;9284672;5114;0;0;0;0;0;0;0.089
4194304;11700;0;23469405;69744349;5120;0;0;0;0;0;0;0.758
1048576;72000;0;52047729;143515812;5084;0;0;0;0;0;0;0.812
4194304;1643163;0;776584633;2125692518;5216;0;0;0;0;0;0;11.279
1048576;17136;0;10465880;30004185;5201;0;0;0;0;0;0;0.244
262144;17766;0;3312607;9413143;5069;0;0;0;0;0;0;0.105
1048576;94848;0;66946603;184177270;5093;0;0;0;0;0;0;1.024
262144;5496;0;1661761;4911715;5213;0;0;0;0;0;0;0.067
4194304;1920;0;21650263;64774647;5063;0;0;0;0;0;0;0.757
1048576;6447;0;8469375;24530152;5063;0;0;0;0;0;0;0.209
4194304;127428;0;38813040;111422768;5075;0;0;0;0;0;0;0.964
262144;6055;0;1441985;4306495;5135;0;0;0;0;0;0;0.064
1048576;136800;0;34636146;95970427;5252;0;0;0;0;0;0;0.579
1048576;35938;0;6969448;20460432;5237;0;0;0;0;0;0;0.194
1048576;85444;0;19143438;53672468;5222;0;0;0;0;0;0;0.381
1048576;92722;0;11346312;32410206;5402;0;0;0;0;0;0;0.282
1048576;16614;0;14274153;40377100;5063;0;0;0;0;0;0;0.299
4194304;374532;0;153508689;424212164;5069;0;0;0;0;0;0;2.652
4194304;4810;0;26710096;78592038;5063;0;0;0;0;0;0;0.831
262144;31050;0;4172019;11765209;5270;0;0;0;0;0;0;0.123
4194304;716816;0;119287124;331295953;5285;0;0;0;0;0;0;2.115
1048576;38346;0;45764755;126360955;5066;0;0;0;0;0;0;0.737
4194304;305748;0;63803310;179834823;5096;0;0;0;0;0;0;2.563
4194304;249642;0;79131809;221603010;5189;0;0;0;0;0;0;1.599
4194304;56175;0;49634639;141121074;5153;0;0;0;0;0;0;1.179
262144;1590;0;1843282;5407040;5201;0;0;0;0;0;0;0.070
1048576;1098;0;6217153;18405411;5147;0;0;0;0;0;0;0.198
1048576;93692;0;20177732;56513471;5315;0;0;0;0;0;0;0.374
4194304;270180;0;104073385;289344388;5063;0;0;0;0;0;0;1.889
262144;1316;0;2190163;6351880;5096;0;0;0;0;0;0;0.075
262144;28884;0;3714973;10514991;5243;0;0;0;0;0;0;0.099
262144;707;0;1719264;5068038;5063;0;0;0;0;0;0;0.071
262144;48372;0;1436692;4296669;5198;0;0;0;0;0;0;0.103
1048576;390404;0;82179062;225712568;5135;0;0;0;0;0;0;1.235
1048576;21004;0;15935522;44922005;5117;0;0;0;0;0;0;0.319
4194304;408;0;21679464;64862134;5063;0;0;0;0;0;0;0.725
4194304;16290;0;24922493;73713321;5156;0;0;0;0;0;0;0.796
1048576;190410;0;16089322;45356387;5330;0;0;0;0;0;0;0.320
4194304;96258;0;34143424;98746604;5081;0;0;0;0;0;0;0.914
4194304;19872;0;27110815;79685150;5075;0;0;0;0;0;0;0.836
4194304;47736;0;29722147;86714013;5063;0;0;0;0;0;0;0.905
1048576;127281;0;12930103;36729572;5261;0;0;0;0;0;0;0.286
262144;8619;0;1454573;4341030;5121;0;0;0;0;0;0;0.251
4194304;36108;0;28840377;84403651;5174;0;0;0;0;0;0;0.923
4194304;47925;0;35608727;102809547;5084;0;0;0;0;0;0;1.003
4194304;17199;0;28192162;82611128;5063;0;0;0;0;0;0;0.860
4194304;949560;0;69920614;196533986;5228;0;0;0;0;0;0;1.502
4194304;8580;0;23404899;69552581;5063;0;0;0;0;0;0;0.818
1048576;151525;0;5398090;16173214;5324;0;0;0;0;0;0;0.211
4194304;151775;0;56077518;158747937;5210;0;0;0;0;0;0;1.215
1048576;870;0;5825155;17331750;5063;0;0;0;0;0;0;0.174
1048576;32214;0;8510143;24658659;5150;0;0;0;0;0;0;0.221
1048576;374;0;5847968;17397273;5063;0;0;0;0;0;0;0.172
4194304;34584;0;44701183;127678225;5093;0;0;0;0;0;0;1.043
1048576;75;0;5484051;16404000;5063;0;0;0;0;0;0;0.176
1048576;1410;0;6117891;18128769;5063;0;0;0;0;0;0;0.175
1048576;14178;0;8471876;24560990;5237;0;0;0;0;0;0;0.209
4194304;1175247;0;406187092;1114370500;5210;0;0;0;0;0;0;6.290
1048576;148887;0;8673709;25117596;5522;0;0;0;0;0;0;0.211
4194304;585936;0;112114334;311645895;5201;0;0;0;0;0;0;2.126
1048576;6930;0;8777760;25384286;5066;0;0;0;0;0;0;0.214
1048576;19530;0;8684541;25099625;5063;0;0;0;0;0;0;0.232
4194304;48581;0;50268249;142900211;5084;0;0;0;0;0;0;1.152
1048576;78312;0;37011987;102469343;5183;0;0;0;0;0;0;0.629
1048576;40198;0;9211426;26578699;5237;0;0;0;0;0;0;0.254
1048576;6392;0;5948255;17673194;5210;0;0;0;0;0;0;0.235
4194304;1701180;0;859051434;2349223425;5084;0;0;0;0;0;0;12.662
262144;1012;0;2000625;5836391;5192;0;0;0;0;0;0;0.092
262144;86747;0;5201491;14569285;5219;0;0;0;0;0;0;0.185
1048576;3569;0;9571075;27562433;5063;0;0;0;0;0;0;0.272
1048576;285192;0;74703366;205295133;5111;0;0;0;0;0;0;1.209
1048576;9963;0;13115586;37233524;5063;0;0;0;0;0;0;0.320
4194304;19200;0;44585188;127387949;5063;0;0;0;0;0;0;1.091
1048576;222600;0;125181025;343038988;5108;0;0;0;0;0;0;1.900
262144;1992;0;3039556;8669476;5075;0;0;0;0;0;0;0.086
4194304;198975;0;137609214;381110351;5066;0;0;0;0;0;0;2.377
4194304;255645;0;231563771;637807883;5069;0;0;0;0;0;0;3.760
1048576;2835;0;6333804;18726741;5303;0;0;0;0;0;0;0.179
1048576;32385;0;8534646;24732859;5213;0;0;0;0;0;0;0.225
4194304;132810;0;36775188;106053263;5222;0;0;0;0;0;0;0.952
1048576;704;0;5926090;17609672;5066;0;0;0;0;0;0;0.173
4194304;71649;0;42765387;122357134;5114;0;0;0;0;0;0;1.047
1048576;1890;0;6944517;20390800;5063;0;0;0;0;0;0;0.189
4194304;5922;0;25206115;74483853;5120;0;0;0;0;0;0;0.804
262144;41734;0;2849337;8153457;5234;0;0;0;0;0;0;0.085
1048576;30876;0;11042285;31578523;5174;0;0;0;0;0;0;0.253
1048576;84992;0;27217778;75733152;5264;0;0;0;0;0;0;0.467
262144;9932;0;4102942;11575332;5243;0;0;0;0;0;0;0.102
4194304;25438;0;33052346;95875278;5072;0;0;0;0;0;0;0.935
1048576;5141;0;7985998;23232129;5102;0;0;0;0;0;0;0.195
4194304;137895;0;31109604;90597305;5234;0;0;0;0;0;0;0.891
262144;33600;0;4568640;12846710;5240;0;0;0;0;0;0;0.112
4194304;2057;0;21664288;64812769;5063;0;0;0;0;0;0;0.776
4194304;62609;0;39670215;113863219;5063;0;0;0;0;0;0;1.032
1048576;35164;0;15658328;44163436;5132;0;0;0;0;0;0;0.307
4194304;23080;0;42611617;122003352;5063;0;0;0;0;0;0;1.036
1048576;8618;0;7178008;21032180;5357;0;0;0;0;0;0;0.202
4194304;35190;0;64369105;181394192;5063;0;0;0;0;0;0;1.482
1048576;44000;0;8288201;24050888;5330;0;0;0;0;0;0;0.213
1048576;80808;0;20004305;56039869;5189;0;0;0;0;0;0;0.379
4194304;49280;0;38428367;110582187;5375;0;0;0;0;0;0;1.389
262144;560;0;1663424;4913651;5072;0;0;0;0;0;0;0.075
4194304;197470;0;118222355;328174498;5069;0;0;0;0;0;0;2.132
1048576;48118;0;8730314;25268871;5291;0;0;0;0;0;0;0.229
1048576;92631;0;15341853;43312917;5264;0;0;0;0;0;0;0.319
4194304;248930;0;206103927;568166263;5078;0;0;0;0;0;0;3.276
1048576;19197;0;16340012;46037073;5201;0;0;0;0;0;0;0.337
262144;34001;0;4644049;13054864;5360;0;0;0;0;0;0;0.110
4194304;83160;0;34907979;100948010;5066;0;0;0;0;0;0;0.913
4194304;51688;0;40233071;115441892;5105;0;0;0;0;0;0;1.013
1048576;300120;0;21611025;60429809;5366;0;0;0;0;0;0;0.388
1048576;318618;0;67606316;185970065;5147;0;0;0;0;0;0;1.033
262144;2640;0;2929038;8369554;5117;0;0;0;0;0;0;0.088
1048576;9916;0;16892161;47545919;5081;0;0;0;0;0;0;0.350
1048576;81450;0;34407378;95345971;5219;0;0;0;0;0;0;0.593
4194304;113354;0;55150743;156039156;5063;0;0;0;0;0;0;1.235
4194304;1104154;0;79146736;221743145;5387;0;0;0;0;0;0;1.581
1048576;70784;0;38464495;106352765;5075;0;0;0;0;0;0;0.627
1048576;19388;0;9727667;27986525;5225;0;0;0;0;0;0;0.248
262144;1287;0;2209370;6404889;5147;0;0;0;0;0;0;0.076
4194304;36146;0;32407567;94108844;5111;0;0;0;0;0;0;0.917
1048576;152640;0;14821941;41900124;5420;0;0;0;0;0;0;0.297
1048576;129232;0;39252112;108586403;5216;0;0;0;0;0;0;0.640
4194304;367650;0;38849445;111729152;5351;0;0;0;0;0;0;0.981
262144;7290;0;3333934;9475646;5171;0;0;0;0;0;0;0.093
4194304;69230;0;32854282;95222355;5063;0;0;0;0;0;0;0.908
1048576;121242;0;16373867;46126528;5154;0;0;0;0;0;0;0.588
1048576;30240;0;9292819;26799235;5063;0;0;0;0;0;0;0.271
1048576;4950;0;9813452;28222821;5069;0;0;0;0;0;0;0.270
1048576;74496;0;10938687;31295788;5315;0;0;0;0;0;0;0.246
1048576;25604;0;10036027;28777825;5063;0;0;0;0;0;0;0.227
1048576;111573;0;28216470;78431979;5141;0;0;0;0;0;0;0.499
1048576;91770;0;14719125;41609906;5204;0;0;0;0;0;0;0.302
1048576;114595;0;15718676;44321575;5225;0;0;0;0;0;0;0.320
4194304;2728;0;21847029;65311241;5063;0;0;0;0;0;0;0.748
4194304;84630;0;60989613;172123006;5108;0;0;0;0;0;0;1.287
262144;19781;0;1429852;4278144;5159;0;0;0;0;0;0;0.069
262144;3666;0;1948271;5692635;5162;0;0;0;0;0;0;0.074
262144;3796;0;2779476;7959366;5147;0;0;0;0;0;0;0.084
262144;1395;0;2089478;6078708;5213;0;0;0;0;0;0;0.768
4194304;16422;0;26959138;79254067;5102;0;0;0;0;0;0;0.817
4194304;13056;0;37113096;106990171;5063;0;0;0;0;0;0;0.957
4194304;245752;0;147483123;408132330;5075;0;0;0;0;0;0;2.483
262144;8928;0;2201128;6385070;5285;0;0;0;0;0;0;0.075
4194304;3328;0;23310679;69310142;5129;0;0;0;0;0;0;0.832
1048576;314244;0;147249583;403307148;5129;0;0;0;0;0;0;2.177
1048576;216;0;5432782;16263354;5063;0;0;0;0;0;0;0.197
262144;775;0;1722230;5077365;5273;0;0;0;0;0;0;0.069
4194304;173485;0;74040575;207605768;5105;0;0;0;0;0;0;1.461
1048576;35224;0;13454129;38152366;5201;0;0;0;0;0;0;0.275
1048576;35770;0;10681933;30594403;5252;0;0;0;0;0;0;0.253
4194304;1351080;0;50244891;142845833;5462;0;0;0;0;0;0;1.132
4194304;69616;0;53956781;152875934;5063;0;0;0;0;0;0;1.268
4194304;1098;0;21709402;64936861;5063;0;0;0;0;0;0;0.778
1048576;17978;0;10149452;29133284;5144;0;0;0;0;0;0;0.279
1048576;3422;0;9539648;27474516;5063;0;0;0;0;0;0;0.225
1048576;134194;0;14016451;39689192;5219;0;0;0;0;0;0;0.292
4194304;593477;0;432954295;1187087222;5075;0;0;0;0;0;0;6.434
4194304;261668;0;134373546;372419721;5138;0;0;0;0;0;0;2.351
4194304;77418;0;36398109;105043628;5432;0;0;0;0;0;0;1.617
1048576;54810;0;27076257;75264238;5063;0;0;0;0;0;0;0.463
1048576;3160;0;7224482;21154429;5189;0;0;0;0;0;0;0.194
4194304;149504;0;68522226;192728633;5204;0;0;0;0;0;0;1.397
1048576;45609;0;12348696;35048613;5063;0;0;0;0;0;0;0.263
1048576;155434;0;63856257;175630956;5117;0;0;0;0;0;0;0.987
262144;19817;0;2859790;8181424;5261;0;0;0;0;0;0;0.084
4194304;5580;0;27907702;81861034;5063;0;0;0;0;0;0;0.811
1048576;10712;0;7317187;21391764;5081;0;0;0;0;0;0;0.207
1048576;130572;0;9084411;26231957;5228;0;0;0;0;0;0;0.244
1048576;61341;0;5377238;16115595;5267;0;0;0;0;0;0;0.211
1048576;29016;0;38163875;105613922;5063;0;0;0;0;0;0;0.642
1048576;25021;0;12981379;36865991;5135;0;0;0;0;0;0;0.270
1048576;121272;0;12664932;36006231;5297;0;0;0;0;0;0;0.272
1048576;7560;0;8858965;25615885;5219;0;0;0;0;0;0;0.224
4194304;1499224;0;292302635;803600122;5297;0;0;0;0;0;0;4.517
4194304;187884;0;110045906;306074349;5198;0;0;0;0;0;0;1.959
262144;622;0;1539187;4578344;5309;0;0;0;0;0;0;0.100
1048576;7194;0;15131685;42741535;5063;0;0;0;0;0;0;0.341
262144;1520;0;1988156;5800453;5084;0;0;0;0;0;0;0.075
1048576;6708;0;9421340;27154093;5078;0;0;0;0;0;0;0.252
262144;58275;0;3672046;10401147;5369;0;0;0;0;0;0;0.097
4194304;136206;0;111437040;309748823;5063;0;0;0;0;0;0;1.975
1048576;137846;0;31916414;88560018;5270;0;0;0;0;0;0;0.531
262144;17460;0;2303356;6662945;5291;0;0;0;0;0;0;0.088
1048576;12502;0;7847044;22853802;5168;0;0;0;0;0;0;0.205
4194304;84960;0;79407280;222360949;5063;0;0;0;0;0;0;1.550
1048576;12432;0;7739556;22533801;5063;0;0;0;0;0;0;0.324
4194304;1002852;0;748098963;2047360646;5084;0;0;0;0;0;0;11.106
4194304;6972;0;24194273;71713414;5063;0;0;0;0;0;0;0.806
4194304;14889;0;25251585;74611733;5252;0;0;0;0;0;0;0.784
262144;1260;0;3017547;8612336;5063;0;0;0;0;0;0;0.086
1048576;88970;0;66544762;183004571;5063;0;0;0;0;0;0;1.016
1048576;20164;0;8480401;24585133;5192;0;0;0;0;0;0;0.205
4194304;1177;0;22692476;67625557;5063;0;0;0;0;0;0;0.730
262144;528;0;1815931;5331687;5168;0;0;0;0;0;0;0.067
1048576;69006;0;10652738;30506696;5165;0;0;0;0;0;0;0.249
1048576;138600;0;34356782;94968842;5063;0;0;0;0;0;0;0.576
4194304;75270;0;47029186;133939062;5063;0;0;0;0;0;0;1.071
4194304;1249052;0;84005494;234988177;5252;0;0;0;0;0;0;1.579
1048576;7203;0;8747009;25300345;5090;0;0;0;0;0;0;0.224
1048576;45506;0;15180507;42872561;5105;0;0;0;0;0;0;0.308
4194304;288496;0;72008447;202224191;5174;0;0;0;0;0;0;1.476
262144;8607;0;4946748;13879004;5252;0;0;0;0;0;0;0.115
262144;37604;0;2485923;7162138;5303;0;0;0;0;0;0;0.081
4194304;17236;0;29874877;87207756;5063;0;0;0;0;0;0;0.855
1048576;4260;0;7839474;22829104;5093;0;0;0;0;0;0;0.200
4194304;28490;0;35872961;103588318;5180;0;0;0;0;0;0;0.925
1048576;203850;0;7906460;23019447;5414;0;0;0;0;0;0;0.240
1048576;1600;0;7152856;20958699;5063;0;0;0;0;0;0;0.196
262144;18090;0;7653813;21267401;5246;0;0;0;0;0;0;0.150
262144;12870;0;3164534;9010521;5105;0;0;0;0;0;0;0.099
4194304;35968;0;33419935;96849300;5063;0;0;0;0;0;0;0.866
262144;116958;0;4955443;13902216;5330;0;0;0;0;0;0;0.114
262144;19240;0;3351201;9521849;5258;0;0;0;0;0;0;0.090
4194304;219488;0;93477597;260805574;5132;0;0;0;0;0;0;1.739
4194304;327020;0;77365449;216798452;5177;0;0;0;0;0;0;1.762
262144;7872;0;2560839;7364680;5147;0;0;0;0;0;0;0.137
1048576;171275;0;35136148;97323221;5135;0;0;0;0;0;0;0.651
4194304;85608;0;37419570;107821118;5123;0;0;0;0;0;0;1.028
4194304;261876;0;107213167;298189996;5117;0;0;0;0;0;0;1.936
1048576;46464;0;5380823;16122697;5231;0;0;0;0;0;0;0.167
1048576;311346;0;100397782;275468376;5144;0;0;0;0;0;0;1.485
4194304;334125;0;140823792;389856287;5105;0;0;0;0;0;0;5.517
4194304;103788;0;44883304;128174013;5132;0;0;0;0;0;0;1.058
4194304;785323;0;286765348;788181129;5081;0;0;0;0;0;0;4.377
4194304;26950;0;27762062;81435103;5096;0;0;0;0;0;0;0.871
1048576;27;0;5376324;16109827;5063;0;0;0;0;0;0;0.172
262144;16790;0;3479997;9868355;5276;0;0;0;0;0;0;0.093
1048576;516;0;5893490;17521200;5099;0;0;0;0;0;0;0.188
1048576;4543;0;6134722;18181294;5213;0;0;0;0;0;0;0.177
4194304;6460;0;22391527;66788657;5063;0;0;0;0;0;0;0.764
4194304;6624;0;22469920;67002193;5063;0;0;0;0;0;0;0.827
262144;116;0;1510061;4496824;5159;0;0;0;0;0;0;0.070
4194304;61490;0;41342035;118510860;5096;0;0;0;0;0;0;1.007
262144;540;0;1630511;4822491;5063;0;0;0;0;0;0;0.068
1048576;57125;0;59419464;163608339;5066;0;0;0;0;0;0;0.921
262144;6634;0;2931936;8378713;5189;0;0;0;0;0;0;0.116
1048576;26676;0;10487008;30058338;5171;0;0;0;0;0;0;0.249
1048576;153171;0;15896221;44822863;5171;0;0;0;0;0;0;0.348
4194304;98674;0;39794163;114261165;5153;0;0;0;0;0;0;1.074
4194304;64506;0;44946811;128336699;5138;0;0;0;0;0;0;1.254
1048576;12604;0;6550112;19314763;5153;0;0;0;0;0;0;0.218
4194304;196911;0;50522432;143596863;5273;0;0;0;0;0;0;1.152
4194304;268906;0;186109083;513566554;5075;0;0;0;0;0;0;3.036
4194304;26860;0;54567357;154639366;5063;0;0;0;0;0;0;1.235
262144;544;0;1688906;4986249;5069;0;0;0;0;0;0;0.071
262144;20574;0;3406616;9674355;5258;0;0;0;0;0;0;0.201
1048576;11400;0;9209052;26574908;5270;0;0;0;0;0;0;0.222
262144;64575;0;5237082;14668467;5285;0;0;0;0;0;0;0.117
1048576;147795;0;78036325;214388208;5141;0;0;0;0;0;0;1.180
4194304;821100;0;471497626;1292569405;5105;0;0;0;0;0;0;7.005
4194304;62062;0;55863603;158101212;5063;0;0;0;0;0;0;1.194
1048576;4150;0;7382490;21579527;5063;0;0;0;0;0;0;0.190
1048576;210630;0;8932637;25820412;5336;0;0;0;0;0;0;0.248
262144;18886;0;4614554;12969650;5225;0;0;0;0;0;0;0.214
1048576;21330;0;10575277;30290412;5099;0;0;0;0;0;0;0.244
4194304;7250;0;22992230;68424715;5063;0;0;0;0;0;0;0.797
262144;3608;0;2103510;6107789;5066;0;0;0;0;0;0;0.079
1048576;21200;0;12643438;35945059;5087;0;0;0;0;0;0;0.285
1048576;9275;0;10052855;28877855;5285;0;0;0;0;0;0;0.231
262144;54;0;1503772;4479475;5063;0;0;0;0;0;0;0.065
1048576;6392;0;8356189;24242388;5207;0;0;0;0;0;0;0.351
1048576;120903;0;11844968;33759769;5189;0;0;0;0;0;0;0.289
4194304;28616;0;29416484;85931839;5084;0;0;0;0;0;0;0.852
1048576;4165;0;9849505;28321314;5066;0;0;0;0;0;0;0.230
1048576;6183;0;5367065;16086482;5177;0;0;0;0;0;0;0.214
4194304;1472;0;21407889;64114487;5063;0;0;0;0;0;0;0.899
4194304;12034;0;25373307;74907278;5063;0;0;0;0;0;0;0.775
1048576;2117;0;8088312;23515498;5063;0;0;0;0;0;0;0.219
4194304;75888;0;46796292;133344426;5096;0;0;0;0;0;0;1.111
4194304;103944;0;102832575;286406436;5159;0;0;0;0;0;0;2.249
1048576;29250;0;19938105;55859225;5111;0;0;0;0;0;0;0.373
4194304;824;0;21391997;64077073;5231;0;0;0;0;0;0;0.785
4194304;479171;0;159660212;440916456;5090;0;0;0;0;0;0;3.270
4194304;53976;0;38881685;111729255;5063;0;0;0;0;0;0;1.039
1048576;336670;0;13480750;38232192;5297;0;0;0;0;0;0;0.283
1048576;35264;0;18181520;51034739;5066;0;0;0;0;0;0;0.347
4194304;22017;0;37190092;107193068;5111;0;0;0;0;0;0;0.937
1048576;10404;0;8612067;24943427;5102;0;0;0;0;0;0;0.222
1048576;256479;0;12768822;36292600;5297;0;0;0;0;0;0;0.298
4194304;301410;0;102151288;284539408;5264;0;0;0;0;0;0;1.849
1048576;567;0;5744147;17112941;5063;0;0;0;0;0;0;0.188
262144;64410;0;2956552;8446444;5267;0;0;0;0;0;0;0.085
1048576;17874;0;9875946;28372515;5099;0;0;0;0;0;0;0.254
4194304;505125;0;295423481;812029260;5069;0;0;0;0;0;0;4.681
262144;24353;0;4174075;11767061;5282;0;0;0;0;0;0;0.105
1048576;4536;0;10248296;29410469;5078;0;0;0;0;0;0;0.259
262144;105;0;1522962;4530592;5063;0;0;0;0;0;0;0.066
4194304;131805;0;45355876;129245294;5066;0;0;0;0;0;0;1.103
4194304;18073;0;42555743;121848723;5063;0;0;0;0;0;0;1.022
1048576;45584;0;37504196;103778773;5096;0;0;0;0;0;0;0.692
1048576;327186;0;34466481;95512943;5189;0;0;0;0;0;0;0.590
1048576;118250;0;22263889;62202468;5162;0;0;0;0;0;0;0.405
1048576;47891;0;15843733;44680211;5099;0;0;0;0;0;0;0.313
1048576;254896;0;25941422;72250949;5351;0;0;0;0;0;0;0.461
4194304;4186;0;22635379;67466134;5105;0;0;0;0;0;0;0.749
4194304;88061;0;42286219;121054616;5141;0;0;0;0;0;0;1.042
1048576;129500;0;18559856;52099509;5279;0;0;0;0;0;0;0.346
262144;7807;0;2675415;7676713;5201;0;0;0;0;0;0;0.086
1048576;22632;0;7775582;22659229;5219;0;0;0;0;0;0;0.232
4194304;240;0;21415193;64136350;5063;0;0;0;0;0;0;0.744
1048576;19398;0;8800067;25455275;5204;0;0;0;0;0;0;0.258
4194304;264;0;21225589;63619578;5063;0;0;0;0;0;0;0.743
1048576;14824;0;10217039;29325304;5234;0;0;0;0;0;0;0.235
262144;4176;0;3224533;9175457;5153;0;0;0;0;0;0;0.158
4194304;1035408;0;121288713;336761467;5255;0;0;0;0;0;0;2.140
262144;24541;0;2671379;7670594;5429;0;0;0;0;0;0;0.081
262144;9990;0;3359463;9544130;5201;0;0;0;0;0;0;0.092
1048576;7952;0;7541601;22020918;5099;0;0;0;0;0;0;0.196
4194304;13612;0;24073219;71367208;5063;0;0;0;0;0;0;0.772
4194304;16171;0;42261848;121047058;5063;0;0;0;0;0;0;1.066
4194304;3795;0;23602105;70104127;5177;0;0;0;0;0;0;0.795
1048576;208;0;5544513;16570995;5063;0;0;0;0;0;0;0.171
1048576;7085;0;10011367;28764222;5195;0;0;0;0;0;0;0.248
262144;31850;0;3717048;10522190;5348;0;0;0;0;0;0;0.103
1048576;14364;0;7844466;22846882;5090;0;0;0;0;0;0;0.203
1048576;131670;0;7656533;22336848;5345;0;0;0;0;0;0;0.237
4194304;516925;0;95090979;265224402;5216;0;0;0;0;0;0;1.792
1048576;129450;0;22262362;62197668;5159;0;0;0;0;0;0;1.214
1048576;104016;0;10868940;31104091;5237;0;0;0;0;0;0;0.246
1048576;64848;0;7840886;22838744;5237;0;0;0;0;0;0;0.215
1048576;9840;0;8166081;23699412;5063;0;0;0;0;0;0;0.206
1048576;4242;0;5845427;17394494;5363;0;0;0;0;0;0;0.208
4194304;691712;0;383744785;1053094102;5138;0;0;0;0;0;0;5.938
1048576;3749;0;6548080;19310212;5207;0;0;0;0;0;0;0.188
4194304;29760;0;38023693;109447940;5066;0;0;0;0;0;0;1.037
4194304;236816;0;73632021;206680645;5231;0;0;0;0;0;0;1.515
4194304;192778;0;231383899;637348658;5066;0;0;0;0;0;0;3.854
1048576;184080;0;33131017;91843939;5186;0;0;0;0;0;0;0.566
1048576;2964;0;8664587;25085728;5063;0;0;0;0;0;0;0.213
4194304;1900320;0;330051400;906658247;5249;0;0;0;0;0;0;5.194
4194304;19637;0;26562104;78174660;5105;0;0;0;0;0;0;0.845
4194304;2530;0;22842292;68034181;5207;0;0;0;0;0;0;0.793
262144;660;0;1705035;5029344;5177;0;0;0;0;0;0;0.069
4194304;40508;0;74106232;207982714;5063;0;0;0;0;0;0;1.495
4194304;13373;0;26220327;77248559;5129;0;0;0;0;0;0;0.794
4194304;123424;0;89483225;249889575;5120;0;0;0;0;0;0;1.752
1048576;96585;0;14394960;40720069;5189;0;0;0;0;0;0;0.308
4194304;360668;0;274378105;754685849;5063;0;0;0;0;0;0;4.384
4194304;837876;0;167602225;463111704;5141;0;0;0;0;0;0;2.963
1048576;66008;0;8440167;24473953;5264;0;0;0;0;0;0;0.244
4194304;8282;0;30745060;89605605;5063;0;0;0;0;0;0;0.918
262144;6006;0;6664752;18563000;5066;0;0;0;0;0;0;0.159
1048576;14924;0;11402175;32558504;5159;0;0;0;0;0;0;0.275
1048576;190356;0;61252957;168638317;5207;0;0;0;0;0;0;0.969
4194304;472218;0;295994107;813484121;5147;0;0;0;0;0;0;4.679
262144;2430;0;2160188;6271671;5207;0;0;0;0;0;0;0.080
1048576;17040;0;25121641;70003623;5063;0;0;0;0;0;0;0.462
1048576;8475;0;7333489;21453753;5234;0;0;0;0;0;0;0.208
4194304;5495;0;24511711;72567588;5063;0;0;0;0;0;0;0.810
1048576;128000;0;5448351;16281325;5123;0;0;0;0;0;0;0.182
262144;6438;0;2971748;8484740;5150;0;0;0;0;0;0;0.085
1048576;118440;0;19465471;54563522;5168;0;0;0;0;0;0;0.374
4194304;147917;0;40853829;117155281;5159;0;0;0;0;0;0;1.012
1048576;36162;0;19883573;55702018;5186;0;0;0;0;0;0;0.371
1048576;82800;0;16908170;47587526;5273;0;0;0;0;0;0;0.336
1048576;196209;0;8095752;23537484;5360;0;0;0;0;0;0;0.220
1048576;21505;0;9014791;26029139;5123;0;0;0;0;0;0;0.237
4194304;692930;0;654683719;1792845811;5075;0;0;0;0;0;0;9.872
4194304;1151150;0;528458994;1448200819;5186;0;0;0;0;0;0;7.973
1048576;17680;0;8745467;25307402;5219;0;0;0;0;0;0;0.248
1048576;12960;0;17427727;49001738;5063;0;0;0;0;0;0;0.356
4194304;285975;0;87762829;245165400;5126;0;0;0;0;0;0;1.687
262144;1056;0;2830313;8100321;5063;0;0;0;0;0;0;0.084
4194304;370260;0;65647955;184847778;5198;0;0;0;0;0;0;1.362
4194304;406977;0;77130438;216230714;5279;0;0;0;0;0;0;1.601
4194304;312897;0;136669310;378737090;5222;0;0;0;0;0;0;2.400
1048576;196520;0;14523168;41080237;5264;0;0;0;0;0;0;0.308
262144;1936;0;1935562;5659170;5213;0;0;0;0;0;0;0.075
1048576;229768;0;19912670;55795207;5351;0;0;0;0;0;0;0.370
262144;12139;0;3896291;11009232;5174;0;0;0;0;0;0;0.113
4194304;504664;0;311927430;856751202;5072;0;0;0;0;0;0;4.787
1048576;22624;0;13919989;39395572;5063;0;0;0;0;0;0;0.315
1048576;36234;0;11921593;33900795;5063;0;0;0;0;0;0;0.260
1048576;21008;0;6093148;18072209;5450;0;0;0;0;0;0;0.202
262144;250;0;1580721;4687966;5066;0;0;0;0;0;0;0.068
4194304;1035362;0;538189875;1473830969;5072;0;0;0;0;0;0;7.892
262144;24360;0;2002243;5841202;5249;0;0;0;0;0;0;0.070
1048576;176;0;5427758;16252097;5189;0;0;0;0;0;0;0.171
262144;12627;0;5655961;15813952;5174;0;0;0;0;0;0;0.124
4194304;184080;0;50125608;142487009;5189;0;0;0;0;0;0;1.192
1048576;28600;0;10527391;30110549;5063;0;0;0;0;0;0;0.237
262144;12446;0;4264355;12014958;5210;0;0;0;0;0;0;0.102
4194304;14049;0;24046830;71293416;5063;0;0;0;0;0;0;0.760
1048576;73116;0;9725100;27981808;5153;0;0;0;0;0;0;0.973
262144;11400;0;3788739;10715763;5207;0;0;0;0;0;0;0.098
1048576;142741;0;31032665;86150555;5316;0;0;0;0;0;0;0.805
4194304;756;0;21504080;64379508;5063;0;0;0;0;0;0;0.774
4194304;231040;0;202735208;559014235;5087;0;0;0;0;0;0;3.715
4194304;3960;0;26149587;77062475;5063;0;0;0;0;0;0;0.766
262144;17941;0;4633860;13018436;5123;0;0;0;0;0;0;0.112
262144;3850;0;2079959;6050581;5090;0;0;0;0;0;0;0.102
4194304;9012;0;23518580;69880304;5237;0;0;0;0;0;0;0.783
4194304;78422;0;52468153;148791035;5063;0;0;0;0;0;0;1.161
1048576;144;0;5463623;16348334;5078;0;0;0;0;0;0;0.186
1048576;35334;0;8018163;23318440;5147;0;0;0;0;0;0;0.230
1048576;27889;0;20038896;56123822;5102;0;0;0;0;0;0;0.386
1048576;50666;0;17071013;48029173;5240;0;0;0;0;0;0;0.326
4194304;45448;0;28762546;84197075;5291;0;0;0;0;0;0;0.829
1048576;128366;0;18300070;51388360;5117;0;0;0;0;0;0;0.341
262144;89880;0;10548662;29169532;5306;0;0;0;0;0;0;0.194
1048576;13230;0;15269816;43119368;5243;0;0;0;0;0;0;0.310
4194304;697872;0;90072957;251531444;5204;0;0;0;0;0;0;1.753
262144;39440;0;3277766;9323980;5303;0;0;0;0;0;0;0.089
1048576;5700;0;7888111;22965205;5153;0;0;0;0;0;0;0.203
4194304;20600;0;25373592;74930078;5123;0;0;0;0;0;0;0.856
1048576;6325;0;7098620;20811834;5165;0;0;0;0;0;0;0.220
4194304;237336;0;60923080;171900803;5147;0;0;0;0;0;0;1.361
1048576;203616;0;12855473;36527465;5324;0;0;0;0;0;0;0.265
1048576;6466;0;12050772;34328322;5087;0;0;0;0;0;0;0.260
1048576;5810;0;6251799;18501605;5216;0;0;0;0;0;0;0.188
4194304;374340;0;268431286;738448262;5222;0;0;0;0;0;0;4.158
1048576;22776;0;11309027;32299072;5108;0;0;0;0;0;0;0.249
4194304;21010;0;42288109;121119485;5093;0;0;0;0;0;0;1.079
4194304;104;0;21169510;63467023;5063;0;0;0;0;0;0;0.739
1048576;50034;0;13670069;38749314;5141;0;0;0;0;0;0;0.277
1048576;137280;0;9744179;28032072;5334;0;0;0;0;0;0;0.530
1048576;3260;0;6364176;18806050;5231;0;0;0;0;0;0;0.204
1048576;5588;0;6877244;20194577;5066;0;0;0;0;0;0;0.211
1048576;253098;0;59444117;163682741;5189;0;0;0;0;0;0;2.041
4194304;2626;0;22472123;67022153;5108;0;0;0;0;0;0;0.778
262144;74;0;1507764;4489126;5069;0;0;0;0;0;0;0.066
4194304;218872;0;92869932;259110279;5108;0;0;0;0;0;0;1.762
1048576;90885;0;14313547;40506763;5276;0;0;0;0;0;0;0.300
1048576;26790;0;9235436;26639313;5123;0;0;0;0;0;0;0.366
4194304;3060;0;23212681;69041251;5063;0;0;0;0;0;0;0.830
262144;2562;0;2812616;8052604;5222;0;0;0;0;0;0;0.087
1048576;88494;0;8627215;24988649;5420;0;0;0;0;0;0;0.225
4194304;17050;0;27530677;80804764;5063;0;0;0;0;0;0;0.921
1048576;107250;0;9302002;26824182;5189;0;0;0;0;0;0;0.225
4194304;507210;0;140786900;389966337;5201;0;0;0;0;0;0;2.433
4194304;110166;0;72033961;202173100;5069;0;0;0;0;0;0;1.430
262144;8058;0;2128781;6186517;5234;0;0;0;0;0;0;0.076
262144;49875;0;2231536;6470238;5396;0;0;0;0;0;0;0.077
4194304;27512;0;38230471;110009831;5063;0;0;0;0;0;0;0.982
1048576;71638;0;7319016;21417727;5447;0;0;0;0;0;0;0.193
4194304;785603;0;126238282;350255594;5153;0;0;0;0;0;0;2.196
262144;6960;0;3050528;8701865;5246;0;0;0;0;0;0;0.089
1048576;388341;0;9304114;26829901;5330;0;0;0;0;0;0;0.247
4194304;232343;0;90463173;252559931;5093;0;0;0;0;0;0;1.710
262144;30744;0;5080614;14242528;5235;0;0;0;0;0;0;0.342
4194304;80740;0;67385950;189542884;5111;0;0;0;0;0;0;1.684
4194304;2138972;0;85049528;237818420;5327;0;0;0;0;0;0;1.705
262144;7708;0;2727484;7818357;5162;0;0;0;0;0;0;0.085
262144;9964;0;3477620;9868924;5237;0;0;0;0;0;0;0.100
1048576;140;0;5410941;16205321;5063;0;0;0;0;0;0;0.247
262144;32592;0;1436005;4293550;5168;0;0;0;0;0;0;0.066
262144;23936;0;3478402;9872241;5225;0;0;0;0;0;0;0.102
1048576;105728;0;11155508;31889079;5405;0;0;0;0;0;0;0.274
4194304;314;0;21515761;64410301;5063;0;0;0;0;0;0;0.746
262144;2244;0;1643814;4862890;5252;0;0;0;0;0;0;0.068
1048576;489915;0;87458732;240037295;5123;0;0;0;0;0;0;1.310
1048576;17536;0;7528427;21985195;5198;0;0;0;0;0;0;0.193
4194304;200655;0;56075934;158752347;5156;0;0;0;0;0;0;1.273
1048576;57812;0;19584518;54897861;5231;0;0;0;0;0;0;0.358
1048576;9947;0;15799876;44563205;5171;0;0;0;0;0;0;0.314
1048576;2795;0;9263220;26722015;5063;0;0;0;0;0;0;0.223
1048576;77082;0;13872686;39307375;5396;0;0;0;0;0;0;0.279
4194304;567036;0;146247435;404844167;5174;0;0;0;0;0;0;2.488
1048576;28215;0;29475710;81890648;5063;0;0;0;0;0;0;0.504
4194304;21710;0;27295941;80191276;5141;0;0;0;0;0;0;0.810
262144;22165;0;2377562;6865711;5309;0;0;0;0;0;0;0.080
1048576;724;0;5891893;17513785;5063;0;0;0;0;0;0;0.202
1048576;84270;0;20910638;58518394;5327;0;0;0;0;0;0;0.397
1048576;14760;0;20092854;56279285;5069;0;0;0;0;0;0;0.369
1048576;28690;0;12216253;34784570;5297;0;0;0;0;0;0;0.262
1048576;191552;0;14079164;39868403;5282;0;0;0;0;0;0;0.302
262144;11640;0;2421905;6987067;5234;0;0;0;0;0;0;0.076
1048576;16236;0;5510047;16479467;5396;0;0;0;0;0;0;0.166
4194304;10769;0;25311185;74755652;5063;0;0;0;0;0;0;0.801
1048576;59764;0;44707307;123414991;5063;0;0;0;0;0;0;0.707
262144;3306;0;2245665;6503321;5081;0;0;0;0;0;0;0.075
262144;4140;0;2890657;8262352;5093;0;0;0;0;0;0;0.083
4194304;2240;0;22493215;67078729;5177;0;0;0;0;0;0;0.933
1048576;51156;0;45083233;124484689;5063;0;0;0;0;0;0;0.768
262144;510;0;1538154;4571934;5063;0;0;0;0;0;0;0.133
262144;360;0;1564796;4647188;5231;0;0;0;0;0;0;0.069
4194304;104580;0;64097592;180657514;5351;0;0;0;0;0;0;5.194
4194304;109395;0;136083835;377131104;5063;0;0;0;0;0;0;2.525
262144;16566;0;1950080;5700345;5354;0;0;0;0;0;0;0.075
4194304;1135564;0;135703500;376137258;5132;0;0;0;0;0;0;2.344
262144;432;0;1550504;4604727;5063;0;0;0;0;0;0;0.068
1048576;200860;0;57833105;159316546;5375;0;0;0;0;0;0;0.890
1048576;3776;0;6932148;20350872;5072;0;0;0;0;0;0;0.194
1048576;39984;0;20865544;58373255;5123;0;0;0;0;0;0;0.387
262144;70980;0;5704920;15951205;5399;0;0;0;0;0;0;0.123
1048576;69948;0;47852823;132064761;5111;0;0;0;0;0;0;0.763
1048576;26712;0;8768586;25369985;5204;0;0;0;0;0;0;0.212
262144;93726;0;3117357;8886999;5321;0;0;0;0;0;0;0.095
4194304;34808;0;32283257;93786072;5090;0;0;0;0;0;0;0.916
1048576;6848;0;11451707;32689278;5063;0;0;0;0;0;0;0.263
1048576;8715;0;8213779;23857168;5192;0;0;0;0;0;0;0.218
1048576;156780;0;61426690;169079780;5144;0;0;0;0;0;0;0.964
4194304;1491790;0;859684945;2351763338;5090;0;0;0;0;0;0;12.336
1048576;253002;0;9566263;27552628;5423;0;0;0;0;0;0;0.226
262144;236;0;1460098;4363074;5315;0;0;0;0;0;0;0.066
4194304;36387;0;34261162;99191906;5159;0;0;0;0;0;0;0.969
262144;7150;0;3681185;10420487;5162;0;0;0;0;0;0;0.098
4194304;33125;0;29402070;85921541;5120;0;0;0;0;0;0;0.841
1048576;2420;0;7802199;22733017;5063;0;0;0;0;0;0;0.255
4194304;22525;0;26200869;77158569;5063;0;0;0;0;0;0;1.036
4194304;25800;0;26152773;77014414;5063;0;0;0;0;0;0;0.837
4194304;36569;0;31787449;92418804;5108;0;0;0;0;0;0;0.935
262144;16259;0;3040023;8674046;5222;0;0;0;0;0;0;0.090
1048576;44850;0;15044895;42419111;5063;0;0;0;0;0;0;0.305
1048576;6990;0;8285526;24049586;5126;0;0;0;0;0;0;0.212
262144;44128;0;3762357;10645169;5297;0;0;0;0;0;0;0.096
1048576;45511;0;39970399;110531784;5216;0;0;0;0;0;0;0.645
1048576;12740;0;9940900;28563836;5105;0;0;0;0;0;0;1.359
1048576;1830;0;6310141;18659299;5126;0;0;0;0;0;0;0.182
1048576;183708;0;12555699;35713015;5435;0;0;0;0;0;0;0.266
262144;819;0;1567246;4652128;5132;0;0;0;0;0;0;0.068
262144;12069;0;2054038;5983717;5243;0;0;0;0;0;0;0.074
262144;1375;0;1846774;5414432;5066;0;0;0;0;0;0;0.129
4194304;180480;0;235507462;648597468;5066;0;0;0;0;0;0;3.779
1048576;10224;0;7559593;22072294;5285;0;0;0;0;0;0;0.193
1048576;78848;0;15975852;45033182;5201;0;0;0;0;0;0;0.310
262144;340;0;1610291;4770878;5120;0;0;0;0;0;0;0.092
1048576;147259;0;19445464;54511819;5177;0;0;0;0;0;0;0.359
262144;13778;0;2645067;7596768;5174;0;0;0;0;0;0;0.083
262144;1568;0;2550288;7335563;5138;0;0;0;0;0;0;0.081
262144;10989;0;2505623;7211450;5246;0;0;0;0;0;0;0.082
1048576;31800;0;8879072;25668684;5144;0;0;0;0;0;0;0.229
4194304;819936;0;109107830;303503000;5207;0;0;0;0;0;0;2.000
4194304;13617;0;25459974;75169016;5063;0;0;0;0;0;0;0.808
262144;2900;0;1545296;4593503;5201;0;0;0;0;0;0;0.070
1048576;5966;0;9084182;26226364;5066;0;0;0;0;0;0;0.280
4194304;26288;0;29129451;85150961;5063;0;0;0;0;0;0;0.867
1048576;1116;0;5897565;17532976;5177;0;0;0;0;0;0;0.216
262144;78698;0;3773966;10679756;5381;0;0;0;0;0;0;0.136
1048576;424130;0;9554762;27517054;5306;0;0;0;0;0;0;0.238
4194304;12934;0;26776053;78771087;5225;0;0;0;0;0;0;0.841
4194304;141252;0;67691553;190469636;5102;0;0;0;0;0;0;1.398
1048576;383680;0;11011843;31495968;5384;0;0;0;0;0;0;0.275
4194304;16772;0;43666381;124883991;5063;0;0;0;0;0;0;1.018
4194304;177203;0;67781055;190405177;5063;0;0;0;0;0;0;1.411
1048576;1026;0;5894667;17524233;5093;0;0;0;0;0;0;0.185
262144;4030;0;3093425;8817950;5177;0;0;0;0;0;0;0.088
4194304;5208;0;24906857;73663673;5087;0;0;0;0;0;0;0.809
262144;3843;0;1983247;5786473;5147;0;0;0;0;0;0;0.073
262144;83496;0;1639864;4855786;5462;0;0;0;0;0;0;0.068
4194304;387090;0;80127210;224400779;5192;0;0;0;0;0;0;1.560
1048576;25764;0;20710242;57955456;5081;0;0;0;0;0;0;0.393
1048576;2656;0;5757766;17154259;5285;0;0;0;0;0;0;0.182
