4194304;27450;0;107733276;294616464;0;0;0;0;0;0;0;2.200
262144;2464;0;5056438;13969643;0;0;0;0;0;0;0;0.132
262144;6588;0;13310049;35928797;0;0;0;0;0;0;0;0.226
4194304;1690752;0;3816038861;9922779312;0;0;0;0;0;0;0;47.125
1048576;185850;0;422074826;1107990533;0;0;0;0;0;0;0;5.338
4194304;253890;0;815130946;2153435661;0;0;0;0;0;0;0;10.324
1048576;105040;0;372335785;981080060;0;0;0;0;0;0;0;4.571
262144;8960;0;14327909;38762650;0;0;0;0;0;0;0;0.239
4194304;347267;0;692771601;1815874557;0;0;0;0;0;0;0;9.245
1048576;122484;0;528908033;1408240132;0;0;0;0;0;0;0;6.491
4194304;870464;0;4660778312;11986343742;0;0;0;0;0;0;0;55.110
262144;222;0;1977978;5738323;0;0;0;0;0;0;0;0.072
262144;1476;0;3992365;11089375;0;0;0;0;0;0;0;0.115
4194304;317896;0;1331555729;3538835338;0;0;0;0;0;0;0;16.366
1048576;180486;0;526084141;1364956440;0;0;0;0;0;0;0;6.624
262144;11880;0;20610042;55362996;0;0;0;0;0;0;0;0.319
4194304;1665320;0;12356232030;32307507064;0;0;0;0;0;0;0;141.856
262144;55062;0;83576336;222557254;0;0;0;0;0;0;0;1.203
1048576;30162;0;53448273;143828802;0;0;0;0;0;0;0;0.805
262144;1251;0;3313867;9306252;0;0;0;0;0;0;0;0.092
262144;21945;0;37589158;100035434;0;0;0;0;0;0;0;0.555
1048576;35964;0;66118472;178825552;0;0;0;0;0;0;0;0.969
1048576;3348;0;11412476;32252540;0;0;0;0;0;0;0;0.370
4194304;244;0;21660714;64778473;0;0;0;0;0;0;0;0.710
1048576;269280;0;941194892;2449080959;0;0;0;0;0;0;0;11.261
1048576;50838;0;128062405;338994633;0;0;0;0;0;0;0;1.697
4194304;514800;0;913493055;2424976345;0;0;0;0;0;0;0;12.402
1048576;57610;0;99490390;266056220;0;0;0;0;0;0;0;1.410
262144;20709;0;29406461;79202905;0;0;0;0;0;0;0;0.446
4194304;84321;0;701768644;1880181345;0;0;0;0;0;0;0;8.849
1048576;710;0;7213294;21024211;0;0;0;0;0;0;0;0.193
262144;4170;0;8671337;23531892;0;0;0;0;0;0;0;0.164
4194304;173484;0;715717594;1909020966;0;0;0;0;0;0;0;8.996
4194304;2906241;0;22239953358;58190013620;0;0;0;0;0;0;0;239.333
262144;40548;0;59459038;158994224;0;0;0;0;0;0;0;0.859
4194304;500736;0;1215525762;3190333004;0;0;0;0;0;0;0;15.225
262144;9906;0;14744105;40009668;0;0;0;0;0;0;0;0.247
1048576;138915;0;445230908;1172673581;0;0;0;0;0;0;0;5.329
4194304;94953;0;264485767;706495306;0;0;0;0;0;0;0;3.833
1048576;12510;0;22339269;61492675;0;0;0;0;0;0;0;0.416
4194304;1219;0;23622042;70033057;0;0;0;0;0;0;0;0.802
4194304;89622;0;383486769;1018745692;0;0;0;0;0;0;0;5.107
1048576;204786;0;387459773;1020596371;0;0;0;0;0;0;0;5.052
4194304;86415;0;294444007;792670211;0;0;0;0;0;0;0;4.091
4194304;138749;0;378959777;1008188985;0;0;0;0;0;0;0;5.333
4194304;261975;0;1241897171;3224229293;0;0;0;0;0;0;0;15.377
4194304;166380;0;379914659;1019876183;0;0;0;0;0;0;0;5.335
1048576;208384;0;568238505;1483640939;0;0;0;0;0;0;0;7.047
4194304;18872;0;54036279;150991229;0;0;0;0;0;0;0;1.180
4194304;574610;0;2078111385;5437834377;0;0;0;0;0;0;0;25.973
4194304;660;0;22428874;66834237;0;0;0;0;0;0;0;0.759
4194304;617319;0;3118636723;8186917674;0;0;0;0;0;0;0;37.496
4194304;118482;0;294825683;783066885;0;0;0;0;0;0;0;4.186
1048576;264887;0;362245955;970555637;0;0;0;0;0;0;0;5.061
4194304;1520565;0;3704700335;9585125068;0;0;0;0;0;0;0;46.545
262144;221;0;1758071;5154648;0;0;0;0;0;0;0;0.067
262144;2057;0;5473187;15028491;0;0;0;0;0;0;0;0.119
262144;6240;0;10929319;29626824;0;0;0;0;0;0;0;0.193
4194304;263302;0;540200459;1432488274;0;0;0;0;0;0;0;7.449
1048576;33196;0;66566370;177858278;0;0;0;0;0;0;0;0.961
4194304;213968;0;305774547;825274956;0;0;0;0;0;0;0;5.465
1048576;50578;0;90757886;241487165;0;0;0;0;0;0;0;1.309
4194304;324683;0;2467601397;6549320670;0;0;0;0;0;0;0;32.001
4194304;246906;0;1036121621;2697352706;0;0;0;0;0;0;0;12.472
262144;124600;0;171059356;458311016;0;0;0;0;0;0;0;2.368
1048576;144738;0;277652375;731254130;0;0;0;0;0;0;0;3.612
262144;445;0;2459974;7036589;0;0;0;0;0;0;0;0.080
1048576;6137;0;18991538;52509961;0;0;0;0;0;0;0;0.364
1048576;260;0;5798838;17237720;0;0;0;0;0;0;0;0.215
1048576;132375;0;483486947;1277179432;0;0;0;0;0;0;0;6.817
1048576;96104;0;160754384;428886071;0;0;0;0;0;0;0;2.209
4194304;1193781;0;3131199221;8104066171;0;0;0;0;0;0;0;38.241
4194304;599864;0;3056089549;7857976261;0;0;0;0;0;0;0;34.309
1048576;3328;0;10099450;28743798;0;0;0;0;0;0;0;0.243
1048576;10295;0;31839012;86082608;0;0;0;0;0;0;0;0.513
1048576;131036;0;234506207;619640721;0;0;0;0;0;0;0;3.110
1048576;276916;0;424111304;1125870739;0;0;0;0;0;0;0;5.722
1048576;153080;0;448776254;1170615887;0;0;0;0;0;0;0;5.479
1048576;7527;0;18380996;50770037;0;0;0;0;0;0;0;0.364
1048576;23760;0;69963594;188563543;0;0;0;0;0;0;0;0.983
1048576;5916;0;20111600;55497413;0;0;0;0;0;0;0;0.362
1048576;122476;0;267333416;700686588;0;0;0;0;0;0;0;3.430
262144;132060;0;208164007;549277080;0;0;0;0;0;0;0;2.773
262144;39444;0;55239912;148188471;0;0;0;0;0;0;0;0.797
1048576;25707;0;44478989;120287926;0;0;0;0;0;0;0;0.701
1048576;891;0;6949575;20318585;0;0;0;0;0;0;0;0.196
1048576;51624;0;74677791;201819440;0;0;0;0;0;0;0;1.125
4194304;274120;0;1620218073;4330905223;0;0;0;0;0;0;0;18.912
1048576;24;0;5404248;16184667;0;0;0;0;0;0;0;0.166
4194304;282513;0;1868986736;4995885041;0;0;0;0;0;0;0;21.485
4194304;127200;0;328374055;886666685;0;0;0;0;0;0;0;4.588
4194304;153884;0;385109376;1021163298;0;0;0;0;0;0;0;5.197
262144;560;0;2600395;7408485;0;0;0;0;0;0;0;0.080
1048576;167536;0;364631712;943882024;0;0;0;0;0;0;0;4.616
1048576;321;0;5962182;17680252;0;0;0;0;0;0;0;0.180
1048576;32096;0;82246004;220394960;0;0;0;0;0;0;0;1.132
4194304;420644;0;714391517;1890636389;0;0;0;0;0;0;0;9.745
262144;12;0;1441109;4307871;0;0;0;0;0;0;0;0.090
262144;110;0;1654426;4876851;0;0;0;0;0;0;0;0.069
4194304;63383;0;222903333;600704983;0;0;0;0;0;0;0;7.152
1048576;76342;0;346747568;928236999;0;0;0;0;0;0;0;4.213
1048576;1932;0;9595360;27404385;0;0;0;0;0;0;0;0.228
262144;2622;0;5767997;15849180;0;0;0;0;0;0;0;0.135
4194304;28356;0;96795286;264891939;0;0;0;0;0;0;0;1.714
4194304;385560;0;1282758117;3370220272;0;0;0;0;0;0;0;17.538
4194304;125000;0;505597094;1343771263;0;0;0;0;0;0;0;6.704
1048576;3256;0;11936534;33624759;0;0;0;0;0;0;0;0.254
4194304;43890;0;136426528;368590858;0;0;0;0;0;0;0;2.163
262144;62208;0;88086156;235786343;0;0;0;0;0;0;0;1.252
4194304;282448;0;1392241154;3644354727;0;0;0;0;0;0;0;16.216
1048576;48000;0;99541568;267246782;0;0;0;0;0;0;0;1.386
1048576;36166;0;67612402;181087058;0;0;0;0;0;0;0;1.005
4194304;682176;0;1856683562;4782226021;0;0;0;0;0;0;0;22.693
1048576;9585;0;34461600;93812753;0;0;0;0;0;0;0;0.538
4194304;1098720;0;5457393626;14305579914;0;0;0;0;0;0;0;63.405
1048576;76586;0;209873996;557199865;0;0;0;0;0;0;0;2.664
262144;72036;0;114998909;304824047;0;0;0;0;0;0;0;1.571
262144;44974;0;62877466;168599490;0;0;0;0;0;0;0;0.904
1048576;5880;0;14263223;39820010;0;0;0;0;0;0;0;0.300
1048576;8840;0;21246737;58413187;0;0;0;0;0;0;0;0.373
4194304;232848;0;578236567;1522488758;0;0;0;0;0;0;0;7.624
262144;79380;0;112856503;301533159;0;0;0;0;0;0;0;1.588
1048576;115656;0;230036224;606799773;0;0;0;0;0;0;0;3.027
1048576;192444;0;334533492;881055443;0;0;0;0;0;0;0;4.894
4194304;416880;0;1369037303;3537883681;0;0;0;0;0;0;0;16.998
4194304;1166;0;23562742;69875143;0;0;0;0;0;0;0;0.753
4194304;5520;0;34405667;98860753;0;0;0;0;0;0;0;0.885
4194304;281504;0;1533894378;4089023445;0;0;0;0;0;0;0;18.322
4194304;21060;0;87323878;240296763;0;0;0;0;0;0;0;1.575
4194304;588212;0;1727425534;4512723737;0;0;0;0;0;0;0;21.437
1048576;2900;0;10399206;29535089;0;0;0;0;0;0;0;0.268
1048576;24983;0;89863361;241679444;0;0;0;0;0;0;0;1.198
4194304;16275;0;65449128;181897309;0;0;0;0;0;0;0;1.301
262144;1561;0;4057787;11321566;0;0;0;0;0;0;0;0.097
4194304;7329;0;36432757;104200976;0;0;0;0;0;0;0;0.992
4194304;78500;0;396204913;1065106547;0;0;0;0;0;0;0;5.122
1048576;195657;0;401315749;1045384493;0;0;0;0;0;0;0;5.149
4194304;65284;0;694794561;1861472212;0;0;0;0;0;0;0;7.880
4194304;39916;0;80876944;222539066;0;0;0;0;0;0;0;1.721
1048576;36432;0;57171359;154358144;0;0;0;0;0;0;0;0.937
4194304;226962;0;548307202;1451752483;0;0;0;0;0;0;0;7.439
1048576;81536;0;138798319;370680342;0;0;0;0;0;0;0;1.970
262144;6240;0;12622412;34165497;0;0;0;0;0;0;0;0.229
1048576;54756;0;100937936;266669124;0;0;0;0;0;0;0;1.433
1048576;52643;0;331963012;877986117;0;0;0;0;0;0;0;3.977
1048576;16560;0;31167131;85009349;0;0;0;0;0;0;0;0.549
262144;538;0;2730884;7757831;0;0;0;0;0;0;0;0.079
4194304;667580;0;1728289443;4512459365;0;0;0;0;0;0;0;21.763
1048576;540;0;6467659;19026035;0;0;0;0;0;0;0;0.186
1048576;1950;0;9637092;27497621;0;0;0;0;0;0;0;0.217
4194304;11928;0;49964296;140240399;0;0;0;0;0;0;0;1.177
4194304;315720;0;1137197182;2967572516;0;0;0;0;0;0;0;14.507
262144;8282;0;14498004;38997203;0;0;0;0;0;0;0;0.242
4194304;97446;0;439775431;1180655111;0;0;0;0;0;0;0;5.696
4194304;39708;0;136391118;370966050;0;0;0;0;0;0;0;2.206
262144;11571;0;17581653;47489940;0;0;0;0;0;0;0;0.290
4194304;2302;0;27621084;80605554;0;0;0;0;0;0;0;0.879
1048576;696;0;6577189;19321783;0;0;0;0;0;0;0;2.311
4194304;23124;0;91917206;252490643;0;0;0;0;0;0;0;1.655
262144;24079;0;38631053;102986058;0;0;0;0;0;0;0;0.664
4194304;159909;0;719099215;1920225830;0;0;0;0;0;0;0;9.200
4194304;777288;0;2137167383;5479985571;0;0;0;0;0;0;0;26.153
4194304;12123;0;57869036;161521790;0;0;0;0;0;0;0;1.264
1048576;56388;0;163789521;437496020;0;0;0;0;0;0;0;2.161
1048576;10994;0;28602268;77997346;0;0;0;0;0;0;0;0.474
1048576;40296;0;71179361;189546513;0;0;0;0;0;0;0;1.055
1048576;325996;0;497838258;1319462500;0;0;0;0;0;0;0;6.855
1048576;256215;0;802304150;2091383467;0;0;0;0;0;0;0;9.783
1048576;81090;0;132404789;353313048;0;0;0;0;0;0;0;1.884
4194304;419510;0;3156520094;8433718175;0;0;0;0;0;0;0;36.380
4194304;18160;0;62594898;174015780;0;0;0;0;0;0;0;1.341
262144;2016;0;4267999;11853900;0;0;0;0;0;0;0;0.103
1048576;168328;0;423680997;1120351529;0;0;0;0;0;0;0;8.379
262144;12528;0;23273998;62430597;0;0;0;0;0;0;0;0.355
4194304;992;0;24736533;73005761;0;0;0;0;0;0;0;0.762
4194304;432;0;22935943;68184443;0;0;0;0;0;0;0;0.750
1048576;10290;0;26134189;71647455;0;0;0;0;0;0;0;0.444
4194304;50808;0;179022220;483732630;0;0;0;0;0;0;0;2.684
1048576;17608;0;28945950;79366218;0;0;0;0;0;0;0;0.500
4194304;1026;0;24195664;71549715;0;0;0;0;0;0;0;0.767
4194304;222075;0;507569855;1342253544;0;0;0;0;0;0;0;7.121
1048576;4142;0;13582884;37981745;0;0;0;0;0;0;0;0.327
4194304;403210;0;1604435325;4240565607;0;0;0;0;0;0;0;19.472
4194304;15379;0;45304206;128056552;0;0;0;0;0;0;0;1.155
4194304;2910;0;32256830;92900957;0;0;0;0;0;0;0;0.892
262144;32231;0;59199875;156698008;0;0;0;0;0;0;0;0.841
4194304;363816;0;2090805461;5414546871;0;0;0;0;0;0;0;23.830
1048576;18837;0;37820274;101617914;0;0;0;0;0;0;0;0.597
4194304;83369;0;486440700;1305539233;0;0;0;0;0;0;0;6.182
4194304;357294;0;758680417;1995788191;0;0;0;0;0;0;0;10.409
1048576;23840;0;62927885;169424569;0;0;0;0;0;0;0;0.890
1048576;162049;0;316443987;827334525;0;0;0;0;0;0;0;4.140
1048576;5610;0;16553840;45996307;0;0;0;0;0;0;0;0.325
4194304;3864;0;29594967;86025271;0;0;0;0;0;0;0;0.891
4194304;5220;0;32704835;94383506;0;0;0;0;0;0;0;0.926
262144;1216;0;3734051;10445916;0;0;0;0;0;0;0;0.099
4194304;42415;0;134588173;365258491;0;0;0;0;0;0;0;2.625
4194304;85525;0;402815568;1082508745;0;0;0;0;0;0;0;7.948
1048576;1421;0;8097850;23385831;0;0;0;0;0;0;0;0.204
1048576;24272;0;74374720;200333934;0;0;0;0;0;0;0;1.025
1048576;4070;0;11089442;31429963;0;0;0;0;0;0;0;0.253
1048576;67509;0;99380230;267378494;0;0;0;0;0;0;0;1.453
1048576;6732;0;17035557;47168620;0;0;0;0;0;0;0;0.323
1048576;23040;0;42068521;113251440;0;0;0;0;0;0;0;0.649
1048576;9685;0;22330760;61478512;0;0;0;0;0;0;0;0.395
1048576;12976;0;24459245;67167143;0;0;0;0;0;0;0;0.422
4194304;897;0;24173093;71494832;0;0;0;0;0;0;0;0.836
1048576;95216;0;189337017;500688250;0;0;0;0;0;0;0;2.520
4194304;89170;0;290718011;787271274;0;0;0;0;0;0;0;4.024
1048576;57822;0;219179554;587397961;0;0;0;0;0;0;0;2.773
4194304;1318985;0;7381014676;19430209004;0;0;0;0;0;0;0;86.204
1048576;335384;0;482015093;1283833721;0;0;0;0;0;0;0;7.162
4194304;166635;0;585223095;1578208123;0;0;0;0;0;0;0;7.590
262144;1653;0;4235712;11774633;0;0;0;0;0;0;0;0.111
1048576;5104;0;14702484;41049215;0;0;0;0;0;0;0;0.315
4194304;252413;0;391661591;1048642304;0;0;0;0;0;0;0;5.705
4194304;63956;0;326953923;878762193;0;0;0;0;0;0;0;6.397
4194304;4344;0;32138832;92822969;0;0;0;0;0;0;0;0.867
4194304;39737;0;174348196;471343314;0;0;0;0;0;0;0;2.590
262144;26108;0;53836232;142007688;0;0;0;0;0;0;0;0.753
1048576;2812;0;11446906;32351961;0;0;0;0;0;0;0;0.238
1048576;9964;0;26662300;72848282;0;0;0;0;0;0;0;0.482
1048576;1024;0;7394185;21507649;0;0;0;0;0;0;0;0.219
1048576;4760;0;13275267;37146640;0;0;0;0;0;0;0;0.300
1048576;256;0;5899419;17507845;0;0;0;0;0;0;0;0.172
4194304;161396;0;298216840;794283419;0;0;0;0;0;0;0;4.378
1048576;24618;0;48700989;131510548;0;0;0;0;0;0;0;0.730
4194304;990;0;24567690;72548519;0;0;0;0;0;0;0;0.811
1048576;5684;0;23063221;63408899;0;0;0;0;0;0;0;0.415
1048576;24726;0;48135844;129124363;0;0;0;0;0;0;0;0.718
1048576;8608;0;19631042;53900635;0;0;0;0;0;0;0;0.383
4194304;17168;0;57670657;160900262;0;0;0;0;0;0;0;1.242
1048576;177540;0;291041425;770234112;0;0;0;0;0;0;0;3.909
1048576;663;0;6599930;19378267;0;0;0;0;0;0;0;0.192
4194304;40755;0;192950088;522299501;0;0;0;0;0;0;0;3.767
4194304;11362;0;76733348;211876733;0;0;0;0;0;0;0;1.449
1048576;10218;0;20945133;57682254;0;0;0;0;0;0;0;1.274
262144;21996;0;40766890;108366858;0;0;0;0;0;0;0;0.571
1048576;8925;0;34410928;93734073;0;0;0;0;0;0;0;0.523
4194304;136178;0;479945352;1255493706;0;0;0;0;0;0;0;6.172
262144;31860;0;48797032;130442428;0;0;0;0;0;0;0;0.796
4194304;75646;0;190583470;509709422;0;0;0;0;0;0;0;2.952
1048576;7942;0;20413814;56332054;0;0;0;0;0;0;0;0.366
1048576;208050;0;861243830;2241344852;0;0;0;0;0;0;0;10.257
262144;19521;0;34807433;92623593;0;0;0;0;0;0;0;0.529
1048576;22878;0;63196084;171045485;0;0;0;0;0;0;0;0.906
4194304;155208;0;440165079;1169157496;0;0;0;0;0;0;0;5.937
1048576;6496;0;21077839;58039548;0;0;0;0;0;0;0;0.364
1048576;34668;0;57120201;153645710;0;0;0;0;0;0;0;0.892
1048576;45630;0;106073649;280472068;0;0;0;0;0;0;0;4.208
1048576;19314;0;38662384;104791283;0;0;0;0;0;0;0;0.610
4194304;496230;0;1260422468;3276283852;0;0;0;0;0;0;0;15.965
1048576;2210;0;10000910;28484047;0;0;0;0;0;0;0;0.226
1048576;551;0;6251377;18449558;0;0;0;0;0;0;0;0.179
1048576;25039;0;96496262;258912231;0;0;0;0;0;0;0;1.274
1048576;3366;0;11421131;32155445;0;0;0;0;0;0;0;0.243
4194304;68640;0;161977228;435001246;0;0;0;0;0;0;0;2.600
262144;25021;0;37798658;101378735;0;0;0;0;0;0;0;0.569
4194304;103140;0;249672638;670748988;0;0;0;0;0;0;0;3.608
1048576;1228;0;8931658;25568462;0;0;0;0;0;0;0;0.215
4194304;721378;0;5799190449;15338269830;0;0;0;0;0;0;0;67.072
4194304;24567;0;64528846;179043118;0;0;0;0;0;0;0;1.331
4194304;20670;0;103352202;283005397;0;0;0;0;0;0;0;1.709
1048576;3168;0;13499787;37804973;0;0;0;0;0;0;0;0.299
4194304;17259;0;52247879;146268490;0;0;0;0;0;0;0;1.137
4194304;5198;0;34274194;98545819;0;0;0;0;0;0;0;0.893
1048576;12576;0;27232845;74476392;0;0;0;0;0;0;0;0.457
4194304;544208;0;2499373795;6623322266;0;0;0;0;0;0;0;30.039
1048576;9954;0;28259312;77390258;0;0;0;0;0;0;0;0.468
262144;1189;0;3642882;10192246;0;0;0;0;0;0;0;0.092
4194304;337016;0;1576896261;4215245614;0;0;0;0;0;0;0;19.368
4194304;26445;0;93710844;257478621;0;0;0;0;0;0;0;1.692
1048576;22145;0;39751475;107791758;0;0;0;0;0;0;0;0.634
4194304;91640;0;244620656;645392905;0;0;0;0;0;0;0;3.552
4194304;542;0;23138216;68727150;0;0;0;0;0;0;0;0.751
4194304;254016;0;763576773;2029467096;0;0;0;0;0;0;0;10.183
4194304;81900;0;326811712;880429031;0;0;0;0;0;0;0;4.455
4194304;17052;0;112803598;308145939;0;0;0;0;0;0;0;1.775
4194304;239196;0;1035692488;2728011721;0;0;0;0;0;0;0;12.850
4194304;2925;0;27486188;80377149;0;0;0;0;0;0;0;0.819
1048576;2800;0;11397741;32232427;0;0;0;0;0;0;0;0.260
1048576;1311;0;7540916;21891065;0;0;0;0;0;0;0;0.465
262144;18615;0;29782412;79561166;0;0;0;0;0;0;0;0.555
1048576;19932;0;43700630;117351573;0;0;0;0;0;0;0;0.693
262144;437;0;2300880;6605585;0;0;0;0;0;0;0;0.092
4194304;44394;0;170281784;461849309;0;0;0;0;0;0;0;2.758
4194304;162927;0;752639918;2016015435;0;0;0;0;0;0;0;9.469
262144;434;0;2311772;6636363;0;0;0;0;0;0;0;0.075
1048576;8466;0;19510390;53611504;0;0;0;0;0;0;0;0.439
1048576;455110;0;827904545;2155584087;0;0;0;0;0;0;0;13.183
1048576;836;0;6963461;20357878;0;0;0;0;0;0;0;0.194
1048576;413488;0;556602851;1492094653;0;0;0;0;0;0;0;7.700
4194304;29962;0;119223608;325598157;0;0;0;0;0;0;0;1.992
1048576;915;0;6874007;20124899;0;0;0;0;0;0;0;0.197
1048576;2968;0;12112844;34135733;0;0;0;0;0;0;0;0.268
262144;7175;0;15548495;41807538;0;0;0;0;0;0;0;0.248
4194304;38232;0;109987404;298958541;0;0;0;0;0;0;0;1.876
262144;10033;0;15500588;41746112;0;0;0;0;0;0;0;0.255
4194304;39250;0;116588581;318165643;0;0;0;0;0;0;0;1.946
4194304;398780;0;2516301472;6724340367;0;0;0;0;0;0;0;30.273
4194304;1116;0;23610406;69990657;0;0;0;0;0;0;0;0.776
4194304;22968;0;118400554;323334546;0;0;0;0;0;0;0;1.942
1048576;305368;0;480675251;1272132911;0;0;0;0;0;0;0;6.457
1048576;5106;0;17070990;47397955;0;0;0;0;0;0;0;0.318
4194304;199994;0;529070028;1469808022;0;0;0;0;0;0;0;7.171
1048576;35258;0;72648089;195295435;0;0;0;0;0;0;0;1.541
1048576;61488;0;152346713;404256179;0;0;0;0;0;0;0;2.006
4194304;61500;0;170101917;462019136;0;0;0;0;0;0;0;2.635
4194304;136884;0;412090634;1091148036;0;0;0;0;0;0;0;5.523
4194304;193058;0;530496525;1417941389;0;0;0;0;0;0;0;7.021
4194304;295880;0;802972206;2134580826;0;0;0;0;0;0;0;10.452
4194304;17071;0;48263894;135654080;0;0;0;0;0;0;0;1.109
4194304;734448;0;5118417300;13541752373;0;0;0;0;0;0;0;58.434
262144;795;0;2771999;7867929;0;0;0;0;0;0;0;0.083
1048576;147420;0;231113560;617794664;0;0;0;0;0;0;0;3.306
1048576;90440;0;192203365;503401349;0;0;0;0;0;0;0;2.617
4194304;2404650;0;10363338479;26288164305;0;0;0;0;0;0;0;120.862
4194304;4092;0;30383656;88118075;0;0;0;0;0;0;0;1.184
1048576;485750;0;815111657;2141280228;0;0;0;0;0;0;0;12.043
262144;80;0;1572147;4657806;0;0;0;0;0;0;0;0.066
1048576;17010;0;34495803;92873633;0;0;0;0;0;0;0;0.581
4194304;233288;0;634003561;1708592937;0;0;0;0;0;0;0;8.377
1048576;94334;0;143187467;382008386;0;0;0;0;0;0;0;2.061
1048576;12773;0;32070718;87230177;0;0;0;0;0;0;0;0.509
4194304;90828;0;371302785;993084881;0;0;0;0;0;0;0;4.934
4194304;65611;0;392231360;1053938029;0;0;0;0;0;0;0;5.121
1048576;924;0;8990049;25515723;0;0;0;0;0;0;0;0.220
1048576;4344;0;12545652;35259823;0;0;0;0;0;0;0;0.289
4194304;139378;0;305790547;814429406;0;0;0;0;0;0;0;4.358
4194304;512510;0;904963674;2425304674;0;0;0;0;0;0;0;12.250
1048576;125812;0;503444700;1340459120;0;0;0;0;0;0;0;6.158
4194304;845916;0;3180552151;8032516600;0;0;0;0;0;0;0;37.359
4194304;2112;0;26290926;77175638;0;0;0;0;0;0;0;0.803
1048576;18424;0;34347058;93200785;0;0;0;0;0;0;0;0.551
1048576;28500;0;46765951;126486179;0;0;0;0;0;0;0;0.747
1048576;25050;0;54861962;145626027;0;0;0;0;0;0;0;0.829
1048576;4396;0;15704960;43699597;0;0;0;0;0;0;0;0.303
4194304;507949;0;1614951048;4121115329;0;0;0;0;0;0;0;19.528
4194304;23688;0;88190471;242754571;0;0;0;0;0;0;0;1.585
1048576;3608;0;13937193;38951525;0;0;0;0;0;0;0;0.334
4194304;65520;0;291489097;785617649;0;0;0;0;0;0;0;3.948
262144;540;0;2335031;6698738;0;0;0;0;0;0;0;0.074
4194304;14652;0;61812172;172217797;0;0;0;0;0;0;0;1.221
1048576;142158;0;294250780;771467133;0;0;0;0;0;0;0;3.841
4194304;598290;0;882405506;2362642573;0;0;0;0;0;0;0;12.314
4194304;822434;0;4385839738;11578811935;0;0;0;0;0;0;0;51.786
262144;40896;0;65715728;174348014;0;0;0;0;0;0;0;0.921
4194304;1862;0;25525695;75107844;0;0;0;0;0;0;0;0.794
262144;351;0;2118680;6123275;0;0;0;0;0;0;0;0.117
1048576;35100;0;60331422;161440184;0;0;0;0;0;0;0;1.127
4194304;36330;0;157905730;428666235;0;0;0;0;0;0;0;2.436
1048576;7787;0;40024079;108607625;0;0;0;0;0;0;0;0.598
4194304;2188614;0;16755829406;42640569373;0;0;0;0;0;0;0;185.138
4194304;156016;0;380068397;1002975801;0;0;0;0;0;0;0;5.148
1048576;12648;0;26744708;72931518;0;0;0;0;0;0;0;0.457
1048576;175931;0;604285267;1567295963;0;0;0;0;0;0;0;7.117
262144;7772;0;13653682;36800164;0;0;0;0;0;0;0;4.588
4194304;41272;0;156595937;425586577;0;0;0;0;0;0;0;2.367
1048576;1463;0;8830238;25345053;0;0;0;0;0;0;0;0.206
262144;1386;0;3607298;10093963;0;0;0;0;0;0;0;0.091
4194304;2457080;0;6593174536;16939075200;0;0;0;0;0;0;0;79.629
1048576;645;0;6612779;19415933;0;0;0;0;0;0;0;0.179
1048576;33701;0;60881306;162622629;0;0;0;0;0;0;0;0.890
4194304;35263;0;138504304;376974621;0;0;0;0;0;0;0;2.154
262144;1986;0;4966101;13738147;0;0;0;0;0;0;0;0.110
262144;60;0;1554432;4609711;0;0;0;0;0;0;0;0.065
1048576;696;0;6734412;19741621;0;0;0;0;0;0;0;0.194
1048576;4026;0;13896686;38875762;0;0;0;0;0;0;0;0.277
1048576;294644;0;559564058;1461543882;0;0;0;0;0;0;0;8.131
4194304;69948;0;248124138;668787868;0;0;0;0;0;0;0;3.533
4194304;914727;0;2730316703;6984110333;0;0;0;0;0;0;0;32.437
262144;9936;0;14816772;40200216;0;0;0;0;0;0;0;0.249
4194304;35815;0;146422391;397696140;0;0;0;0;0;0;0;2.293
4194304;43512;0;170148539;461726314;0;0;0;0;0;0;0;2.527
4194304;85860;0;274860873;737867137;0;0;0;0;0;0;0;4.003
1048576;520;0;6365827;18759899;0;0;0;0;0;0;0;0.175
4194304;228072;0;992537462;2634273015;0;0;0;0;0;0;0;12.315
4194304;175560;0;560253393;1478556847;0;0;0;0;0;0;0;7.234
4194304;299376;0;1555920468;4115912367;0;0;0;0;0;0;0;20.036
1048576;29988;0;52290376;141305568;0;0;0;0;0;0;0;0.799
262144;5440;0;12149570;32753976;0;0;0;0;0;0;0;0.226
1048576;1320;0;7780737;22533231;0;0;0;0;0;0;0;0.213
4194304;70850;0;289623104;780843417;0;0;0;0;0;0;0;4.027
262144;1258;0;3799898;10601598;0;0;0;0;0;0;0;0.097
1048576;80278;0;130152320;345687911;0;0;0;0;0;0;0;1.846
1048576;5031;0;16106031;44760725;0;0;0;0;0;0;0;0.307
262144;900;0;2995347;8459413;0;0;0;0;0;0;0;0.085
4194304;652589;0;4049846444;10635127559;0;0;0;0;0;0;0;46.330
1048576;221312;0;363294155;962546361;0;0;0;0;0;0;0;5.695
262144;11187;0;18484603;49750913;0;0;0;0;0;0;0;0.300
4194304;6864;0;43272433;122552093;0;0;0;0;0;0;0;1.002
4194304;324318;0;1537892234;4127643214;0;0;0;0;0;0;0;18.528
4194304;429462;0;1552653089;4097356617;0;0;0;0;0;0;0;18.984
1048576;3731;0;13266880;37196722;0;0;0;0;0;0;0;0.269
4194304;296301;0;733344688;1933426309;0;0;0;0;0;0;0;9.569
4194304;49228;0;197291984;533441005;0;0;0;0;0;0;0;2.937
1048576;83420;0;251156658;651896555;0;0;0;0;0;0;0;3.159
1048576;208800;0;827630138;2213332946;0;0;0;0;0;0;0;10.099
4194304;111908;0;502537401;1349746757;0;0;0;0;0;0;0;6.513
4194304;106758;0;758278931;2031485778;0;0;0;0;0;0;0;9.116
4194304;472850;0;1181060244;3105505830;0;0;0;0;0;0;0;15.055
1048576;4296;0;11622945;32754881;0;0;0;0;0;0;0;0.244
1048576;15510;0;26097797;71737582;0;0;0;0;0;0;0;0.466
4194304;64722;0;315612198;849727096;0;0;0;0;0;0;0;7.238
4194304;11661;0;50233560;141174785;0;0;0;0;0;0;0;1.145
4194304;7329;0;32851538;94590334;0;0;0;0;0;0;0;0.947
4194304;34440;0;76109628;209551700;0;0;0;0;0;0;0;1.521
1048576;19296;0;42555169;113993512;0;0;0;0;0;0;0;0.671
4194304;12765;0;75301682;208128667;0;0;0;0;0;0;0;1.483
4194304;5111;0;34734632;99732369;0;0;0;0;0;0;0;0.933
4194304;12558;0;56546336;158035803;0;0;0;0;0;0;0;1.205
1048576;13025;0;62846060;169585161;0;0;0;0;0;0;0;0.864
1048576;25920;0;87931615;236707179;0;0;0;0;0;0;0;1.194
4194304;8055;0;44064880;124686173;0;0;0;0;0;0;0;1.031
4194304;160544;0;286134626;763413009;0;0;0;0;0;0;0;4.645
1048576;1705;0;8591260;24708465;0;0;0;0;0;0;0;0.216
262144;15759;0;27442437;73162301;0;0;0;0;0;0;0;0.421
4194304;94484;0;267017790;714732989;0;0;0;0;0;0;0;3.937
4194304;322287;0;1135167314;3000981183;0;0;0;0;0;0;0;14.344
1048576;14824;0;42388316;114527625;0;0;0;0;0;0;0;0.630
1048576;25700;0;54082852;145830925;0;0;0;0;0;0;0;3.766
4194304;53235;0;141023382;382812739;0;0;0;0;0;0;0;2.245
1048576;17118;0;37694087;102199826;0;0;0;0;0;0;0;0.603
262144;4158;0;8199055;22338074;0;0;0;0;0;0;0;0.171
4194304;318188;0;898397385;2315887307;0;0;0;0;0;0;0;11.312
262144;2780;0;6815548;18670462;0;0;0;0;0;0;0;0.136
4194304;82616;0;327847582;882833549;0;0;0;0;0;0;0;8.325
4194304;385308;0;943090508;2467343386;0;0;0;0;0;0;0;12.206
1048576;6854;0;16278436;45217556;0;0;0;0;0;0;0;1.543
262144;38280;0;76524841;202734629;0;0;0;0;0;0;0;1.026
4194304;427635;0;1526025580;3947682857;0;0;0;0;0;0;0;18.410
4194304;186000;0;841582592;2233802724;0;0;0;0;0;0;0;10.600
1048576;133680;0;277754203;727186803;0;0;0;0;0;0;0;3.592
4194304;108576;0;182831524;491824116;0;0;0;0;0;0;0;2.878
4194304;2128;0;25539449;75168121;0;0;0;0;0;0;0;0.781
1048576;147420;0;241851022;641138794;0;0;0;0;0;0;0;3.388
4194304;494592;0;1465729418;3838242032;0;0;0;0;0;0;0;18.554
1048576;186400;0;377552088;984058415;0;0;0;0;0;0;0;4.884
1048576;5151;0;16451091;45703502;0;0;0;0;0;0;0;0.317
4194304;826008;0;1904270556;4979913399;0;0;0;0;0;0;0;24.286
4194304;25392;0;136789523;372181843;0;0;0;0;0;0;0;2.237
1048576;8955;0;19891104;54833676;0;0;0;0;0;0;0;0.398
262144;2952;0;6514034;17828888;0;0;0;0;0;0;0;0.132
1048576;151488;0;334439702;880089373;0;0;0;0;0;0;0;4.367
4194304;93160;0;393316218;1053791806;0;0;0;0;0;0;0;5.108
1048576;15480;0;27836457;75977938;0;0;0;0;0;0;0;0.473
1048576;42720;0;65558294;176399309;0;0;0;0;0;0;0;1.007
1048576;20710;0;39699663;107522255;0;0;0;0;0;0;0;0.633
4194304;205310;0;608014579;1587565087;0;0;0;0;0;0;0;9.588
4194304;973368;0;3051239781;7754243553;0;0;0;0;0;0;0;36.945
1048576;62820;0;97545210;261651801;0;0;0;0;0;0;0;1.429
4194304;318360;0;1970425507;5268908951;0;0;0;0;0;0;0;24.163
262144;16200;0;25584777;68854060;0;0;0;0;0;0;0;0.389
1048576;50038;0;108027917;287463231;0;0;0;0;0;0;0;1.509
4194304;78720;0;157019363;424372204;0;0;0;0;0;0;0;2.554
4194304;171914;0;1090811939;2910179607;0;0;0;0;0;0;0;12.667
1048576;42600;0;78843683;210273174;0;0;0;0;0;0;0;1.158
4194304;13333;0;57171344;159689833;0;0;0;0;0;0;0;1.186
1048576;89792;0;128698202;346187979;0;0;0;0;0;0;0;2.003
4194304;48263;0;193316584;523586637;0;0;0;0;0;0;0;2.861
1048576;443052;0;2000413649;5330251726;0;0;0;0;0;0;0;24.247
4194304;262262;0;1603937982;4285091444;0;0;0;0;0;0;0;19.645
1048576;92232;0;351290949;943242241;0;0;0;0;0;0;0;4.478
1048576;3864;0;11958027;33633358;0;0;0;0;0;0;0;0.280
262144;5928;0;11057863;29914007;0;0;0;0;0;0;0;0.196
4194304;88360;0;226687600;602171001;0;0;0;0;0;0;0;3.477
4194304;115230;0;280048452;739511534;0;0;0;0;0;0;0;4.019
262144;21423;0;31638817;84932381;0;0;0;0;0;0;0;0.482
262144;3783;0;7355877;20041820;0;0;0;0;0;0;0;0.145
4194304;2600;0;26878302;78723554;0;0;0;0;0;0;0;0.828
4194304;71906;0;294563295;794232682;0;0;0;0;0;0;0;4.122
1048576;256557;0;893260162;2311939304;0;0;0;0;0;0;0;10.829
262144;5760;0;10933667;29528118;0;0;0;0;0;0;0;0.194
262144;220;0;1817192;5313825;0;0;0;0;0;0;0;0.491
1048576;158760;0;377264973;988190288;0;0;0;0;0;0;0;4.877
1048576;269790;0;484394400;1269504642;0;0;0;0;0;0;0;6.405
262144;32017;0;50304028;133654540;0;0;0;0;0;0;0;0.722
4194304;44712;0;169285759;458858619;0;0;0;0;0;0;0;2.584
1048576;19734;0;44467696;120085382;0;0;0;0;0;0;0;0.815
1048576;148960;0;274255872;719348392;0;0;0;0;0;0;0;3.631
4194304;14;0;21127040;63349373;0;0;0;0;0;0;0;0.745
262144;2880;0;6224793;17077399;0;0;0;0;0;0;0;0.129
1048576;37026;0;113516715;304908584;0;0;0;0;0;0;0;1.500
262144;2807;0;5728882;15779204;0;0;0;0;0;0;0;0.124
1048576;211878;0;324081110;861657043;0;0;0;0;0;0;0;4.398
4194304;9264;0;46983286;132449073;0;0;0;0;0;0;0;1.082
4194304;3611;0;29775824;86480673;0;0;0;0;0;0;0;0.815
4194304;18792;0;77240362;212780178;0;0;0;0;0;0;0;1.400
1048576;1540;0;8422448;24268349;0;0;0;0;0;0;0;0.221
262144;13608;0;24416121;64858289;0;0;0;0;0;0;0;0.395
262144;7171;0;13481234;36252248;0;0;0;0;0;0;0;0.223
4194304;31482;0;114509551;312634702;0;0;0;0;0;0;0;1.842
262144;12360;0;19154130;51527300;0;0;0;0;0;0;0;1.391
1048576;2628;0;13931711;38988040;0;0;0;0;0;0;0;0.267
4194304;55755;0;233551858;630786501;0;0;0;0;0;0;0;3.258
4194304;1926663;0;7451492853;18759613390;0;0;0;0;0;0;0;84.395
1048576;96990;0;149968125;401028492;0;0;0;0;0;0;0;2.210
4194304;230265;0;997209532;2653317634;0;0;0;0;0;0;0;12.322
1048576;46645;0;76707617;206575216;0;0;0;0;0;0;0;1.132
1048576;53475;0;100376799;268333746;0;0;0;0;0;0;0;1.397
4194304;23895;0;74631813;205553350;0;0;0;0;0;0;0;1.472
4194304;205303;0;424677188;1124890861;0;0;0;0;0;0;0;5.899
1048576;63618;0;176844356;471237390;0;0;0;0;0;0;0;2.298
262144;420;0;2406878;6893711;0;0;0;0;0;0;0;0.075
1048576;9504;0;18194572;50438273;0;0;0;0;0;0;0;0.338
4194304;5005;0;28191814;82182664;0;0;0;0;0;0;0;0.825
1048576;68;0;5505798;16455851;0;0;0;0;0;0;0;0.231
262144;64272;0;88735731;237974557;0;0;0;0;0;0;0;1.321
1048576;561;0;6468892;19034177;0;0;0;0;0;0;0;0.178
4194304;44375;0;164461316;445881809;0;0;0;0;0;0;0;2.592
4194304;1656;0;24673422;72839171;0;0;0;0;0;0;0;0.796
1048576;147;0;5660254;16868113;0;0;0;0;0;0;0;0.170
262144;13020;0;21112729;56760531;0;0;0;0;0;0;0;0.351
1048576;22848;0;48792836;130646744;0;0;0;0;0;0;0;0.808
4194304;50760;0;178188027;478381766;0;0;0;0;0;0;0;2.730
4194304;28992;0;124472640;338859237;0;0;0;0;0;0;0;4.348
4194304;251650;0;366535884;987582641;0;0;0;0;0;0;0;5.584
1048576;375;0;6001063;17779636;0;0;0;0;0;0;0;0.172
4194304;17179;0;56222117;157069109;0;0;0;0;0;0;0;1.290
4194304;369232;0;3182446104;8500948429;0;0;0;0;0;0;0;37.090
4194304;174947;0;371443836;987066115;0;0;0;0;0;0;0;5.274
4194304;329188;0;1271432899;3335164153;0;0;0;0;0;0;0;16.370
262144;9752;0;18227113;48815682;0;0;0;0;0;0;0;0.289
1048576;39216;0;156803581;420698597;0;0;0;0;0;0;0;2.033
1048576;28324;0;73186131;195592996;0;0;0;0;0;0;0;1.030
1048576;48980;0;104134867;278437144;0;0;0;0;0;0;0;1.457
1048576;1540;0;8881532;25496092;0;0;0;0;0;0;0;0.210
4194304;1238060;0;8934022474;22678711397;0;0;0;0;0;0;0;102.146
1048576;3444;0;12237188;34389105;0;0;0;0;0;0;0;0.256
4194304;36005;0;182889998;495709573;0;0;0;0;0;0;0;2.798
4194304;794034;0;6044994254;15959135831;0;0;0;0;0;0;0;69.621
262144;117;0;1656176;4881697;0;0;0;0;0;0;0;0.069
1048576;165780;0;258991018;688075054;0;0;0;0;0;0;0;3.616
4194304;116932;0;625895980;1678949295;0;0;0;0;0;0;0;7.884
4194304;316996;0;1466208123;3883652162;0;0;0;0;0;0;0;17.814
1048576;23577;0;48468782;130619745;0;0;0;0;0;0;0;0.732
4194304;1673568;0;10649236968;27935166688;0;0;0;0;0;0;0;121.641
4194304;48786;0;141782830;385752117;0;0;0;0;0;0;0;2.281
262144;2280;0;5516269;15203706;0;0;0;0;0;0;0;0.137
4194304;473538;0;2499239780;6549462986;0;0;0;0;0;0;0;33.445
1048576;4950;0;18538236;51320307;0;0;0;0;0;0;0;0.344
262144;7372;0;13202939;35743793;0;0;0;0;0;0;0;0.226
4194304;32883;0;89112208;244570292;0;0;0;0;0;0;0;1.639
4194304;268632;0;687340312;1804644849;0;0;0;0;0;0;0;9.133
262144;17120;0;24710399;66564856;0;0;0;0;0;0;0;0.394
262144;2184;0;5911429;16257460;0;0;0;0;0;0;0;0.129
4194304;73355;0;159107086;429343617;0;0;0;0;0;0;0;2.526
1048576;11214;0;22445379;61446773;0;0;0;0;0;0;0;0.644
4194304;477050;0;1287046468;3371144555;0;0;0;0;0;0;0;16.187
4194304;177612;0;949431829;2542794029;0;0;0;0;0;0;0;11.684
4194304;248422;0;586585209;1547543203;0;0;0;0;0;0;0;7.799
262144;186;0;1844402;5387590;0;0;0;0;0;0;0;0.069
262144;29898;0;53201394;140386592;0;0;0;0;0;0;0;0.735
4194304;46104;0;146034136;396724451;0;0;0;0;0;0;0;2.303
1048576;251082;0;1007730823;2641823879;0;0;0;0;0;0;0;12.037
4194304;19285;0;88980216;244699489;0;0;0;0;0;0;0;6.719
1048576;7605;0;22728388;62542261;0;0;0;0;0;0;0;0.393
1048576;29928;0;57695533;154511432;0;0;0;0;0;0;0;0.846
1048576;25647;0;54191848;145352469;0;0;0;0;0;0;0;0.805
262144;37524;0;51888701;139244409;0;0;0;0;0;0;0;0.753
262144;960;0;3061897;8622745;0;0;0;0;0;0;0;0.102
4194304;349968;0;1711461617;4524007881;0;0;0;0;0;0;0;20.797
1048576;20651;0;37300789;101021426;0;0;0;0;0;0;0;0.602
4194304;37128;0;142707808;385453589;0;0;0;0;0;0;0;2.571
4194304;197000;0;1116968547;2989335401;0;0;0;0;0;0;0;13.415
1048576;85850;0;193858286;512889623;0;0;0;0;0;0;0;2.605
4194304;301752;0;1991090362;5322310161;0;0;0;0;0;0;0;22.719
4194304;118272;0;329707873;884291223;0;0;0;0;0;0;0;4.551
1048576;23998;0;42621245;115099627;0;0;0;0;0;0;0;0.670
1048576;218815;0;371893160;983318186;0;0;0;0;0;0;0;4.913
1048576;147627;0;223867836;598161997;0;0;0;0;0;0;0;3.109
4194304;400520;0;2386708544;6357737501;0;0;0;0;0;0;0;27.148
4194304;1354500;0;5824668690;14865860530;0;0;0;0;0;0;0;65.428
4194304;42588;0;148490510;403814603;0;0;0;0;0;0;0;2.285
4194304;304290;0;1292212017;3420942537;0;0;0;0;0;0;0;15.315
1048576;3287;0;10804424;30605327;0;0;0;0;0;0;0;0.239
4194304;392938;0;1019131999;2668780342;0;0;0;0;0;0;0;12.682
1048576;15811;0;44812103;121290479;0;0;0;0;0;0;0;0.673
262144;88536;0;145910069;385371559;0;0;0;0;0;0;0;1.949
1048576;50944;0;109353968;288795459;0;0;0;0;0;0;0;1.465
262144;7482;0;11805535;31969697;0;0;0;0;0;0;0;0.207
262144;360;0;2126601;6143140;0;0;0;0;0;0;0;0.074
4194304;498;0;21883616;65375079;0;0;0;0;0;0;0;0.754
4194304;501804;0;1699510284;4486964838;0;0;0;0;0;0;0;20.581
1048576;20234;0;65482304;176772943;0;0;0;0;0;0;0;0.910
1048576;97955;0;170660742;453542634;0;0;0;0;0;0;0;2.314
1048576;27347;0;46909377;126583886;0;0;0;0;0;0;0;0.748
1048576;192384;0;1021392969;2703398229;0;0;0;0;0;0;0;11.992
1048576;22479;0;53048073;143940906;0;0;0;0;0;0;0;0.806
4194304;29106;0;114553584;313016713;0;0;0;0;0;0;0;6.097
4194304;921891;0;2717067938;7025068935;0;0;0;0;0;0;0;34.568
4194304;260838;0;648454985;1694914368;0;0;0;0;0;0;0;8.329
1048576;3672;0;12853772;36104220;0;0;0;0;0;0;0;0.297
1048576;876;0;6898635;20184923;0;0;0;0;0;0;0;0.186
262144;19812;0;29019433;78045203;0;0;0;0;0;0;0;0.517
4194304;21528;0;70008916;193526871;0;0;0;0;0;0;0;1.383
262144;4830;0;9324814;25327802;0;0;0;0;0;0;0;0.172
1048576;65156;0;156592194;416730971;0;0;0;0;0;0;0;2.085
4194304;1539258;0;6137784124;16012908513;0;0;0;0;0;0;0;74.913
262144;5148;0;9522536;25870208;0;0;0;0;0;0;0;0.174
4194304;21315;0;100627609;275763643;0;0;0;0;0;0;0;1.724
1048576;8400;0;23850798;65444937;0;0;0;0;0;0;0;0.397
4194304;260205;0;1386428591;3688154527;0;0;0;0;0;0;0;16.222
262144;4070;0;7679372;20963280;0;0;0;0;0;0;0;0.154
1048576;43460;0;166545422;446568299;0;0;0;0;0;0;0;2.100
262144;26442;0;39612202;105785351;0;0;0;0;0;0;0;0.574
262144;676;0;2762337;7841161;0;0;0;0;0;0;0;0.081
4194304;218396;0;870163544;2295911334;0;0;0;0;0;0;0;10.713
262144;3960;0;8487057;22996024;0;0;0;0;0;0;0;0.158
1048576;101185;0;298000514;791826423;0;0;0;0;0;0;0;3.748
1048576;3060;0;15363152;42791323;0;0;0;0;0;0;0;0.294
4194304;244724;0;1597607353;4246662655;0;0;0;0;0;0;0;18.230
4194304;157070;0;426898715;1137085153;0;0;0;0;0;0;0;5.773
4194304;99330;0;458369854;1231185525;0;0;0;0;0;0;0;5.776
1048576;3588;0;12402781;34867230;0;0;0;0;0;0;0;0.267
4194304;9680;0;44746554;126480905;0;0;0;0;0;0;0;1.442
1048576;114660;0;509251782;1360145822;0;0;0;0;0;0;0;6.067
1048576;1694;0;9013098;25840905;0;0;0;0;0;0;0;0.604
1048576;37408;0;91231476;244732091;0;0;0;0;0;0;0;1.327
1048576;4610;0;22421494;61661923;0;0;0;0;0;0;0;0.405
1048576;11868;0;22145185;60814669;0;0;0;0;0;0;0;0.407
1048576;62160;0;281178321;753010187;0;0;0;0;0;0;0;3.461
1048576;309134;0;413664407;1112196710;0;0;0;0;0;0;0;5.792
1048576;705575;0;1893454537;4876445270;0;0;0;0;0;0;0;22.418
4194304;765000;0;3712890070;9619849271;0;0;0;0;0;0;0;42.006
4194304;753;0;23205978;68883091;0;0;0;0;0;0;0;0.764
1048576;5145;0;17931716;49690668;0;0;0;0;0;0;0;0.322
262144;78832;0;138091583;363278528;0;0;0;0;0;0;0;2.217
4194304;810448;0;8422370926;22481497875;0;0;0;0;0;0;0;95.203
262144;30135;0;50078470;132784313;0;0;0;0;0;0;0;0.705
262144;1836;0;4608415;12767188;0;0;0;0;0;0;0;0.112
1048576;60227;0;89647167;241185948;0;0;0;0;0;0;0;1.334
262144;3900;0;8142138;22139337;0;0;0;0;0;0;0;0.152
4194304;113850;0;726460048;1946403051;0;0;0;0;0;0;0;8.742
1048576;112500;0;307011680;801043628;0;0;0;0;0;0;0;3.833
1048576;14433;0;34969944;94936294;0;0;0;0;0;0;0;0.545
4194304;80136;0;309873550;834954785;0;0;0;0;0;0;0;4.202
4194304;6536;0;38410540;109507233;0;0;0;0;0;0;0;1.089
1048576;1632;0;8798984;25263471;0;0;0;0;0;0;0;0.223
262144;3024;0;7074128;19312785;0;0;0;0;0;0;0;0.139
1048576;14111;0;30765152;82860653;0;0;0;0;0;0;0;0.512
1048576;7200;0;16960004;46886815;0;0;0;0;0;0;0;0.329
4194304;770028;0;5448387195;14357329918;0;0;0;0;0;0;0;62.317
262144;5332;0;10628566;28813745;0;0;0;0;0;0;0;0.184
4194304;61542;0;243745552;658499431;0;0;0;0;0;0;0;3.518
1048576;23754;0;51567689;139495783;0;0;0;0;0;0;0;0.787
1048576;335675;0;830768842;2134467636;0;0;0;0;0;0;0;10.119
1048576;20020;0;63732678;172064203;0;0;0;0;0;0;0;0.898
4194304;935080;0;3856803618;9855294351;0;0;0;0;0;0;0;44.766
1048576;2431;0;11417890;32274189;0;0;0;0;0;0;0;0.264
262144;26390;0;39426168;105539785;0;0;0;0;0;0;0;0.576
1048576;990;0;7828746;22672897;0;0;0;0;0;0;0;0.201
262144;610;0;2533555;7228379;0;0;0;0;0;0;0;0.081
4194304;65000;0;324334155;873327667;0;0;0;0;0;0;0;4.340
262144;468;0;2315683;6649859;0;0;0;0;0;0;0;0.076
1048576;3132;0;11462149;32379712;0;0;0;0;0;0;0;0.252
4194304;7659;0;44306921;125336778;0;0;0;0;0;0;0;1.000
4194304;364743;0;1263681560;3324030651;0;0;0;0;0;0;0;15.586
4194304;440343;0;2662415485;6895281523;0;0;0;0;0;0;0;29.496
1048576;53383;0;106871563;283377637;0;0;0;0;0;0;0;1.535
4194304;6000;0;34348559;98504042;0;0;0;0;0;0;0;1.001
262144;30302;0;45435420;121736205;0;0;0;0;0;0;0;0.670
1048576;235290;0;387599547;1023653591;0;0;0;0;0;0;0;5.244
1048576;4644;0;15105126;42149149;0;0;0;0;0;0;0;0.304
1048576;93090;0;149903494;399551555;0;0;0;0;0;0;0;2.119
4194304;11952;0;57552529;160714300;0;0;0;0;0;0;0;1.197
262144;275;0;1888958;5504320;0;0;0;0;0;0;0;0.071
1048576;68640;0;259061674;696490004;0;0;0;0;0;0;0;3.275
4194304;27225;0;86659971;237489414;0;0;0;0;0;0;0;1.577
1048576;2398;0;10718450;30410925;0;0;0;0;0;0;0;0.236
1048576;73162;0;208363175;556350262;0;0;0;0;0;0;0;2.688
1048576;506;0;6227116;18381147;0;0;0;0;0;0;0;0.185
1048576;6160;0;18444840;50964389;0;0;0;0;0;0;0;0.336
4194304;3249;0;29377362;85433789;0;0;0;0;0;0;0;2.561
1048576;7821;0;54126442;146275289;0;0;0;0;0;0;0;0.745
1048576;119022;0;315186021;823859956;0;0;0;0;0;0;0;3.920
1048576;13889;0;64718413;174514684;0;0;0;0;0;0;0;0.879
1048576;17556;0;38518058;104330388;0;0;0;0;0;0;0;0.626
1048576;213504;0;425216798;1107991502;0;0;0;0;0;0;0;5.467
262144;2355;0;4891833;13551443;0;0;0;0;0;0;0;0.112
262144;1755;0;4146737;11541680;0;0;0;0;0;0;0;0.101
1048576;288576;0;1991301643;5290860575;0;0;0;0;0;0;0;23.257
4194304;99960;0;491766674;1319979361;0;0;0;0;0;0;0;6.310
4194304;216744;0;948933018;2496957734;0;0;0;0;0;0;0;11.531
4194304;57969;0;225713688;610143833;0;0;0;0;0;0;0;3.323
1048576;42210;0;93402964;251211662;0;0;0;0;0;0;0;1.355
1048576;74420;0;111357925;298502653;0;0;0;0;0;0;0;1.638
4194304;206870;0;570739031;1512962930;0;0;0;0;0;0;0;7.588
262144;35175;0;54659610;145550519;0;0;0;0;0;0;0;0.796
262144;75;0;1570000;4652967;0;0;0;0;0;0;0;0.066
262144;12342;0;20907563;55992889;0;0;0;0;0;0;0;0.320
1048576;95;0;5556880;16591853;0;0;0;0;0;0;0;0.176
262144;49350;0;82017735;217038779;0;0;0;0;0;0;0;1.128
4194304;1777083;0;4749127482;12232408953;0;0;0;0;0;0;0;57.769
4194304;85387;0;234336032;630515573;0;0;0;0;0;0;0;3.427
262144;30195;0;45763399;122313055;0;0;0;0;0;0;0;0.658
262144;2952;0;6564808;18000042;0;0;0;0;0;0;0;0.137
4194304;711810;0;2390849791;6120439041;0;0;0;0;0;0;0;29.293
1048576;3488;0;12480793;35084831;0;0;0;0;0;0;0;0.249
4194304;251090;0;392408657;1052667303;0;0;0;0;0;0;0;5.742
4194304;22178;0;100038949;274184491;0;0;0;0;0;0;0;2.757
4194304;9430;0;52470972;147110580;0;0;0;0;0;0;0;1.112
1048576;200;0;5750252;17108359;0;0;0;0;0;0;0;0.172
1048576;8890;0;42012692;114001695;0;0;0;0;0;0;0;0.641
262144;50348;0;69111895;185355989;0;0;0;0;0;0;0;0.990
4194304;194712;0;1086286045;2906969501;0;0;0;0;0;0;0;13.205
1048576;39168;0;66832332;179394571;0;0;0;0;0;0;0;1.014
4194304;93452;0;607935672;1630174496;0;0;0;0;0;0;0;7.634
262144;5184;0;10606477;28732792;0;0;0;0;0;0;0;0.183
1048576;688;0;6604488;19387160;0;0;0;0;0;0;0;0.179
1048576;1225;0;7542849;21908002;0;0;0;0;0;0;0;0.188
4194304;3339;0;26232966;77023306;0;0;0;0;0;0;0;0.806
1048576;679;0;6679078;19595620;0;0;0;0;0;0;0;0.180
4194304;522600;0;914729147;2453425138;0;0;0;0;0;0;0;12.424
1048576;637720;0;1214766665;3163832737;0;0;0;0;0;0;0;15.364
4194304;97580;0;261940976;688190008;0;0;0;0;0;0;0;3.726
4194304;16201;0;101124984;276963817;0;0;0;0;0;0;0;1.652
262144;2368;0;5806646;15996422;0;0;0;0;0;0;0;0.126
4194304;37053;0;110066037;300400182;0;0;0;0;0;0;0;2.179
1048576;35464;0;99351377;265879541;0;0;0;0;0;0;0;1.327
1048576;27183;0;55904792;149378311;0;0;0;0;0;0;0;0.805
