1048576;121085;0;0;0;0;0;0;0;0;5928684;56668169;1.976
262144;6510;0;0;0;0;0;0;0;0;151114;3225099;0.171
4194304;251312;0;0;0;0;0;0;0;0;29067755;138599149;4.914
1048576;94677;0;0;0;0;0;0;0;0;6552835;47168766;1.601
1048576;181458;0;0;0;0;0;0;0;0;31221650;111167017;3.624
4194304;1133000;0;0;0;0;0;0;0;0;572652960;1064903809;36.152
1048576;13248;0;0;0;0;0;0;0;0;2746053;10450511;0.431
4194304;257166;0;0;0;0;0;0;0;0;273128135;396356909;13.714
1048576;33614;0;0;0;0;0;0;0;0;2476457;18026117;0.667
262144;2929;0;0;0;0;0;0;0;0;105823;1694962;0.099
262144;6726;0;0;0;0;0;0;0;0;558501;3884565;0.167
4194304;153608;0;0;0;0;0;0;0;0;68824992;143973619;4.992
4194304;416633;0;0;0;0;0;0;0;0;122910356;300398937;10.142
1048576;56168;0;0;0;0;0;0;0;0;786237;24863193;0.881
4194304;25696;0;0;0;0;0;0;0;0;9133981;25354273;1.255
4194304;198708;0;0;0;0;0;0;0;0;21617734;109734685;4.012
1048576;1309;0;0;0;0;0;0;0;0;111268;1862814;0.777
4194304;2196;0;0;0;0;0;0;0;0;377143;5742361;0.697
4194304;117588;0;0;0;0;0;0;0;0;23677153;79874838;3.084
1048576;2860;0;0;0;0;0;0;0;0;165577;2715356;0.216
262144;5850;0;0;0;0;0;0;0;0;383883;3212954;0.150
4194304;3690;0;0;0;0;0;0;0;0;484535;6535155;0.698
4194304;226460;0;0;0;0;0;0;0;0;25787768;124049559;4.492
4194304;1764;0;0;0;0;0;0;0;0;147646;5266998;0.643
4194304;5974;0;0;0;0;0;0;0;0;875868;8096562;0.727
4194304;35760;0;0;0;0;0;0;0;0;5137735;25134827;1.301
4194304;93951;0;0;0;0;0;0;0;0;34925746;85021802;3.305
4194304;432960;0;0;0;0;0;0;0;0;260994234;459613117;15.798
1048576;329400;0;0;0;0;0;0;0;0;130924172;282574682;9.432
262144;10266;0;0;0;0;0;0;0;0;548587;5280943;0.250
4194304;439139;0;0;0;0;0;0;0;0;87665142;276425209;9.557
1048576;24676;0;0;0;0;0;0;0;0;4344830;16066470;0.632
1048576;16709;0;0;0;0;0;0;0;0;1633672;10021680;0.415
1048576;75516;0;0;0;0;0;0;0;0;9131054;42806312;1.469
4194304;1057155;0;0;0;0;0;0;0;0;975707803;1459571932;50.966
1048576;21712;0;0;0;0;0;0;0;0;3954269;15226396;0.688
4194304;336326;0;0;0;0;0;0;0;0;324654061;493336727;16.397
4194304;847;0;0;0;0;0;0;0;0;98286;4787276;0.637
1048576;70716;0;0;0;0;0;0;0;0;16095812;47125497;1.597
4194304;551760;0;0;0;0;0;0;0;0;92266271;323920058;11.058
1048576;102935;0;0;0;0;0;0;0;0;11875907;56265782;1.897
4194304;60377;0;0;0;0;0;0;0;0;1417784;30310323;1.566
262144;5792;0;0;0;0;0;0;0;0;116656;2836611;0.145
4194304;685173;0;0;0;0;0;0;0;0;53590987;338224241;14.034
1048576;99434;0;0;0;0;0;0;0;0;42174859;92004979;3.228
4194304;146286;0;0;0;0;0;0;0;0;73419814;149529674;5.831
1048576;67184;0;0;0;0;0;0;0;0;11142394;41366626;2.090
4194304;3072;0;0;0;0;0;0;0;0;370334;6149872;0.669
4194304;37389;0;0;0;0;0;0;0;0;1729787;21779165;1.140
1048576;49875;0;0;0;0;0;0;0;0;6266864;29683981;1.048
262144;49842;0;0;0;0;0;0;0;0;1424850;22115585;0.733
4194304;239040;0;0;0;0;0;0;0;0;42782111;150209078;5.320
262144;1240;0;0;0;0;0;0;0;0;111776;1038832;0.083
262144;1463;0;0;0;0;0;0;0;0;142954;1168101;0.085
1048576;7379;0;0;0;0;0;0;0;0;351253;4704733;0.251
4194304;80598;0;0;0;0;0;0;0;0;33195457;76767755;3.013
4194304;14032;0;0;0;0;0;0;0;0;8738110;19519757;1.074
1048576;47096;0;0;0;0;0;0;0;0;5557539;26696173;0.941
262144;4780;0;0;0;0;0;0;0;0;237131;2618462;0.129
1048576;333579;0;0;0;0;0;0;0;0;30345203;168363266;5.386
262144;25802;0;0;0;0;0;0;0;0;866249;11764407;0.413
262144;300;0;0;0;0;0;0;0;0;19667;465965;0.061
4194304;59004;0;0;0;0;0;0;0;0;23831558;54411723;2.342
4194304;364160;0;0;0;0;0;0;0;0;207256504;379060646;13.670
4194304;64908;0;0;0;0;0;0;0;0;10428252;43379440;1.829
1048576;229320;0;0;0;0;0;0;0;0;29342165;126851539;4.271
4194304;84152;0;0;0;0;0;0;0;0;38056111;83808825;3.279
1048576;19360;0;0;0;0;0;0;0;0;3257124;13093366;0.511
4194304;5166;0;0;0;0;0;0;0;0;2432415;9194843;0.751
1048576;34048;0;0;0;0;0;0;0;0;1379352;16831641;0.622
4194304;178842;0;0;0;0;0;0;0;0;137512142;228452184;7.874
4194304;597558;0;0;0;0;0;0;0;0;81592601;331950711;10.988
1048576;10428;0;0;0;0;0;0;0;0;1092119;6967198;0.388
262144;1848;0;0;0;0;0;0;0;0;43717;1143783;0.093
1048576;195836;0;0;0;0;0;0;0;0;7053808;87821865;2.921
4194304;12243;0;0;0;0;0;0;0;0;2358622;12591708;0.908
4194304;82113;0;0;0;0;0;0;0;0;22446339;63573145;2.690
1048576;60008;0;0;0;0;0;0;0;0;21637251;51879043;1.826
1048576;79352;0;0;0;0;0;0;0;0;6184895;40082264;1.355
4194304;219817;0;0;0;0;0;0;0;0;22078845;118130285;4.229
262144;169;0;0;0;0;0;0;0;0;11644;390974;0.091
262144;63960;0;0;0;0;0;0;0;0;2281511;28818591;0.950
1048576;1833;0;0;0;0;0;0;0;0;37154;1890000;0.165
4194304;710730;0;0;0;0;0;0;0;0;671958686;1002444795;37.240
4194304;799710;0;0;0;0;0;0;0;0;89430377;426135985;14.061
262144;19071;0;0;0;0;0;0;0;0;748681;9111366;0.333
1048576;29840;0;0;0;0;0;0;0;0;4538162;19152024;0.726
262144;12740;0;0;0;0;0;0;0;0;802240;6652978;0.255
1048576;49837;0;0;0;0;0;0;0;0;2679236;24772682;0.908
4194304;169312;0;0;0;0;0;0;0;0;37256542;114102814;4.197
4194304;434044;0;0;0;0;0;0;0;0;232095036;442081505;15.070
1048576;132136;0;0;0;0;0;0;0;0;10725867;66144427;2.216
1048576;9768;0;0;0;0;0;0;0;0;430314;5797478;0.282
4194304;244834;0;0;0;0;0;0;0;0;145321979;268664121;9.219
4194304;4698;0;0;0;0;0;0;0;0;1280559;8033153;0.697
4194304;47196;0;0;0;0;0;0;0;0;3924497;28564543;1.424
1048576;2115;0;0;0;0;0;0;0;0;207794;2345086;0.188
4194304;32700;0;0;0;0;0;0;0;0;2590131;20951268;1.145
4194304;199547;0;0;0;0;0;0;0;0;16863666;104532033;3.795
4194304;7770;0;0;0;0;0;0;0;0;1299630;9119283;0.761
262144;122;0;0;0;0;0;0;0;0;7930;373875;0.112
4194304;42824;0;0;0;0;0;0;0;0;12470343;35628691;1.778
262144;5688;0;0;0;0;0;0;0;0;83550;2737098;0.148
1048576;12544;0;0;0;0;0;0;0;0;3708741;11120119;0.521
4194304;1152863;0;0;0;0;0;0;0;0;357239479;836123565;29.018
1048576;14079;0;0;0;0;0;0;0;0;4071617;12168798;0.494
4194304;149940;0;0;0;0;0;0;0;0;29916564;101124692;3.930
1048576;19080;0;0;0;0;0;0;0;0;1438231;10775717;0.430
262144;7392;0;0;0;0;0;0;0;0;430561;3966958;0.174
1048576;8613;0;0;0;0;0;0;0;0;496541;5278475;0.268
4194304;67710;0;0;0;0;0;0;0;0;25209375;62791041;2.525
262144;378;0;0;0;0;0;0;0;0;24662;517420;0.061
1048576;440;0;0;0;0;0;0;0;0;27639;1335095;0.176
4194304;5550;0;0;0;0;0;0;0;0;1230280;8056770;0.765
4194304;159666;0;0;0;0;0;0;0;0;16090374;87700784;6.739
1048576;3744;0;0;0;0;0;0;0;0;382558;3328010;0.197
1048576;97976;0;0;0;0;0;0;0;0;7109831;49213769;1.643
1048576;69160;0;0;0;0;0;0;0;0;33285106;68303480;2.358
1048576;21838;0;0;0;0;0;0;0;0;1289047;11543404;0.473
1048576;111548;0;0;0;0;0;0;0;0;3768115;50500276;1.710
4194304;16994;0;0;0;0;0;0;0;0;2960741;15170835;0.935
4194304;14835;0;0;0;0;0;0;0;0;2748775;14241929;0.948
4194304;34353;0;0;0;0;0;0;0;0;7804526;27538287;1.382
1048576;48972;0;0;0;0;0;0;0;0;5118108;27390427;0.959
4194304;44100;0;0;0;0;0;0;0;0;10030011;35064120;2.409
4194304;31175;0;0;0;0;0;0;0;0;5144871;23389236;1.242
262144;6068;0;0;0;0;0;0;0;0;415116;3428122;0.154
262144;16458;0;0;0;0;0;0;0;0;1222245;8498238;0.308
4194304;118364;0;0;0;0;0;0;0;0;5561756;58978438;3.907
4194304;191580;0;0;0;0;0;0;0;0;75669172;169037505;6.359
4194304;147030;0;0;0;0;0;0;0;0;12988862;77071669;2.892
262144;34136;0;0;0;0;0;0;0;0;728452;15080172;0.512
4194304;4185;0;0;0;0;0;0;0;0;477990;6807712;0.695
4194304;739440;0;0;0;0;0;0;0;0;202531709;516967897;17.157
262144;33320;0;0;0;0;0;0;0;0;1982812;16112593;0.548
4194304;311379;0;0;0;0;0;0;0;0;78382414;211646370;7.232
4194304;287339;0;0;0;0;0;0;0;0;258222322;402008776;14.331
4194304;522368;0;0;0;0;0;0;0;0;526172201;784545147;26.595
262144;3876;0;0;0;0;0;0;0;0;209465;2184195;0.116
4194304;212457;0;0;0;0;0;0;0;0;118466817;225808729;8.154
262144;2394;0;0;0;0;0;0;0;0;78943;1409158;0.135
4194304;511650;0;0;0;0;0;0;0;0;144376884;362330512;13.450
1048576;4292;0;0;0;0;0;0;0;0;183854;3148693;0.260
4194304;870;0;0;0;0;0;0;0;0;114670;4823741;0.704
4194304;230462;0;0;0;0;0;0;0;0;140862546;257490442;9.037
4194304;36264;0;0;0;0;0;0;0;0;36755283;58897337;2.686
4194304;172720;0;0;0;0;0;0;0;0;3205508;78239503;3.315
262144;12;0;0;0;0;0;0;0;0;6310;292174;0.055
1048576;6120;0;0;0;0;0;0;0;0;479944;4359557;0.238
262144;15642;0;0;0;0;0;0;0;0;228993;6921339;0.270
1048576;27260;0;0;0;0;0;0;0;0;6078222;20033176;0.811
262144;14060;0;0;0;0;0;0;0;0;639936;6819272;0.285
1048576;4437;0;0;0;0;0;0;0;0;269266;3375922;0.202
1048576;170892;0;0;0;0;0;0;0;0;99160612;183815694;6.430
1048576;40495;0;0;0;0;0;0;0;0;2600186;20513968;0.783
1048576;91770;0;0;0;0;0;0;0;0;1367984;40078077;1.397
4194304;10440;0;0;0;0;0;0;0;0;1780468;11202422;4.743
4194304;558;0;0;0;0;0;0;0;0;151177;4775379;0.641
1048576;9900;0;0;0;0;0;0;0;0;535657;5962807;0.295
4194304;744772;0;0;0;0;0;0;0;0;582035058;929654392;33.555
262144;506;0;0;0;0;0;0;0;0;20081;610479;0.062
262144;62625;0;0;0;0;0;0;0;0;3053899;29122505;0.993
1048576;3120;0;0;0;0;0;0;0;0;267328;2842080;0.196
4194304;292220;0;0;0;0;0;0;0;0;290484453;437977835;16.123
262144;77710;0;0;0;0;0;0;0;0;2223755;34258217;1.154
4194304;771300;0;0;0;0;0;0;0;0;981836965;1349959406;47.437
1048576;1287;0;0;0;0;0;0;0;0;187698;1936055;0.196
262144;24408;0;0;0;0;0;0;0;0;480169;10789149;0.395
4194304;740259;0;0;0;0;0;0;0;0;228194932;540732802;19.003
4194304;1708718;0;0;0;0;0;0;0;0;331019033;1034912932;35.808
1048576;40068;0;0;0;0;0;0;0;0;12018852;30861426;1.147
4194304;15387;0;0;0;0;0;0;0;0;2233197;13401419;0.952
262144;11250;0;0;0;0;0;0;0;0;533279;5703291;0.229
262144;551;0;0;0;0;0;0;0;0;33605;606433;0.067
1048576;640;0;0;0;0;0;0;0;0;73195;1511233;0.147
4194304;37698;0;0;0;0;0;0;0;0;5931289;26824017;1.374
1048576;69088;0;0;0;0;0;0;0;0;4154035;33586314;1.218
1048576;29970;0;0;0;0;0;0;0;0;2567957;16408795;0.640
1048576;242064;0;0;0;0;0;0;0;0;46541356;151284403;5.465
4194304;109053;0;0;0;0;0;0;0;0;15721215;66762505;2.963
4194304;163721;0;0;0;0;0;0;0;0;68215068;142519963;5.036
1048576;173445;0;0;0;0;0;0;0;0;52797668;127832818;4.238
1048576;97850;0;0;0;0;0;0;0;0;19638759;62706916;2.120
4194304;9900;0;0;0;0;0;0;0;0;2431725;11640530;0.874
1048576;174932;0;0;0;0;0;0;0;0;48291303;127190233;4.301
4194304;204326;0;0;0;0;0;0;0;0;109529484;213519796;7.639
262144;2550;0;0;0;0;0;0;0;0;193446;1710807;0.102
1048576;16536;0;0;0;0;0;0;0;0;4084344;13271882;0.529
4194304;1316900;0;0;0;0;0;0;0;0;208916419;753153488;24.619
4194304;20580;0;0;0;0;0;0;0;0;4345725;18755683;1.109
4194304;281196;0;0;0;0;0;0;0;0;235125694;376062200;17.758
1048576;5964;0;0;0;0;0;0;0;0;731815;4798439;0.261
4194304;1191106;0;0;0;0;0;0;0;0;1439248309;2021002789;69.144
1048576;87150;0;0;0;0;0;0;0;0;11581780;49528630;1.703
1048576;9982;0;0;0;0;0;0;0;0;960414;6508792;0.376
262144;14473;0;0;0;0;0;0;0;0;653414;7014392;0.268
1048576;96906;0;0;0;0;0;0;0;0;46864729;93356267;3.134
4194304;101472;0;0;0;0;0;0;0;0;46557834;100404028;3.725
1048576;54536;0;0;0;0;0;0;0;0;1967953;25656826;0.927
4194304;473616;0;0;0;0;0;0;0;0;128876940;339836980;11.968
4194304;731120;0;0;0;0;0;0;0;0;280639269;592577055;20.375
262144;339;0;0;0;0;0;0;0;0;19108;498254;0.064
4194304;210080;0;0;0;0;0;0;0;0;61427753;158209642;5.509
262144;3136;0;0;0;0;0;0;0;0;222180;1967515;0.126
262144;5270;0;0;0;0;0;0;0;0;86566;2637274;0.128
262144;2632;0;0;0;0;0;0;0;0;210341;1688293;0.100
1048576;8808;0;0;0;0;0;0;0;0;475909;5414741;0.275
262144;17787;0;0;0;0;0;0;0;0;1046273;8925681;4.895
4194304;289536;0;0;0;0;0;0;0;0;205513156;351783808;12.092
262144;5020;0;0;0;0;0;0;0;0;457458;2967466;0.176
262144;33384;0;0;0;0;0;0;0;0;440953;14452193;0.552
262144;4104;0;0;0;0;0;0;0;0;255402;2434657;0.132
4194304;407320;0;0;0;0;0;0;0;0;354533396;555990166;18.246
4194304;1967;0;0;0;0;0;0;0;0;447287;5732547;0.654
1048576;7150;0;0;0;0;0;0;0;0;377080;4649213;0.263
1048576;11956;0;0;0;0;0;0;0;0;834595;7170324;0.343
4194304;81859;0;0;0;0;0;0;0;0;36516451;79513181;3.140
262144;16864;0;0;0;0;0;0;0;0;873111;8324757;0.305
1048576;27234;0;0;0;0;0;0;0;0;1237709;13833566;0.544
1048576;51968;0;0;0;0;0;0;0;0;3411350;26403522;0.926
4194304;32704;0;0;0;0;0;0;0;0;7525652;27789692;1.363
1048576;10863;0;0;0;0;0;0;0;0;641234;6474322;0.306
1048576;30780;0;0;0;0;0;0;0;0;926845;14651252;0.563
262144;4879;0;0;0;0;0;0;0;0;568155;3082882;0.147
4194304;52440;0;0;0;0;0;0;0;0;35891740;65989710;2.702
262144;3340;0;0;0;0;0;0;0;0;244347;2060016;0.109
4194304;132240;0;0;0;0;0;0;0;0;4285197;63030976;2.468
262144;6365;0;0;0;0;0;0;0;0;531727;3883722;0.167
262144;3780;0;0;0;0;0;0;0;0;156810;2078996;0.109
4194304;81088;0;0;0;0;0;0;0;0;25399024;66702616;2.637
262144;40768;0;0;0;0;0;0;0;0;749037;17802313;0.601
1048576;89712;0;0;0;0;0;0;0;0;4276372;42248277;1.436
4194304;1747291;0;0;0;0;0;0;0;0;638076653;1393465165;46.101
1048576;1717;0;0;0;0;0;0;0;0;40319;1858951;0.161
1048576;114120;0;0;0;0;0;0;0;0;27630131;77477759;2.626
1048576;344375;0;0;0;0;0;0;0;0;29196734;171611463;5.501
1048576;17700;0;0;0;0;0;0;0;0;1197461;10129795;0.419
1048576;15444;0;0;0;0;0;0;0;0;1318069;9367399;0.394
1048576;31886;0;0;0;0;0;0;0;0;1170488;15465562;0.586
262144;26384;0;0;0;0;0;0;0;0;1560656;13094455;0.467
1048576;67390;0;0;0;0;0;0;0;0;1890075;30616905;1.101
262144;13189;0;0;0;0;0;0;0;0;1057527;7093526;0.271
4194304;1018248;0;0;0;0;0;0;0;0;599184343;1056901507;35.263
262144;49470;0;0;0;0;0;0;0;0;778834;21322832;0.710
1048576;18126;0;0;0;0;0;0;0;0;2817589;12104710;0.553
262144;5642;0;0;0;0;0;0;0;0;437244;3266176;0.147
4194304;282200;0;0;0;0;0;0;0;0;152533868;289992055;10.050
1048576;12189;0;0;0;0;0;0;0;0;5338229;12046958;0.479
4194304;779025;0;0;0;0;0;0;0;0;131948680;460766805;15.449
4194304;48544;0;0;0;0;0;0;0;0;9012101;35227062;1.659
4194304;13740;0;0;0;0;0;0;0;0;3811427;14347578;0.909
1048576;47066;0;0;0;0;0;0;0;0;13063400;37050456;1.260
262144;1540;0;0;0;0;0;0;0;0;133594;1200062;0.087
1048576;43148;0;0;0;0;0;0;0;0;1827152;20881636;0.752
4194304;446055;0;0;0;0;0;0;0;0;73645817;263248556;9.080
4194304;263250;0;0;0;0;0;0;0;0;89498563;206913366;7.220
4194304;9460;0;0;0;0;0;0;0;0;1680970;10645702;0.820
4194304;743094;0;0;0;0;0;0;0;0;113567252;425885480;14.659
4194304;76832;0;0;0;0;0;0;0;0;41856919;83998517;4.339
4194304;36470;0;0;0;0;0;0;0;0;2889005;22670805;1.186
1048576;9080;0;0;0;0;0;0;0;0;843174;5880813;0.297
1048576;780;0;0;0;0;0;0;0;0;130563;1615267;0.148
1048576;115165;0;0;0;0;0;0;0;0;1903805;49728199;1.687
4194304;13416;0;0;0;0;0;0;0;0;2624720;13425831;0.883
262144;720;0;0;0;0;0;0;0;0;27853;660369;0.092
4194304;165640;0;0;0;0;0;0;0;0;19418408;93543914;4.018
1048576;223443;0;0;0;0;0;0;0;0;28809309;122436250;4.012
4194304;28072;0;0;0;0;0;0;0;0;10058447;26677849;1.389
262144;1353;0;0;0;0;0;0;0;0;76579;986595;0.081
1048576;560084;0;0;0;0;0;0;0;0;18326752;247564408;7.877
4194304;898452;0;0;0;0;0;0;0;0;323014790;700243561;23.555
4194304;3036;0;0;0;0;0;0;0;0;320431;6057449;0.663
4194304;148096;0;0;0;0;0;0;0;0;10135561;76126811;2.885
262144;43095;0;0;0;0;0;0;0;0;1301650;19452339;0.654
1048576;96390;0;0;0;0;0;0;0;0;14507577;56336448;1.892
4194304;141075;0;0;0;0;0;0;0;0;11126388;73373990;2.808
4194304;798572;0;0;0;0;0;0;0;0;813667164;1176086636;38.555
1048576;392;0;0;0;0;0;0;0;0;50138;1361620;0.146
4194304;2045518;0;0;0;0;0;0;0;0;222264071;1058925775;34.726
4194304;13910;0;0;0;0;0;0;0;0;3717582;14907866;0.969
1048576;90;0;0;0;0;0;0;0;0;10016;1129476;0.132
4194304;70800;0;0;0;0;0;0;0;0;22817536;61003308;2.503
4194304;191301;0;0;0;0;0;0;0;0;82846144;172509672;6.241
262144;6846;0;0;0;0;0;0;0;0;311964;3595264;0.193
262144;13728;0;0;0;0;0;0;0;0;733246;6904942;0.312
1048576;9225;0;0;0;0;0;0;0;0;3777255;9519673;0.457
4194304;452102;0;0;0;0;0;0;0;0;338344421;557766989;19.001
1048576;59976;0;0;0;0;0;0;0;0;6386196;32696698;1.129
1048576;852;0;0;0;0;0;0;0;0;67136;1594308;0.148
1048576;28875;0;0;0;0;0;0;0;0;652647;13523748;0.526
4194304;12420;0;0;0;0;0;0;0;0;2114438;12440856;0.915
4194304;667169;0;0;0;0;0;0;0;0;81478869;359624354;12.160
1048576;140616;0;0;0;0;0;0;0;0;48268812;110675573;4.273
1048576;13365;0;0;0;0;0;0;0;0;1602281;8655173;0.375
1048576;40120;0;0;0;0;0;0;0;0;1168611;18728216;0.751
4194304;968500;0;0;0;0;0;0;0;0;334203404;746163701;24.762
1048576;88242;0;0;0;0;0;0;0;0;18446413;59639195;2.039
1048576;16279;0;0;0;0;0;0;0;0;592302;8497016;0.400
1048576;6435;0;0;0;0;0;0;0;0;323893;4184966;0.265
1048576;330;0;0;0;0;0;0;0;0;38783;1341398;0.145
4194304;557500;0;0;0;0;0;0;0;0;505377211;767707554;26.131
1048576;120935;0;0;0;0;0;0;0;0;66250436;126882330;4.242
262144;124;0;0;0;0;0;0;0;0;13771;372047;0.064
1048576;7657;0;0;0;0;0;0;0;0;282087;4685982;0.261
4194304;25758;0;0;0;0;0;0;0;0;9486890;26528084;1.391
4194304;15732;0;0;0;0;0;0;0;0;3758841;15849055;1.297
262144;88410;0;0;0;0;0;0;0;0;3588690;40248422;2.095
1048576;24820;0;0;0;0;0;0;0;0;7142393;20020731;0.765
1048576;319125;0;0;0;0;0;0;0;0;5594776;136220673;4.382
1048576;11451;0;0;0;0;0;0;0;0;586391;6544743;0.305
1048576;98532;0;0;0;0;0;0;0;0;3812597;45391196;1.541
262144;921;0;0;0;0;0;0;0;0;71183;867657;0.075
4194304;1099280;0;0;0;0;0;0;0;0;687716948;1178161173;40.278
262144;14615;0;0;0;0;0;0;0;0;197141;6543610;0.264
4194304;997960;0;0;0;0;0;0;0;0;161379914;581548863;19.011
1048576;6517;0;0;0;0;0;0;0;0;782790;4917785;0.252
4194304;97614;0;0;0;0;0;0;0;0;2402087;46560787;1.976
4194304;470659;0;0;0;0;0;0;0;0;133008196;332227278;11.179
262144;44590;0;0;0;0;0;0;0;0;2356317;21206358;0.709
1048576;12600;0;0;0;0;0;0;0;0;1810881;8954852;0.393
1048576;42456;0;0;0;0;0;0;0;0;2364611;21225913;0.766
1048576;49036;0;0;0;0;0;0;0;0;22531212;47672780;1.701
4194304;7500;0;0;0;0;0;0;0;0;670048;8356323;0.821
262144;58156;0;0;0;0;0;0;0;0;801260;25106343;0.874
4194304;648900;0;0;0;0;0;0;0;0;722895056;1021339135;33.133
4194304;28182;0;0;0;0;0;0;0;0;4584272;21357270;1.232
1048576;25480;0;0;0;0;0;0;0;0;11255073;24963687;1.134
262144;9089;0;0;0;0;0;0;0;0;320057;4482645;0.190
262144;1305;0;0;0;0;0;0;0;0;63069;1016977;0.080
4194304;132405;0;0;0;0;0;0;0;0;20209330;80071876;3.085
1048576;16124;0;0;0;0;0;0;0;0;1450981;9471103;1.292
4194304;12673;0;0;0;0;0;0;0;0;5071390;15751048;0.956
1048576;7600;0;0;0;0;0;0;0;0;141006;4445632;0.239
262144;73365;0;0;0;0;0;0;0;0;3276072;33648755;1.125
1048576;1805;0;0;0;0;0;0;0;0;164505;2166457;0.168
1048576;6240;0;0;0;0;0;0;0;0;97932;3757786;0.230
4194304;161928;0;0;0;0;0;0;0;0;13727232;86336666;3.303
4194304;67200;0;0;0;0;0;0;0;0;13021123;46547895;1.989
4194304;16952;0;0;0;0;0;0;0;0;10515984;23336554;1.488
4194304;352843;0;0;0;0;0;0;0;0;271607342;445924254;15.400
1048576;21060;0;0;0;0;0;0;0;0;3653709;14534102;0.571
1048576;24676;0;0;0;0;0;0;0;0;2576412;14087910;4.475
1048576;52060;0;0;0;0;0;0;0;0;2836184;25531934;0.951
4194304;188726;0;0;0;0;0;0;0;0;101469361;192031861;6.694
1048576;29160;0;0;0;0;0;0;0;0;2263317;15818209;0.614
262144;28613;0;0;0;0;0;0;0;0;1482883;13707659;0.485
1048576;114422;0;0;0;0;0;0;0;0;20496630;70350060;3.325
262144;13650;0;0;0;0;0;0;0;0;1701424;8206263;0.310
4194304;111276;0;0;0;0;0;0;0;0;64094314;123002368;4.546
1048576;156629;0;0;0;0;0;0;0;0;4724539;70049516;2.355
262144;35496;0;0;0;0;0;0;0;0;1446063;16411956;0.610
4194304;136206;0;0;0;0;0;0;0;0;74536707;145469977;5.288
1048576;2597;0;0;0;0;0;0;0;0;140608;2382906;0.181
4194304;69362;0;0;0;0;0;0;0;0;28961561;66476625;2.714
1048576;9394;0;0;0;0;0;0;0;0;1320607;6643206;0.350
262144;5335;0;0;0;0;0;0;0;0;90175;2625506;0.133
1048576;40139;0;0;0;0;0;0;0;0;2022341;19980072;0.755
262144;1066;0;0;0;0;0;0;0;0;67106;876540;0.075
262144;60144;0;0;0;0;0;0;0;0;2097727;27072179;1.164
4194304;3070;0;0;0;0;0;0;0;0;1555714;7555621;0.887
1048576;67275;0;0;0;0;0;0;0;0;21544877;53237151;1.817
262144;61824;0;0;0;0;0;0;0;0;929762;26722602;0.903
1048576;23310;0;0;0;0;0;0;0;0;961824;11916473;0.494
1048576;7110;0;0;0;0;0;0;0;0;851421;5455519;0.313
1048576;1235;0;0;0;0;0;0;0;0;114300;1769838;0.194
1048576;2634;0;0;0;0;0;0;0;0;102283;2426809;0.185
262144;1898;0;0;0;0;0;0;0;0;102710;1290620;0.088
4194304;3514;0;0;0;0;0;0;0;0;489955;6344289;0.684
1048576;272506;0;0;0;0;0;0;0;0;45924606;161380388;5.384
4194304;580419;0;0;0;0;0;0;0;0;77018947;323190161;10.760
1048576;7446;0;0;0;0;0;0;0;0;256509;4609516;0.253
1048576;20184;0;0;0;0;0;0;0;0;11145799;22262495;0.891
1048576;8478;0;0;0;0;0;0;0;0;1532127;6666942;0.314
262144;1416;0;0;0;0;0;0;0;0;28498;968500;0.074
262144;51072;0;0;0;0;0;0;0;0;3412546;24929659;0.872
4194304;385000;0;0;0;0;0;0;0;0;338163289;528150828;17.491
4194304;19118;0;0;0;0;0;0;0;0;3971238;17616994;1.065
1048576;42558;0;0;0;0;0;0;0;0;3180627;22429858;0.828
262144;273;0;0;0;0;0;0;0;0;17570;450108;1.553
262144;108100;0;0;0;0;0;0;0;0;2479925;46929973;1.520
1048576;15820;0;0;0;0;0;0;0;0;785487;8488855;0.819
262144;3906;0;0;0;0;0;0;0;0;124498;2138596;0.112
4194304;15250;0;0;0;0;0;0;0;0;6296460;18201990;5.467
1048576;7137;0;0;0;0;0;0;0;0;359826;4527870;0.256
1048576;33150;0;0;0;0;0;0;0;0;2357891;17569974;0.655
1048576;19071;0;0;0;0;0;0;0;0;1490842;10903593;0.475
1048576;35235;0;0;0;0;0;0;0;0;6420784;23983739;0.855
1048576;14490;0;0;0;0;0;0;0;0;4464862;12616112;0.495
4194304;754494;0;0;0;0;0;0;0;0;546695400;894149798;30.909
4194304;75680;0;0;0;0;0;0;0;0;49173671;89742616;3.525
262144;3910;0;0;0;0;0;0;0;0;177225;2215183;0.115
4194304;411894;0;0;0;0;0;0;0;0;84095488;261904333;8.856
1048576;4030;0;0;0;0;0;0;0;0;129065;3026603;0.257
1048576;53760;0;0;0;0;0;0;0;0;1089191;24362081;0.904
262144;32250;0;0;0;0;0;0;0;0;720623;14260780;0.503
4194304;1794390;0;0;0;0;0;0;0;0;1832392998;2648911774;85.576
4194304;348058;0;0;0;0;0;0;0;0;225680876;394506879;16.306
1048576;279423;0;0;0;0;0;0;0;0;122736686;248219583;8.599
4194304;236042;0;0;0;0;0;0;0;0;139123899;252136328;8.563
4194304;1039974;0;0;0;0;0;0;0;0;416230213;852247457;28.008
262144;15725;0;0;0;0;0;0;0;0;750078;7704835;0.294
4194304;106488;0;0;0;0;0;0;0;0;25888819;76765912;2.994
262144;15624;0;0;0;0;0;0;0;0;480169;7390206;0.281
4194304;49922;0;0;0;0;0;0;0;0;11332185;37764634;1.706
4194304;679066;0;0;0;0;0;0;0;0;184727167;470203420;16.021
4194304;116616;0;0;0;0;0;0;0;0;15244369;70515512;2.774
4194304;243520;0;0;0;0;0;0;0;0;161454542;284043277;10.220
262144;17760;0;0;0;0;0;0;0;0;1149339;8937703;0.329
4194304;24960;0;0;0;0;0;0;0;0;7202932;22749209;1.206
262144;6273;0;0;0;0;0;0;0;0;409612;3535829;0.157
1048576;17922;0;0;0;0;0;0;0;0;2710048;11995159;0.486
4194304;12710;0;0;0;0;0;0;0;0;3218544;13737018;0.972
1048576;46176;0;0;0;0;0;0;0;0;6418312;27582079;0.977
4194304;133728;0;0;0;0;0;0;0;0;12830120;72115764;2.814
1048576;161028;0;0;0;0;0;0;0;0;4949829;71712638;2.400
4194304;126477;0;0;0;0;0;0;0;0;76727929;141986395;5.265
4194304;1540416;0;0;0;0;0;0;0;0;359033837;995794179;32.976
1048576;9576;0;0;0;0;0;0;0;0;672239;6083518;0.293
1048576;4860;0;0;0;0;0;0;0;0;429500;3800420;0.232
4194304;29000;0;0;0;0;0;0;0;0;2183813;18887643;1.068
262144;18309;0;0;0;0;0;0;0;0;660295;8631254;0.316
262144;9339;0;0;0;0;0;0;0;0;270125;4472896;0.186
1048576;62920;0;0;0;0;0;0;0;0;5358978;32915323;2.177
262144;1695;0;0;0;0;0;0;0;0;150957;1275338;0.085
1048576;2070;0;0;0;0;0;0;0;0;271779;2372713;0.169
262144;336;0;0;0;0;0;0;0;0;42035;533450;0.064
1048576;9400;0;0;0;0;0;0;0;0;198326;5263827;0.354
1048576;4978;0;0;0;0;0;0;0;0;334876;3603784;0.255
1048576;3094;0;0;0;0;0;0;0;0;404380;3025918;0.211
4194304;128681;0;0;0;0;0;0;0;0;39644329;102753871;3.792
1048576;46224;0;0;0;0;0;0;0;0;14845506;38577004;1.403
262144;2520;0;0;0;0;0;0;0;0;81964;1512292;0.103
4194304;5190;0;0;0;0;0;0;0;0;1210417;8099131;0.767
4194304;1758120;0;0;0;0;0;0;0;0;610898086;1331532428;47.171
4194304;97083;0;0;0;0;0;0;0;0;31667815;81007247;3.470
1048576;170655;0;0;0;0;0;0;0;0;9936404;81180111;2.669
4194304;7544;0;0;0;0;0;0;0;0;1477825;9478065;0.804
4194304;364255;0;0;0;0;0;0;0;0;137877895;306777611;10.997
4194304;72432;0;0;0;0;0;0;0;0;10365734;47156808;4.470
4194304;49385;0;0;0;0;0;0;0;0;28481326;57049922;2.403
4194304;26384;0;0;0;0;0;0;0;0;749369;16329064;1.000
4194304;119658;0;0;0;0;0;0;0;0;35615387;92070090;3.399
262144;23532;0;0;0;0;0;0;0;0;633634;10587063;0.380
4194304;513467;0;0;0;0;0;0;0;0;402322909;647292699;22.186
1048576;3321;0;0;0;0;0;0;0;0;523247;3288307;0.215
1048576;59128;0;0;0;0;0;0;0;0;9542744;37691375;1.307
4194304;449480;0;0;0;0;0;0;0;0;65788965;255607914;8.572
262144;11340;0;0;0;0;0;0;0;0;894733;6160741;0.402
1048576;34571;0;0;0;0;0;0;0;0;3430077;19740858;0.716
4194304;297360;0;0;0;0;0;0;0;0;258272845;407732603;13.687
1048576;38804;0;0;0;0;0;0;0;0;6157133;24726004;0.888
262144;798;0;0;0;0;0;0;0;0;72626;773233;0.072
4194304;762256;0;0;0;0;0;0;0;0;88414812;406003481;14.272
1048576;13493;0;0;0;0;0;0;0;0;1578410;8752492;0.447
1048576;306848;0;0;0;0;0;0;0;0;13302668;139440114;4.600
4194304;325872;0;0;0;0;0;0;0;0;35007262;172921790;6.230
4194304;146382;0;0;0;0;0;0;0;0;44142744;113258615;4.342
4194304;454096;0;0;0;0;0;0;0;0;94978114;287884744;11.391
4194304;1028920;0;0;0;0;0;0;0;0;728258638;1186211506;40.762
4194304;112819;0;0;0;0;0;0;0;0;45529236;99807046;4.506
1048576;3432;0;0;0;0;0;0;0;0;80711;2684657;0.221
4194304;120479;0;0;0;0;0;0;0;0;45378179;103703011;7.826
4194304;14892;0;0;0;0;0;0;0;0;3844363;15270323;1.043
1048576;57564;0;0;0;0;0;0;0;0;4104831;29516962;1.095
262144;1937;0;0;0;0;0;0;0;0;65345;1233547;0.088
4194304;172144;0;0;0;0;0;0;0;0;67996925;149636323;5.742
4194304;332559;0;0;0;0;0;0;0;0;248578177;415620501;14.192
4194304;985377;0;0;0;0;0;0;0;0;831544098;1275128624;44.103
262144;15012;0;0;0;0;0;0;0;0;612163;7148130;0.279
1048576;4500;0;0;0;0;0;0;0;0;1284514;4728164;0.267
4194304;40296;0;0;0;0;0;0;0;0;16820054;41067240;1.849
1048576;38325;0;0;0;0;0;0;0;0;4634496;22014346;0.819
4194304;1028673;0;0;0;0;0;0;0;0;184307959;617382244;20.701
262144;380;0;0;0;0;0;0;0;0;14350;531926;0.064
1048576;235279;0;0;0;0;0;0;0;0;125545275;236685639;7.916
262144;111;0;0;0;0;0;0;0;0;13922;362794;0.102
262144;3648;0;0;0;0;0;0;0;0;226735;2160753;0.117
1048576;299088;0;0;0;0;0;0;0;0;11095535;134246583;4.429
262144;1280;0;0;0;0;0;0;0;0;101905;1042179;0.080
4194304;71198;0;0;0;0;0;0;0;0;18844889;54408245;2.312
262144;70499;0;0;0;0;0;0;0;0;2058153;31083797;1.048
4194304;517590;0;0;0;0;0;0;0;0;397627105;640826427;22.435
4194304;25256;0;0;0;0;0;0;0;0;12813918;29326495;1.690
1048576;18270;0;0;0;0;0;0;0;0;684717;9440396;0.447
4194304;194706;0;0;0;0;0;0;0;0;43493377;129480088;4.886
4194304;46978;0;0;0;0;0;0;0;0;14596928;40751036;1.986
4194304;219030;0;0;0;0;0;0;0;0;139663193;245103231;8.948
4194304;632307;0;0;0;0;0;0;0;0;215189481;486462379;17.143
4194304;33418;0;0;0;0;0;0;0;0;15837664;36085564;1.674
262144;22601;0;0;0;0;0;0;0;0;853614;10529429;0.377
262144;13673;0;0;0;0;0;0;0;0;1138661;7445040;0.285
1048576;31626;0;0;0;0;0;0;0;0;839871;15091305;0.611
1048576;172207;0;0;0;0;0;0;0;0;9466555;81236511;6.205
1048576;2544;0;0;0;0;0;0;0;0;146071;2449231;0.206
1048576;116379;0;0;0;0;0;0;0;0;16159000;67846660;2.289
1048576;451168;0;0;0;0;0;0;0;0;158389075;360197251;12.106
1048576;4823;0;0;0;0;0;0;0;0;232208;3434269;0.214
4194304;191149;0;0;0;0;0;0;0;0;49492955;137535536;5.281
4194304;249824;0;0;0;0;0;0;0;0;128838396;251612742;13.551
262144;25670;0;0;0;0;0;0;0;0;3575943;15115671;0.529
4194304;44541;0;0;0;0;0;0;0;0;21913165;46739393;2.083
1048576;8190;0;0;0;0;0;0;0;0;1125329;6245835;0.301
1048576;2544;0;0;0;0;0;0;0;0;200890;2533860;0.197
1048576;7392;0;0;0;0;0;0;0;0;114807;4248065;0.262
1048576;14664;0;0;0;0;0;0;0;0;5729032;14172169;0.579
262144;864;0;0;0;0;0;0;0;0;30080;754225;0.071
1048576;37386;0;0;0;0;0;0;0;0;2372417;19032704;0.713
4194304;117400;0;0;0;0;0;0;0;0;10267692;64029138;2.516
4194304;67280;0;0;0;0;0;0;0;0;1858524;33466141;1.511
1048576;413802;0;0;0;0;0;0;0;0;58192372;229684169;7.451
4194304;81906;0;0;0;0;0;0;0;0;31042518;73241728;2.957
1048576;2952;0;0;0;0;0;0;0;0;495385;2987143;0.208
1048576;1938;0;0;0;0;0;0;0;0;177148;2198870;0.222
4194304;322156;0;0;0;0;0;0;0;0;37281746;175649995;6.131
1048576;157440;0;0;0;0;0;0;0;0;5618821;70815842;2.356
1048576;39083;0;0;0;0;0;0;0;0;2175771;19604922;0.750
262144;15029;0;0;0;0;0;0;0;0;654694;7348133;0.278
1048576;410;0;0;0;0;0;0;0;0;23335;1343098;0.182
1048576;1110;0;0;0;0;0;0;0;0;57727;1675026;0.209
4194304;18788;0;0;0;0;0;0;0;0;2593524;15486353;1.121
262144;2706;0;0;0;0;0;0;0;0;90175;1581871;0.108
4194304;14245;0;0;0;0;0;0;0;0;1791285;12460408;0.909
262144;6042;0;0;0;0;0;0;0;0;261148;3189902;0.158
4194304;22876;0;0;0;0;0;0;0;0;5734428;20778339;1.163
262144;10318;0;0;0;0;0;0;0;0;635589;5315282;0.216
262144;12348;0;0;0;0;0;0;0;0;455784;6057910;0.235
4194304;1324785;0;0;0;0;0;0;0;0;54126156;601835968;19.312
1048576;224775;0;0;0;0;0;0;0;0;20019822;113560304;3.689
262144;56914;0;0;0;0;0;0;0;0;995165;24488946;0.808
1048576;168795;0;0;0;0;0;0;0;0;6540879;76454715;2.523
1048576;12450;0;0;0;0;0;0;0;0;544872;6978157;0.349
4194304;135093;0;0;0;0;0;0;0;0;50737508;113624362;5.144
1048576;126420;0;0;0;0;0;0;0;0;28088093;85901324;2.910
4194304;709264;0;0;0;0;0;0;0;0;555053257;891522376;31.103
4194304;2667;0;0;0;0;0;0;0;0;342934;5924794;0.654
262144;13104;0;0;0;0;0;0;0;0;625813;6603343;0.254
262144;41001;0;0;0;0;0;0;0;0;1686596;19048182;0.644
262144;11174;0;0;0;0;0;0;0;0;893298;6013217;0.240
4194304;485024;0;0;0;0;0;0;0;0;443497071;684418155;22.529
1048576;40425;0;0;0;0;0;0;0;0;1319305;19112846;0.724
1048576;92637;0;0;0;0;0;0;0;0;5368330;44597515;1.528
4194304;38318;0;0;0;0;0;0;0;0;6229909;26609949;1.335
4194304;5260;0;0;0;0;0;0;0;0;6089260;13371830;0.938
4194304;38148;0;0;0;0;0;0;0;0;4790743;26326283;1.389
1048576;38080;0;0;0;0;0;0;0;0;2959707;20271887;0.736
1048576;27590;0;0;0;0;0;0;0;0;735484;13222193;0.613
4194304;3240;0;0;0;0;0;0;0;0;342968;6180606;0.823
4194304;11061;0;0;0;0;0;0;0;0;6133325;15933925;1.118
4194304;463252;0;0;0;0;0;0;0;0;34923710;230267395;7.781
4194304;14910;0;0;0;0;0;0;0;0;2299735;13903281;1.040
262144;36031;0;0;0;0;0;0;0;0;1337757;16534294;0.593
1048576;215208;0;0;0;0;0;0;0;0;29918373;119438501;4.110
262144;9516;0;0;0;0;0;0;0;0;411195;4833947;0.199
1048576;792;0;0;0;0;0;0;0;0;56773;1543355;0.147
4194304;1568928;0;0;0;0;0;0;0;0;1232492318;1920972093;66.650
1048576;31892;0;0;0;0;0;0;0;0;6282904;21993884;0.833
262144;33604;0;0;0;0;0;0;0;0;1097633;15276599;0.636
1048576;99710;0;0;0;0;0;0;0;0;5638212;47937608;1.625
1048576;51863;0;0;0;0;0;0;0;0;4239727;27192471;0.970
262144;2479;0;0;0;0;0;0;0;0;54120;1395131;0.094
1048576;85985;0;0;0;0;0;0;0;0;2801281;39646571;1.361
1048576;175462;0;0;0;0;0;0;0;0;17668676;91091128;3.022
262144;39032;0;0;0;0;0;0;0;0;2019973;18500231;0.627
262144;3813;0;0;0;0;0;0;0;0;307755;2337584;0.119
262144;2754;0;0;0;0;0;0;0;0;227075;1847362;0.107
262144;386;0;0;0;0;0;0;0;0;43752;589025;0.064
4194304;1541118;0;0;0;0;0;0;0;0;1384761910;2068914278;71.094
262144;5572;0;0;0;0;0;0;0;0;189612;2962359;0.138
262144;3310;0;0;0;0;0;0;0;0;415853;2265802;0.123
4194304;438730;0;0;0;0;0;0;0;0;93128009;281328355;9.726
1048576;235571;0;0;0;0;0;0;0;0;30787302;130137780;4.268
262144;6840;0;0;0;0;0;0;0;0;557837;3902955;0.170
1048576;1795;0;0;0;0;0;0;0;0;228966;2209737;0.173
1048576;16324;0;0;0;0;0;0;0;0;1012684;9196951;0.407
4194304;67704;0;0;0;0;0;0;0;0;9986380;44086496;1.908
4194304;5746;0;0;0;0;0;0;0;0;1001228;8084510;0.748
262144;1995;0;0;0;0;0;0;0;0;57538;1216291;0.084
1048576;4820;0;0;0;0;0;0;0;0;84650;3210484;0.217
262144;2646;0;0;0;0;0;0;0;0;106225;1586610;0.297
262144;8875;0;0;0;0;0;0;0;0;443466;4435290;0.257
4194304;51750;0;0;0;0;0;0;0;0;16470558;46212888;2.131
262144;16055;0;0;0;0;0;0;0;0;717794;7844444;0.323
1048576;18144;0;0;0;0;0;0;0;0;2942913;12077423;0.585
1048576;71269;0;0;0;0;0;0;0;0;2272772;32527581;1.175
262144;1575;0;0;0;0;0;0;0;0;99976;1152432;0.113
4194304;39468;0;0;0;0;0;0;0;0;13313986;36896602;1.861
1048576;33891;0;0;0;0;0;0;0;0;2990401;18332179;0.714
262144;702;0;0;0;0;0;0;0;0;51127;693683;0.074
1048576;41934;0;0;0;0;0;0;0;0;4578463;23665201;0.850
1048576;123630;0;0;0;0;0;0;0;0;58012727;117083717;4.002
4194304;368460;0;0;0;0;0;0;0;0;146223259;314086010;10.681
4194304;122408;0;0;0;0;0;0;0;0;94936166;156008894;5.279
4194304;20202;0;0;0;0;0;0;0;0;6892032;20704196;1.130
262144;133227;0;0;0;0;0;0;0;0;4162225;58782451;1.875
262144;16445;0;0;0;0;0;0;0;0;1967922;9320232;0.342
1048576;6617;0;0;0;0;0;0;0;0;1948197;6461859;0.302
4194304;18732;0;0;0;0;0;0;0;0;8059985;21658982;1.250
1048576;15345;0;0;0;0;0;0;0;0;1667021;9754303;0.410
1048576;24288;0;0;0;0;0;0;0;0;610911;11658722;0.476
1048576;17582;0;0;0;0;0;0;0;0;1606795;10348300;0.425
262144;64119;0;0;0;0;0;0;0;0;932926;27288451;1.865
262144;16692;0;0;0;0;0;0;0;0;1387080;9086183;0.333
1048576;62511;0;0;0;0;0;0;0;0;4758637;32503302;1.114
1048576;71475;0;0;0;0;0;0;0;0;30592024;65213500;2.109
1048576;1975;0;0;0;0;0;0;0;0;178526;2255864;0.171
4194304;99294;0;0;0;0;0;0;0;0;32879901;83815795;3.246
1048576;34732;0;0;0;0;0;0;0;0;6551872;22474952;4.494
1048576;137080;0;0;0;0;0;0;0;0;9498094;68079051;2.358
262144;282;0;0;0;0;0;0;0;0;20525;457864;0.060
1048576;4576;0;0;0;0;0;0;0;0;266845;3485207;0.207
4194304;374969;0;0;0;0;0;0;0;0;169782505;336460349;11.186
262144;109612;0;0;0;0;0;0;0;0;3583631;48721366;1.572
1048576;10530;0;0;0;0;0;0;0;0;864111;6572100;0.307
1048576;47294;0;0;0;0;0;0;0;0;23612630;47919224;4.362
1048576;43489;0;0;0;0;0;0;0;0;1701962;20819829;0.764
262144;26814;0;0;0;0;0;0;0;0;2478171;14087643;0.484
4194304;9100;0;0;0;0;0;0;0;0;4702993;13681971;4.553
262144;14319;0;0;0;0;0;0;0;0;529771;6916041;0.263
1048576;2260;0;0;0;0;0;0;0;0;203272;2352230;0.194
1048576;5700;0;0;0;0;0;0;0;0;1366151;5400904;0.266
4194304;34860;0;0;0;0;0;0;0;0;24024848;44672694;2.022
4194304;452994;0;0;0;0;0;0;0;0;53905139;247536764;8.877
1048576;87916;0;0;0;0;0;0;0;0;37823482;80752345;2.686
1048576;37840;0;0;0;0;0;0;0;0;3135463;20532099;0.770
4194304;378190;0;0;0;0;0;0;0;0;209731839;390363601;13.033
1048576;2880;0;0;0;0;0;0;0;0;742926;3352318;0.243
4194304;88572;0;0;0;0;0;0;0;0;27947766;74333660;2.946
1048576;234048;0;0;0;0;0;0;0;0;62122188;164765290;5.292
1048576;5720;0;0;0;0;0;0;0;0;995825;4988129;0.265
4194304;1102950;0;0;0;0;0;0;0;0;159914435;617961307;20.581
1048576;644;0;0;0;0;0;0;0;0;32158;1438853;0.178
1048576;686;0;0;0;0;0;0;0;0;36135;1461637;0.157
1048576;39990;0;0;0;0;0;0;0;0;3110911;21226573;0.764
4194304;17114;0;0;0;0;0;0;0;0;5332698;18131128;1.123
4194304;1231287;0;0;0;0;0;0;0;0;37430290;539572868;17.466
4194304;1296510;0;0;0;0;0;0;0;0;909259801;1509047787;51.950
4194304;104006;0;0;0;0;0;0;0;0;37401315;92062925;3.478
4194304;1061154;0;0;0;0;0;0;0;0;522999690;986769390;33.693
1048576;19950;0;0;0;0;0;0;0;0;3293544;13537132;0.542
4194304;244720;0;0;0;0;0;0;0;0;163209836;285895580;9.868
1048576;25992;0;0;0;0;0;0;0;0;5365100;18135729;0.696
1048576;16048;0;0;0;0;0;0;0;0;882185;8978398;0.393
4194304;608;0;0;0;0;0;0;0;0;47152;4584362;0.632
4194304;845607;0;0;0;0;0;0;0;0;347257649;719666425;23.974
1048576;68761;0;0;0;0;0;0;0;0;3045755;32450196;1.146
4194304;5775;0;0;0;0;0;0;0;0;831929;7938840;0.769
1048576;47814;0;0;0;0;0;0;0;0;3979087;25052786;0.909
4194304;1351;0;0;0;0;0;0;0;0;232019;5190094;0.625
4194304;113078;0;0;0;0;0;0;0;0;31158632;85678242;4.998
4194304;93940;0;0;0;0;0;0;0;0;18291521;63270434;2.583
4194304;418304;0;0;0;0;0;0;0;0;151581578;341624108;11.996
1048576;237922;0;0;0;0;0;0;0;0;5074173;102766831;3.902
262144;696;0;0;0;0;0;0;0;0;31044;656292;0.067
1048576;155348;0;0;0;0;0;0;0;0;24144335;92886706;3.072
4194304;688229;0;0;0;0;0;0;0;0;208304192;498732153;17.366
262144;4536;0;0;0;0;0;0;0;0;238943;2539075;0.129
1048576;7605;0;0;0;0;0;0;0;0;1617288;6494626;0.360
4194304;16928;0;0;0;0;0;0;0;0;4659941;17254975;1.298
262144;12600;0;0;0;0;0;0;0;0;271330;5796724;0.242
4194304;188300;0;0;0;0;0;0;0;0;21376526;105841564;4.003
262144;4270;0;0;0;0;0;0;0;0;275122;2503579;0.135
1048576;952;0;0;0;0;0;0;0;0;100032;1663398;0.146
1048576;39330;0;0;0;0;0;0;0;0;6344516;24870344;0.895
4194304;15004;0;0;0;0;0;0;0;0;4585594;16367624;1.044
1048576;19968;0;0;0;0;0;0;0;0;1385996;11172666;0.451
4194304;366960;0;0;0;0;0;0;0;0;10373828;164230813;5.591
4194304;35964;0;0;0;0;0;0;0;0;7235988;28220772;1.357
4194304;332100;0;0;0;0;0;0;0;0;33805581;175158734;6.033
1048576;64070;0;0;0;0;0;0;0;0;1612735;29125639;1.014
4194304;87675;0;0;0;0;0;0;0;0;12158038;53254823;2.207
1048576;4342;0;0;0;0;0;0;0;0;857010;4141552;4.091
1048576;12825;0;0;0;0;0;0;0;0;1449656;8210951;0.360
262144;99;0;0;0;0;0;0;0;0;10137;344754;0.107
1048576;35280;0;0;0;0;0;0;0;0;10617066;28885252;1.028
4194304;855342;0;0;0;0;0;0;0;0;171413251;525051683;17.947
1048576;71680;0;0;0;0;0;0;0;0;15462759;46985911;1.612
262144;4676;0;0;0;0;0;0;0;0;175175;2509998;0.124
262144;280;0;0;0;0;0;0;0;0;12215;435995;0.058
1048576;194650;0;0;0;0;0;0;0;0;12151049;93212111;3.008
1048576;117348;0;0;0;0;0;0;0;0;12508356;64150117;2.143
1048576;8375;0;0;0;0;0;0;0;0;985276;6016576;0.604
4194304;1130868;0;0;0;0;0;0;0;0;221887479;689808407;22.671
1048576;2835;0;0;0;0;0;0;0;0;214477;2645893;0.185
4194304;7176;0;0;0;0;0;0;0;0;1029040;8836982;0.819
262144;4136;0;0;0;0;0;0;0;0;210470;2278220;0.118
262144;33456;0;0;0;0;0;0;0;0;1854639;16087678;0.550
262144;7455;0;0;0;0;0;0;0;0;578934;4054703;0.172
4194304;65988;0;0;0;0;0;0;0;0;14355257;48051225;2.042
1048576;44744;0;0;0;0;0;0;0;0;3515002;23542408;0.841
4194304;20520;0;0;0;0;0;0;0;0;2522118;15852497;1.037
1048576;17616;0;0;0;0;0;0;0;0;1468960;10034122;0.434
1048576;76167;0;0;0;0;0;0;0;0;9451837;43018358;1.445
1048576;10268;0;0;0;0;0;0;0;0;461762;5935251;1.158
1048576;2196;0;0;0;0;0;0;0;0;448244;2703528;0.186
1048576;68085;0;0;0;0;0;0;0;0;20330502;54697462;2.850
4194304;14616;0;0;0;0;0;0;0;0;1913491;12735084;2.860
4194304;306089;0;0;0;0;0;0;0;0;117001880;250995169;8.605
262144;7380;0;0;0;0;0;0;0;0;185266;3557343;0.159
262144;966;0;0;0;0;0;0;0;0;50307;789746;0.086
4194304;19096;0;0;0;0;0;0;0;0;4324973;17982987;1.093
1048576;6222;0;0;0;0;0;0;0;0;354043;4189865;0.247
4194304;105009;0;0;0;0;0;0;0;0;1324148;48650499;2.537
262144;414;0;0;0;0;0;0;0;0;23948;544223;0.060
1048576;199836;0;0;0;0;0;0;0;0;24728258;109064723;3.771
4194304;55890;0;0;0;0;0;0;0;0;14300166;45731472;1.977
1048576;5202;0;0;0;0;0;0;0;0;561888;4140623;0.236
1048576;2215;0;0;0;0;0;0;0;0;161723;2362404;0.185
4194304;9384;0;0;0;0;0;0;0;0;2224712;11025220;0.816
1048576;134274;0;0;0;0;0;0;0;0;61142066;126787914;4.043
1048576;420;0;0;0;0;0;0;0;0;31749;1332651;0.138
4194304;135513;0;0;0;0;0;0;0;0;17350998;79075510;2.984
262144;30495;0;0;0;0;0;0;0;0;606305;13475599;0.464
1048576;49724;0;0;0;0;0;0;0;0;11906853;36624192;1.568
1048576;372480;0;0;0;0;0;0;0;0;98106951;255799822;8.718
1048576;10856;0;0;0;0;0;0;0;0;1208675;7290452;0.368
4194304;82917;0;0;0;0;0;0;0;0;8617786;48181238;2.018
262144;1254;0;0;0;0;0;0;0;0;57314;955051;0.161
1048576;120888;0;0;0;0;0;0;0;0;8797497;59550806;2.007
262144;3240;0;0;0;0;0;0;0;0;189087;1910100;0.105
4194304;1129524;0;0;0;0;0;0;0;0;284017188;756167242;25.155
4194304;234918;0;0;0;0;0;0;0;0;83492125;191959253;6.757
4194304;304158;0;0;0;0;0;0;0;0;217248506;369706744;13.130
1048576;27360;0;0;0;0;0;0;0;0;7414706;21886882;0.809
4194304;165501;0;0;0;0;0;0;0;0;75754784;160874070;6.206
262144;9540;0;0;0;0;0;0;0;0;743817;5189674;0.210
4194304;91180;0;0;0;0;0;0;0;0;59107015;106650749;7.654
262144;2904;0;0;0;0;0;0;0;0;151081;1806463;0.102
262144;2580;0;0;0;0;0;0;0;0;120515;1578866;0.096
262144;2950;0;0;0;0;0;0;0;0;88272;1620135;0.099
262144;254;0;0;0;0;0;0;0;0;19602;471454;0.079
1048576;342372;0;0;0;0;0;0;0;0;16813257;156825822;5.018
262144;14410;0;0;0;0;0;0;0;0;330796;6629610;0.254
1048576;2652;0;0;0;0;0;0;0;0;234292;2577102;0.188
1048576;176694;0;0;0;0;0;0;0;0;38600943;114368520;3.865
262144;18426;0;0;0;0;0;0;0;0;572289;8556762;0.316
262144;28640;0;0;0;0;0;0;0;0;1276771;13488171;0.470
1048576;42228;0;0;0;0;0;0;0;0;2755793;21835685;0.815
262144;963;0;0;0;0;0;0;0;0;19271;739693;0.071
1048576;129690;0;0;0;0;0;0;0;0;69643312;132708996;4.603
1048576;12905;0;0;0;0;0;0;0;0;2761606;10183814;0.425
4194304;2570027;0;0;0;0;0;0;0;0;252347822;1305791047;41.871
1048576;179200;0;0;0;0;0;0;0;0;12023813;87085869;2.897
1048576;50430;0;0;0;0;0;0;0;0;1196083;23003050;0.826
1048576;35256;0;0;0;0;0;0;0;0;10395777;28603289;1.009
1048576;31450;0;0;0;0;0;0;0;0;989223;15177289;0.619
4194304;778592;0;0;0;0;0;0;0;0;502264809;848267271;28.234
4194304;296212;0;0;0;0;0;0;0;0;217255290;361732840;12.185
4194304;159544;0;0;0;0;0;0;0;0;142633240;222802581;8.699
4194304;7395;0;0;0;0;0;0;0;0;1105538;9029100;0.807
