4194304;2228832;0;0;0;5051;0;0;0;0;0;0;1.545
1048576;23491;0;0;0;5051;0;0;0;0;0;0;0.175
4194304;48484;0;0;0;5051;0;0;0;0;0;0;0.706
1048576;165600;0;0;0;5051;0;0;0;0;0;0;0.214
1048576;20400;0;0;0;5051;0;0;0;0;0;0;0.156
1048576;71958;0;0;0;5051;0;0;0;0;0;0;0.214
1048576;33756;0;0;0;5051;0;0;0;0;0;0;0.142
1048576;9222;0;0;0;5051;0;0;0;0;0;0;0.148
4194304;522318;0;0;0;5051;0;0;0;0;0;0;3.016
4194304;195274;0;0;0;5051;0;0;0;0;0;0;1.626
4194304;489064;0;0;0;5051;0;0;0;0;0;0;1.310
1048576;275870;0;0;0;5051;0;0;0;0;0;0;0.437
1048576;26316;0;0;0;5051;0;0;0;0;0;0;0.198
1048576;960;0;0;0;5051;0;0;0;0;0;0;0.138
4194304;179354;0;0;0;5051;0;0;0;0;0;0;1.581
4194304;606800;0;0;0;5051;0;0;0;0;0;0;2.658
4194304;326874;0;0;0;5051;0;0;0;0;0;0;3.026
262144;2323;0;0;0;5051;0;0;0;0;0;0;0.062
4194304;671460;0;0;0;5051;0;0;0;0;0;0;0.975
4194304;675282;0;0;0;5051;0;0;0;0;0;0;3.953
4194304;1143818;0;0;0;5051;0;0;0;0;0;0;6.211
262144;39861;0;0;0;5051;0;0;0;0;0;0;0.111
4194304;274160;0;0;0;5051;0;0;0;0;0;0;0.688
262144;6042;0;0;0;5051;0;0;0;0;0;0;0.076
1048576;258612;0;0;0;5051;0;0;0;0;0;0;0.403
4194304;75116;0;0;0;5051;0;0;0;0;0;0;1.213
1048576;1170;0;0;0;5051;0;0;0;0;0;0;0.145
262144;5800;0;0;0;5051;0;0;0;0;0;0;0.073
4194304;11826;0;0;0;5051;0;0;0;0;0;0;0.658
1048576;54864;0;0;0;5051;0;0;0;0;0;0;0.181
4194304;407316;0;0;0;5051;0;0;0;0;0;0;2.603
1048576;96492;0;0;0;5051;0;0;0;0;0;0;0.936
4194304;1891;0;0;0;5051;0;0;0;0;0;0;0.583
1048576;203490;0;0;0;5051;0;0;0;0;0;0;0.161
4194304;192000;0;0;0;5051;0;0;0;0;0;0;1.259
1048576;99300;0;0;0;5051;0;0;0;0;0;0;0.273
4194304;1585397;0;0;0;5051;0;0;0;0;0;0;2.255
4194304;15447;0;0;0;5051;0;0;0;0;0;0;0.753
1048576;188887;0;0;0;5051;0;0;0;0;0;0;1.098
1048576;13230;0;0;0;5051;0;0;0;0;0;0;0.208
4194304;260496;0;0;0;5051;0;0;0;0;0;0;2.719
1048576;32616;0;0;0;5051;0;0;0;0;0;0;0.187
262144;3796;0;0;0;5051;0;0;0;0;0;0;0.062
4194304;1524;0;0;0;5051;0;0;0;0;0;0;0.653
1048576;3620;0;0;0;5051;0;0;0;0;0;0;0.140
4194304;3515;0;0;0;5051;0;0;0;0;0;0;0.626
1048576;170502;0;0;0;5051;0;0;0;0;0;0;0.210
4194304;770568;0;0;0;5051;0;0;0;0;0;0;5.341
4194304;32680;0;0;0;5051;0;0;0;0;0;0;0.723
4194304;676782;0;0;0;5051;0;0;0;0;0;0;1.133
4194304;573556;0;0;0;5051;0;0;0;0;0;0;4.617
4194304;505804;0;0;0;5051;0;0;0;0;0;0;1.139
1048576;2325;0;0;0;5051;0;0;0;0;0;0;0.146
1048576;5474;0;0;0;5051;0;0;0;0;0;0;0.149
4194304;8080;0;0;0;5051;0;0;0;0;0;0;0.704
1048576;31406;0;0;0;5051;0;0;0;0;0;0;0.168
4194304;607974;0;0;0;5051;0;0;0;0;0;0;1.139
4194304;1013725;0;0;0;5051;0;0;0;0;0;0;1.849
4194304;412920;0;0;0;5051;0;0;0;0;0;0;0.889
4194304;13662;0;0;0;5051;0;0;0;0;0;0;0.683
4194304;50347;0;0;0;5051;0;0;0;0;0;0;1.028
1048576;39574;0;0;0;5051;0;0;0;0;0;0;0.187
1048576;132219;0;0;0;5051;0;0;0;0;0;0;0.290
1048576;44764;0;0;0;5051;0;0;0;0;0;0;0.171
262144;13416;0;0;0;5051;0;0;0;0;0;0;0.086
1048576;3018;0;0;0;5051;0;0;0;0;0;0;0.162
262144;12444;0;0;0;5051;0;0;0;0;0;0;0.071
4194304;18318;0;0;0;5051;0;0;0;0;0;0;0.762
1048576;242022;0;0;0;5051;0;0;0;0;0;0;0.214
1048576;89856;0;0;0;5051;0;0;0;0;0;0;0.200
262144;190;0;0;0;5051;0;0;0;0;0;0;0.160
262144;3744;0;0;0;5051;0;0;0;0;0;0;0.060
1048576;63504;0;0;0;5051;0;0;0;0;0;0;0.166
1048576;80919;0;0;0;5051;0;0;0;0;0;0;0.268
4194304;3404;0;0;0;5051;0;0;0;0;0;0;0.601
1048576;16166;0;0;0;5051;0;0;0;0;0;0;0.241
4194304;2865;0;0;0;5051;0;0;0;0;0;0;0.661
1048576;236874;0;0;0;5051;0;0;0;0;0;0;0.236
4194304;94557;0;0;0;5051;0;0;0;0;0;0;1.391
262144;29268;0;0;0;5051;0;0;0;0;0;0;0.087
4194304;1090;0;0;0;5051;0;0;0;0;0;0;0.626
4194304;579303;0;0;0;5051;0;0;0;0;0;0;1.270
1048576;102;0;0;0;5051;0;0;0;0;0;0;0.134
262144;23068;0;0;0;5051;0;0;0;0;0;0;0.104
4194304;14160;0;0;0;5051;0;0;0;0;0;0;0.727
262144;33282;0;0;0;5051;0;0;0;0;0;0;0.071
262144;357;0;0;0;5051;0;0;0;0;0;0;0.058
4194304;21024;0;0;0;5051;0;0;0;0;0;0;0.853
1048576;2838;0;0;0;5051;0;0;0;0;0;0;0.174
4194304;721256;0;0;0;5051;0;0;0;0;0;0;4.206
1048576;54500;0;0;0;5051;0;0;0;0;0;0;0.229
4194304;1088862;0;0;0;5051;0;0;0;0;0;0;1.072
4194304;7820;0;0;0;5051;0;0;0;0;0;0;0.689
4194304;76405;0;0;0;5051;0;0;0;0;0;0;0.764
262144;1113;0;0;0;5051;0;0;0;0;0;0;0.057
4194304;11453;0;0;0;5051;0;0;0;0;0;0;0.750
1048576;76812;0;0;0;5051;0;0;0;0;0;0;0.388
262144;176;0;0;0;5051;0;0;0;0;0;0;0.055
1048576;12342;0;0;0;5051;0;0;0;0;0;0;0.236
1048576;3976;0;0;0;5051;0;0;0;0;0;0;0.207
262144;1927;0;0;0;5051;0;0;0;0;0;0;0.060
4194304;42500;0;0;0;5051;0;0;0;0;0;0;0.951
262144;880;0;0;0;5051;0;0;0;0;0;0;0.060
4194304;3996;0;0;0;5051;0;0;0;0;0;0;0.644
262144;27192;0;0;0;5051;0;0;0;0;0;0;0.073
4194304;197725;0;0;0;5051;0;0;0;0;0;0;1.744
4194304;28482;0;0;0;5051;0;0;0;0;0;0;0.853
1048576;750;0;0;0;5051;0;0;0;0;0;0;0.130
262144;26532;0;0;0;5051;0;0;0;0;0;0;0.068
1048576;15975;0;0;0;5051;0;0;0;0;0;0;0.147
4194304;56886;0;0;0;5051;0;0;0;0;0;0;1.044
1048576;4860;0;0;0;5051;0;0;0;0;0;0;0.208
262144;16;0;0;0;5051;0;0;0;0;0;0;0.053
4194304;523305;0;0;0;5051;0;0;0;0;0;0;2.376
4194304;16107;0;0;0;5051;0;0;0;0;0;0;0.617
1048576;670;0;0;0;5051;0;0;0;0;0;0;0.133
1048576;40602;0;0;0;5051;0;0;0;0;0;0;0.351
1048576;14178;0;0;0;5051;0;0;0;0;0;0;0.169
1048576;77364;0;0;0;5051;0;0;0;0;0;0;0.209
262144;2226;0;0;0;5051;0;0;0;0;0;0;0.061
4194304;325;0;0;0;5051;0;0;0;0;0;0;0.624
1048576;78;0;0;0;5051;0;0;0;0;0;0;0.132
1048576;16149;0;0;0;5051;0;0;0;0;0;0;0.159
1048576;78204;0;0;0;5051;0;0;0;0;0;0;0.137
4194304;8340;0;0;0;5051;0;0;0;0;0;0;0.690
4194304;3755;0;0;0;5051;0;0;0;0;0;0;0.725
4194304;30090;0;0;0;5051;0;0;0;0;0;0;0.710
4194304;552000;0;0;0;5051;0;0;0;0;0;0;1.111
4194304;6210;0;0;0;5051;0;0;0;0;0;0;0.639
1048576;92552;0;0;0;5051;0;0;0;0;0;0;0.299
1048576;211888;0;0;0;5051;0;0;0;0;0;0;1.369
4194304;774459;0;0;0;5051;0;0;0;0;0;0;0.676
4194304;353467;0;0;0;5051;0;0;0;0;0;0;2.116
1048576;3312;0;0;0;5051;0;0;0;0;0;0;0.153
1048576;7956;0;0;0;5051;0;0;0;0;0;0;0.148
262144;70372;0;0;0;5051;0;0;0;0;0;0;0.061
4194304;79230;0;0;0;5051;0;0;0;0;0;0;0.721
4194304;34431;0;0;0;5051;0;0;0;0;0;0;0.599
1048576;376536;0;0;0;5051;0;0;0;0;0;0;1.703
262144;238;0;0;0;5051;0;0;0;0;0;0;0.056
1048576;4769;0;0;0;5051;0;0;0;0;0;0;0.143
4194304;7344;0;0;0;5051;0;0;0;0;0;0;0.708
4194304;303360;0;0;0;5051;0;0;0;0;0;0;3.094
4194304;12556;0;0;0;5051;0;0;0;0;0;0;0.717
1048576;298231;0;0;0;5051;0;0;0;0;0;0;1.368
262144;1099;0;0;0;5051;0;0;0;0;0;0;0.087
4194304;567420;0;0;0;5051;0;0;0;0;0;0;4.891
262144;17118;0;0;0;5051;0;0;0;0;0;0;0.087
1048576;33024;0;0;0;5051;0;0;0;0;0;0;0.186
1048576;492;0;0;0;5051;0;0;0;0;0;0;0.160
4194304;1176;0;0;0;5051;0;0;0;0;0;0;0.619
4194304;75358;0;0;0;5051;0;0;0;0;0;0;0.731
4194304;152520;0;0;0;5051;0;0;0;0;0;0;0.934
1048576;24381;0;0;0;5051;0;0;0;0;0;0;0.178
1048576;5496;0;0;0;5051;0;0;0;0;0;0;0.165
4194304;100510;0;0;0;5051;0;0;0;0;0;0;0.636
262144;13708;0;0;0;5051;0;0;0;0;0;0;0.057
4194304;321334;0;0;0;5051;0;0;0;0;0;0;1.346
4194304;72036;0;0;0;5051;0;0;0;0;0;0;1.235
4194304;220616;0;0;0;5051;0;0;0;0;0;0;1.333
1048576;57190;0;0;0;5051;0;0;0;0;0;0;0.330
4194304;18915;0;0;0;5051;0;0;0;0;0;0;0.748
1048576;31222;0;0;0;5051;0;0;0;0;0;0;0.392
4194304;2296046;0;0;0;5051;0;0;0;0;0;0;2.342
262144;144;0;0;0;5051;0;0;0;0;0;0;0.055
1048576;7056;0;0;0;5051;0;0;0;0;0;0;0.166
4194304;205156;0;0;0;5051;0;0;0;0;0;0;1.872
4194304;166358;0;0;0;5051;0;0;0;0;0;0;1.868
1048576;168223;0;0;0;5051;0;0;0;0;0;0;0.216
4194304;1560;0;0;0;5051;0;0;0;0;0;0;0.575
1048576;37904;0;0;0;5051;0;0;0;0;0;0;0.141
1048576;33152;0;0;0;5051;0;0;0;0;0;0;0.199
1048576;11139;0;0;0;5051;0;0;0;0;0;0;0.187
1048576;4800;0;0;0;5051;0;0;0;0;0;0;0.223
4194304;72644;0;0;0;5051;0;0;0;0;0;0;1.190
4194304;46128;0;0;0;5051;0;0;0;0;0;0;0.757
262144;3088;0;0;0;5051;0;0;0;0;0;0;0.084
4194304;29972;0;0;0;5051;0;0;0;0;0;0;0.828
4194304;76212;0;0;0;5051;0;0;0;0;0;0;1.008
4194304;212744;0;0;0;5051;0;0;0;0;0;0;2.305
4194304;366436;0;0;0;5051;0;0;0;0;0;0;2.018
4194304;250283;0;0;0;5051;0;0;0;0;0;0;2.524
262144;2310;0;0;0;5051;0;0;0;0;0;0;0.058
4194304;16611;0;0;0;5051;0;0;0;0;0;0;0.783
4194304;14064;0;0;0;5051;0;0;0;0;0;0;0.642
262144;46574;0;0;0;5051;0;0;0;0;0;0;0.062
1048576;2010;0;0;0;5051;0;0;0;0;0;0;0.137
4194304;24610;0;0;0;5051;0;0;0;0;0;0;0.795
262144;1152;0;0;0;5051;0;0;0;0;0;0;0.062
4194304;17655;0;0;0;5051;0;0;0;0;0;0;0.736
1048576;34362;0;0;0;5051;0;0;0;0;0;0;0.192
1048576;12320;0;0;0;5051;0;0;0;0;0;0;0.224
262144;15344;0;0;0;5051;0;0;0;0;0;0;0.065
4194304;125883;0;0;0;5051;0;0;0;0;0;0;1.003
4194304;6617;0;0;0;5051;0;0;0;0;0;0;0.724
4194304;11666;0;0;0;5052;0;0;0;0;0;0;0.892
262144;533;0;0;0;5051;0;0;0;0;0;0;0.072
1048576;74536;0;0;0;5051;0;0;0;0;0;0;0.218
4194304;33764;0;0;0;5051;0;0;0;0;0;0;0.686
1048576;86982;0;0;0;5051;0;0;0;0;0;0;0.170
4194304;458780;0;0;0;5051;0;0;0;0;0;0;1.529
262144;13031;0;0;0;5051;0;0;0;0;0;0;0.064
4194304;294174;0;0;0;5051;0;0;0;0;0;0;3.005
4194304;16812;0;0;0;5051;0;0;0;0;0;0;0.681
1048576;410;0;0;0;5051;0;0;0;0;0;0;0.138
1048576;161736;0;0;0;5051;0;0;0;0;0;0;0.183
262144;14430;0;0;0;5051;0;0;0;0;0;0;0.058
1048576;2915;0;0;0;5051;0;0;0;0;0;0;0.161
262144;210;0;0;0;5051;0;0;0;0;0;0;0.056
1048576;61803;0;0;0;5051;0;0;0;0;0;0;0.414
1048576;18720;0;0;0;5051;0;0;0;0;0;0;0.165
1048576;15957;0;0;0;5051;0;0;0;0;0;0;0.146
1048576;309504;0;0;0;5051;0;0;0;0;0;0;0.202
4194304;636;0;0;0;5051;0;0;0;0;0;0;0.623
4194304;76708;0;0;0;5051;0;0;0;0;0;0;0.863
1048576;180469;0;0;0;5051;0;0;0;0;0;0;0.208
1048576;275616;0;0;0;5051;0;0;0;0;0;0;0.403
262144;288;0;0;0;5051;0;0;0;0;0;0;0.057
4194304;739564;0;0;0;5051;0;0;0;0;0;0;2.377
4194304;153090;0;0;0;5051;0;0;0;0;0;0;1.279
4194304;296408;0;0;0;5051;0;0;0;0;0;0;1.075
1048576;12921;0;0;0;5051;0;0;0;0;0;0;0.160
4194304;15211;0;0;0;5051;0;0;0;0;0;0;0.720
4194304;19248;0;0;0;5051;0;0;0;0;0;0;0.716
1048576;11454;0;0;0;5051;0;0;0;0;0;0;0.152
1048576;14313;0;0;0;5051;0;0;0;0;0;0;0.155
1048576;1539;0;0;0;5051;0;0;0;0;0;0;0.142
1048576;1216;0;0;0;5051;0;0;0;0;0;0;0.168
1048576;17775;0;0;0;5051;0;0;0;0;0;0;0.174
1048576;32040;0;0;0;5051;0;0;0;0;0;0;0.175
4194304;19215;0;0;0;5051;0;0;0;0;0;0;0.717
4194304;303418;0;0;0;5051;0;0;0;0;0;0;1.412
262144;517;0;0;0;5051;0;0;0;0;0;0;0.060
1048576;1947;0;0;0;5051;0;0;0;0;0;0;0.136
1048576;6200;0;0;0;5051;0;0;0;0;0;0;0.165
1048576;180;0;0;0;5051;0;0;0;0;0;0;0.125
1048576;666;0;0;0;5051;0;0;0;0;0;0;0.139
262144;38896;0;0;0;5051;0;0;0;0;0;0;0.076
262144;22113;0;0;0;5051;0;0;0;0;0;0;0.083
262144;32384;0;0;0;5051;0;0;0;0;0;0;0.080
4194304;389500;0;0;0;5051;0;0;0;0;0;0;1.441
1048576;31154;0;0;0;5051;0;0;0;0;0;0;0.192
1048576;71070;0;0;0;5051;0;0;0;0;0;0;0.159
1048576;159960;0;0;0;5051;0;0;0;0;0;0;0.633
262144;732;0;0;0;5051;0;0;0;0;0;0;0.059
4194304;263580;0;0;0;5051;0;0;0;0;0;0;2.823
4194304;176640;0;0;0;5051;0;0;0;0;0;0;1.803
1048576;5775;0;0;0;5051;0;0;0;0;0;0;0.159
262144;3315;0;0;0;5051;0;0;0;0;0;0;0.057
1048576;310;0;0;0;5051;0;0;0;0;0;0;0.133
262144;29928;0;0;0;5051;0;0;0;0;0;0;0.079
4194304;237048;0;0;0;5051;0;0;0;0;0;0;2.269
4194304;8404;0;0;0;5051;0;0;0;0;0;0;0.705
1048576;239766;0;0;0;5051;0;0;0;0;0;0;0.505
4194304;41535;0;0;0;5051;0;0;0;0;0;0;0.710
4194304;172134;0;0;0;5051;0;0;0;0;0;0;1.173
4194304;106500;0;0;0;5051;0;0;0;0;0;0;1.275
262144;5430;0;0;0;5051;0;0;0;0;0;0;0.068
4194304;403233;0;0;0;5051;0;0;0;0;0;0;1.553
262144;22880;0;0;0;5051;0;0;0;0;0;0;0.097
4194304;219030;0;0;0;5051;0;0;0;0;0;0;1.649
262144;3900;0;0;0;5051;0;0;0;0;0;0;0.067
4194304;321000;0;0;0;5051;0;0;0;0;0;0;3.288
262144;1788;0;0;0;5051;0;0;0;0;0;0;0.063
1048576;34633;0;0;0;5051;0;0;0;0;0;0;0.284
1048576;36656;0;0;0;5051;0;0;0;0;0;0;0.470
1048576;546;0;0;0;5051;0;0;0;0;0;0;0.164
4194304;45360;0;0;0;5051;0;0;0;0;0;0;1.237
4194304;577060;0;0;0;5051;0;0;0;0;0;0;1.258
262144;9698;0;0;0;5051;0;0;0;0;0;0;0.068
1048576;1680;0;0;0;5051;0;0;0;0;0;0;0.155
4194304;79750;0;0;0;5051;0;0;0;0;0;0;0.830
262144;5580;0;0;0;5051;0;0;0;0;0;0;0.079
4194304;596232;0;0;0;5051;0;0;0;0;0;0;2.646
1048576;30189;0;0;0;5051;0;0;0;0;0;0;0.218
262144;4884;0;0;0;5051;0;0;0;0;0;0;0.110
1048576;7315;0;0;0;5051;0;0;0;0;0;0;0.152
1048576;65514;0;0;0;5051;0;0;0;0;0;0;0.188
4194304;64491;0;0;0;5051;0;0;0;0;0;0;1.144
1048576;145309;0;0;0;5051;0;0;0;0;0;0;0.159
4194304;213840;0;0;0;5051;0;0;0;0;0;0;1.962
1048576;239008;0;0;0;5051;0;0;0;0;0;0;0.166
1048576;205534;0;0;0;5051;0;0;0;0;0;0;0.210
4194304;2975;0;0;0;5051;0;0;0;0;0;0;0.617
1048576;2364;0;0;0;5051;0;0;0;0;0;0;0.150
1048576;9559;0;0;0;5051;0;0;0;0;0;0;0.143
1048576;81786;0;0;0;5051;0;0;0;0;0;0;0.173
1048576;147128;0;0;0;5051;0;0;0;0;0;0;0.224
1048576;301378;0;0;0;5051;0;0;0;0;0;0;0.179
4194304;1389993;0;0;0;5051;0;0;0;0;0;0;1.200
1048576;982;0;0;0;5051;0;0;0;0;0;0;0.132
1048576;366639;0;0;0;5051;0;0;0;0;0;0;0.152
262144;1554;0;0;0;5051;0;0;0;0;0;0;0.071
1048576;35259;0;0;0;5051;0;0;0;0;0;0;0.158
1048576;19880;0;0;0;5051;0;0;0;0;0;0;0.167
4194304;254880;0;0;0;5051;0;0;0;0;0;0;2.700
4194304;31496;0;0;0;5051;0;0;0;0;0;0;0.899
4194304;634788;0;0;0;5051;0;0;0;0;0;0;4.139
1048576;34884;0;0;0;5051;0;0;0;0;0;0;0.401
262144;23199;0;0;0;5051;0;0;0;0;0;0;0.066
1048576;2232;0;0;0;5051;0;0;0;0;0;0;0.142
1048576;4760;0;0;0;5051;0;0;0;0;0;0;0.155
262144;3315;0;0;0;5052;0;0;0;0;0;0;0.256
1048576;48438;0;0;0;5051;0;0;0;0;0;0;0.345
4194304;102604;0;0;0;5051;0;0;0;0;0;0;1.514
4194304;21868;0;0;0;5051;0;0;0;0;0;0;0.853
1048576;204;0;0;0;5051;0;0;0;0;0;0;0.137
1048576;24073;0;0;0;5051;0;0;0;0;0;0;0.131
4194304;648674;0;0;0;5051;0;0;0;0;0;0;2.314
4194304;577052;0;0;0;5051;0;0;0;0;0;0;1.355
1048576;16716;0;0;0;5051;0;0;0;0;0;0;0.283
1048576;49500;0;0;0;5051;0;0;0;0;0;0;0.252
4194304;101439;0;0;0;5051;0;0;0;0;0;0;0.994
262144;31108;0;0;0;5051;0;0;0;0;0;0;0.075
4194304;1607157;0;0;0;5051;0;0;0;0;0;0;0.942
4194304;4800;0;0;0;5051;0;0;0;0;0;0;0.688
4194304;351918;0;0;0;5051;0;0;0;0;0;0;1.114
4194304;132528;0;0;0;5051;0;0;0;0;0;0;1.237
262144;8280;0;0;0;5051;0;0;0;0;0;0;0.063
4194304;9360;0;0;0;5051;0;0;0;0;0;0;0.663
1048576;4932;0;0;0;5051;0;0;0;0;0;0;0.174
1048576;147;0;0;0;5051;0;0;0;0;0;0;0.131
4194304;191394;0;0;0;5051;0;0;0;0;0;0;2.239
4194304;13289;0;0;0;5051;0;0;0;0;0;0;0.718
1048576;108432;0;0;0;5051;0;0;0;0;0;0;0.345
4194304;298193;0;0;0;5051;0;0;0;0;0;0;2.055
1048576;1400;0;0;0;5051;0;0;0;0;0;0;0.140
262144;26600;0;0;0;5051;0;0;0;0;0;0;0.075
262144;18;0;0;0;5051;0;0;0;0;0;0;0.056
4194304;36660;0;0;0;5051;0;0;0;0;0;0;0.817
262144;1215;0;0;0;5051;0;0;0;0;0;0;0.094
262144;928;0;0;0;5051;0;0;0;0;0;0;0.060
4194304;249356;0;0;0;5051;0;0;0;0;0;0;2.691
1048576;2457;0;0;0;5051;0;0;0;0;0;0;0.145
262144;33920;0;0;0;5051;0;0;0;0;0;0;0.093
262144;1088;0;0;0;5051;0;0;0;0;0;0;0.065
262144;26160;0;0;0;5051;0;0;0;0;0;0;0.068
4194304;2142;0;0;0;5051;0;0;0;0;0;0;0.637
4194304;275258;0;0;0;5051;0;0;0;0;0;0;0.890
4194304;418050;0;0;0;5051;0;0;0;0;0;0;1.394
262144;32538;0;0;0;5051;0;0;0;0;0;0;0.067
1048576;73840;0;0;0;5051;0;0;0;0;0;0;0.187
262144;17776;0;0;0;5051;0;0;0;0;0;0;0.084
1048576;207298;0;0;0;5051;0;0;0;0;0;0;0.242
1048576;317512;0;0;0;5052;0;0;0;0;0;0;0.532
1048576;63595;0;0;0;5051;0;0;0;0;0;0;0.653
4194304;480705;0;0;0;5051;0;0;0;0;0;0;1.404
4194304;244416;0;0;0;5051;0;0;0;0;0;0;1.301
1048576;68440;0;0;0;5051;0;0;0;0;0;0;0.222
4194304;539350;0;0;0;5051;0;0;0;0;0;0;1.934
1048576;54675;0;0;0;5051;0;0;0;0;0;0;0.197
1048576;88800;0;0;0;5051;0;0;0;0;0;0;0.770
1048576;371717;0;0;0;5051;0;0;0;0;0;0;0.205
4194304;167480;0;0;0;5051;0;0;0;0;0;0;0.639
1048576;15696;0;0;0;5051;0;0;0;0;0;0;0.224
4194304;5055;0;0;0;5051;0;0;0;0;0;0;0.623
1048576;1068;0;0;0;5051;0;0;0;0;0;0;0.130
4194304;42186;0;0;0;5051;0;0;0;0;0;0;0.709
1048576;29388;0;0;0;5051;0;0;0;0;0;0;0.171
4194304;4625;0;0;0;5051;0;0;0;0;0;0;0.678
262144;3000;0;0;0;5051;0;0;0;0;0;0;0.061
4194304;134045;0;0;0;5051;0;0;0;0;0;0;1.734
262144;1768;0;0;0;5051;0;0;0;0;0;0;0.068
1048576;19667;0;0;0;5051;0;0;0;0;0;0;0.201
262144;23079;0;0;0;5051;0;0;0;0;0;0;0.064
4194304;59096;0;0;0;5051;0;0;0;0;0;0;0.967
1048576;23147;0;0;0;5051;0;0;0;0;0;0;0.138
4194304;63339;0;0;0;5051;0;0;0;0;0;0;1.001
1048576;16060;0;0;0;5051;0;0;0;0;0;0;0.163
1048576;10664;0;0;0;5051;0;0;0;0;0;0;0.153
1048576;89040;0;0;0;5051;0;0;0;0;0;0;0.174
1048576;45262;0;0;0;5051;0;0;0;0;0;0;0.278
262144;42036;0;0;0;5051;0;0;0;0;0;0;0.087
4194304;13920;0;0;0;5051;0;0;0;0;0;0;0.629
1048576;14946;0;0;0;5051;0;0;0;0;0;0;0.136
1048576;7830;0;0;0;5051;0;0;0;0;0;0;0.185
4194304;21648;0;0;0;5051;0;0;0;0;0;0;0.693
1048576;2220;0;0;0;5051;0;0;0;0;0;0;0.177
4194304;54488;0;0;0;5051;0;0;0;0;0;0;0.900
4194304;403744;0;0;0;5051;0;0;0;0;0;0;1.479
4194304;144450;0;0;0;5051;0;0;0;0;0;0;0.953
4194304;221760;0;0;0;5051;0;0;0;0;0;0;0.913
1048576;84036;0;0;0;5051;0;0;0;0;0;0;0.245
4194304;545877;0;0;0;5051;0;0;0;0;0;0;3.895
4194304;117056;0;0;0;5051;0;0;0;0;0;0;1.514
4194304;1449;0;0;0;5051;0;0;0;0;0;0;0.644
4194304;370476;0;0;0;5051;0;0;0;0;0;0;0.738
1048576;45674;0;0;0;5051;0;0;0;0;0;0;0.254
4194304;458865;0;0;0;5051;0;0;0;0;0;0;3.280
1048576;231340;0;0;0;5051;0;0;0;0;0;0;1.041
4194304;31590;0;0;0;5051;0;0;0;0;0;0;0.751
1048576;143424;0;0;0;5051;0;0;0;0;0;0;0.222
262144;7200;0;0;0;5051;0;0;0;0;0;0;0.095
262144;48139;0;0;0;5051;0;0;0;0;0;0;0.072
4194304;135600;0;0;0;5051;0;0;0;0;0;0;1.552
4194304;49028;0;0;0;5051;0;0;0;0;0;0;0.890
4194304;102813;0;0;0;5051;0;0;0;0;0;0;1.437
4194304;176900;0;0;0;5051;0;0;0;0;0;0;0.798
262144;24708;0;0;0;5051;0;0;0;0;0;0;0.074
1048576;27531;0;0;0;5051;0;0;0;0;0;0;0.196
4194304;70728;0;0;0;5051;0;0;0;0;0;0;1.117
4194304;75316;0;0;0;5051;0;0;0;0;0;0;1.068
4194304;345117;0;0;0;5051;0;0;0;0;0;0;1.631
4194304;243947;0;0;0;5051;0;0;0;0;0;0;1.706
1048576;38097;0;0;0;5051;0;0;0;0;0;0;0.271
4194304;682962;0;0;0;5051;0;0;0;0;0;0;1.735
4194304;418035;0;0;0;5051;0;0;0;0;0;0;0.894
1048576;4950;0;0;0;5051;0;0;0;0;0;0;0.140
262144;67260;0;0;0;5051;0;0;0;0;0;0;0.073
262144;41800;0;0;0;5051;0;0;0;0;0;0;0.118
1048576;258570;0;0;0;5051;0;0;0;0;0;0;0.144
1048576;107068;0;0;0;5051;0;0;0;0;0;0;0.203
4194304;28454;0;0;0;5051;0;0;0;0;0;0;0.855
4194304;367417;0;0;0;5051;0;0;0;0;0;0;3.606
1048576;103320;0;0;0;5051;0;0;0;0;0;0;0.361
1048576;332232;0;0;0;5051;0;0;0;0;0;0;1.898
262144;1702;0;0;0;5051;0;0;0;0;0;0;0.064
4194304;874;0;0;0;5051;0;0;0;0;0;0;0.661
262144;5445;0;0;0;5051;0;0;0;0;0;0;0.063
1048576;81840;0;0;0;5051;0;0;0;0;0;0;0.217
1048576;250770;0;0;0;5051;0;0;0;0;0;0;0.191
4194304;33152;0;0;0;5051;0;0;0;0;0;0;0.713
1048576;17675;0;0;0;5051;0;0;0;0;0;0;0.159
1048576;89548;0;0;0;5051;0;0;0;0;0;0;0.163
4194304;83058;0;0;0;5051;0;0;0;0;0;0;1.341
4194304;211593;0;0;0;5051;0;0;0;0;0;0;1.607
1048576;129794;0;0;0;5051;0;0;0;0;0;0;0.272
1048576;16107;0;0;0;5051;0;0;0;0;0;0;0.166
4194304;259392;0;0;0;5051;0;0;0;0;0;0;0.837
4194304;160720;0;0;0;5051;0;0;0;0;0;0;1.278
4194304;194540;0;0;0;5051;0;0;0;0;0;0;1.705
1048576;89318;0;0;0;5051;0;0;0;0;0;0;0.390
262144;38955;0;0;0;5051;0;0;0;0;0;0;0.073
4194304;1245564;0;0;0;5051;0;0;0;0;0;0;1.708
4194304;823059;0;0;0;5051;0;0;0;0;0;0;2.800
4194304;287836;0;0;0;5051;0;0;0;0;0;0;0.968
4194304;19620;0;0;0;5051;0;0;0;0;0;0;0.782
4194304;47232;0;0;0;5051;0;0;0;0;0;0;0.727
262144;336;0;0;0;5051;0;0;0;0;0;0;0.058
4194304;54250;0;0;0;5051;0;0;0;0;0;0;0.791
1048576;59786;0;0;0;5051;0;0;0;0;0;0;0.150
1048576;14728;0;0;0;5051;0;0;0;0;0;0;0.203
262144;29148;0;0;0;5051;0;0;0;0;0;0;0.167
4194304;354144;0;0;0;5051;0;0;0;0;0;0;1.262
262144;86260;0;0;0;5051;0;0;0;0;0;0;0.078
1048576;3120;0;0;0;5051;0;0;0;0;0;0;0.169
4194304;105178;0;0;0;5051;0;0;0;0;0;0;0.817
4194304;280302;0;0;0;5051;0;0;0;0;0;0;1.061
1048576;1992;0;0;0;5051;0;0;0;0;0;0;0.145
1048576;59292;0;0;0;5051;0;0;0;0;0;0;0.220
1048576;3740;0;0;0;5051;0;0;0;0;0;0;0.165
1048576;1210;0;0;0;5051;0;0;0;0;0;0;0.148
4194304;647208;0;0;0;5051;0;0;0;0;0;0;1.770
1048576;10295;0;0;0;5051;0;0;0;0;0;0;0.185
262144;5777;0;0;0;5051;0;0;0;0;0;0;0.061
4194304;204828;0;0;0;5051;0;0;0;0;0;0;2.296
1048576;714;0;0;0;5051;0;0;0;0;0;0;0.147
1048576;25756;0;0;0;5051;0;0;0;0;0;0;0.343
4194304;105861;0;0;0;5051;0;0;0;0;0;0;0.936
1048576;24638;0;0;0;5051;0;0;0;0;0;0;0.334
1048576;381;0;0;0;5051;0;0;0;0;0;0;0.134
262144;2926;0;0;0;5051;0;0;0;0;0;0;0.072
4194304;1870;0;0;0;5051;0;0;0;0;0;0;0.662
262144;100293;0;0;0;5051;0;0;0;0;0;0;0.073
1048576;222735;0;0;0;5051;0;0;0;0;0;0;0.226
4194304;36838;0;0;0;5051;0;0;0;0;0;0;0.944
262144;21576;0;0;0;5051;0;0;0;0;0;0;0.080
1048576;49140;0;0;0;5051;0;0;0;0;0;0;0.348
1048576;7000;0;0;0;5051;0;0;0;0;0;0;0.161
262144;65598;0;0;0;5051;0;0;0;0;0;0;0.108
4194304;37791;0;0;0;5051;0;0;0;0;0;0;0.867
1048576;1704;0;0;0;5051;0;0;0;0;0;0;0.143
4194304;108486;0;0;0;5051;0;0;0;0;0;0;1.075
4194304;2469525;0;0;0;5051;0;0;0;0;0;0;10.685
4194304;252050;0;0;0;5051;0;0;0;0;0;0;0.709
4194304;700879;0;0;0;5051;0;0;0;0;0;0;0.948
262144;3850;0;0;0;5051;0;0;0;0;0;0;0.059
4194304;98619;0;0;0;5051;0;0;0;0;0;0;0.793
4194304;1456;0;0;0;5051;0;0;0;0;0;0;0.631
1048576;20835;0;0;0;5051;0;0;0;0;0;0;0.170
1048576;296;0;0;0;5051;0;0;0;0;0;0;0.138
1048576;68432;0;0;0;5051;0;0;0;0;0;0;0.177
4194304;935262;0;0;0;5051;0;0;0;0;0;0;6.109
262144;1008;0;0;0;5051;0;0;0;0;0;0;0.181
1048576;59540;0;0;0;5051;0;0;0;0;0;0;0.477
4194304;66420;0;0;0;5052;0;0;0;0;0;0;1.451
1048576;896;0;0;0;5051;0;0;0;0;0;0;0.175
4194304;32781;0;0;0;5051;0;0;0;0;0;0;0.832
4194304;155904;0;0;0;5051;0;0;0;0;0;0;1.412
4194304;733455;0;0;0;5051;0;0;0;0;0;0;4.308
4194304;1176179;0;0;0;5051;0;0;0;0;0;0;1.218
262144;6916;0;0;0;5051;0;0;0;0;0;0;0.069
1048576;7488;0;0;0;5051;0;0;0;0;0;0;0.179
262144;1357;0;0;0;5051;0;0;0;0;0;0;0.063
4194304;190242;0;0;0;5051;0;0;0;0;0;0;0.903
4194304;871884;0;0;0;5051;0;0;0;0;0;0;4.418
1048576;43658;0;0;0;5051;0;0;0;0;0;0;0.196
262144;5838;0;0;0;5051;0;0;0;0;0;0;0.061
4194304;7790;0;0;0;5051;0;0;0;0;0;0;0.673
1048576;134505;0;0;0;5051;0;0;0;0;0;0;0.220
1048576;43989;0;0;0;5051;0;0;0;0;0;0;0.140
262144;11637;0;0;0;5051;0;0;0;0;0;0;0.061
1048576;195456;0;0;0;5051;0;0;0;0;0;0;0.234
1048576;8022;0;0;0;5051;0;0;0;0;0;0;0.135
4194304;31348;0;0;0;5051;0;0;0;0;0;0;0.907
1048576;74295;0;0;0;5051;0;0;0;0;0;0;0.679
262144;12956;0;0;0;5051;0;0;0;0;0;0;0.070
1048576;90628;0;0;0;5051;0;0;0;0;0;0;0.439
1048576;1395;0;0;0;5051;0;0;0;0;0;0;0.166
262144;13275;0;0;0;5051;0;0;0;0;0;0;0.058
262144;16046;0;0;0;5051;0;0;0;0;0;0;0.185
1048576;117480;0;0;0;5051;0;0;0;0;0;0;0.834
4194304;75240;0;0;0;5051;0;0;0;0;0;0;1.005
4194304;128527;0;0;0;5051;0;0;0;0;0;0;1.093
1048576;6314;0;0;0;5051;0;0;0;0;0;0;0.156
1048576;256928;0;0;0;5051;0;0;0;0;0;0;0.244
4194304;69344;0;0;0;5051;0;0;0;0;0;0;1.095
4194304;46182;0;0;0;5051;0;0;0;0;0;0;0.862
262144;14080;0;0;0;5051;0;0;0;0;0;0;0.063
1048576;19968;0;0;0;5051;0;0;0;0;0;0;0.172
4194304;2625813;0;0;0;5051;0;0;0;0;0;0;13.860
4194304;66500;0;0;0;5051;0;0;0;0;0;0;0.818
1048576;60720;0;0;0;5051;0;0;0;0;0;0;0.206
1048576;16676;0;0;0;5051;0;0;0;0;0;0;0.160
1048576;22080;0;0;0;5051;0;0;0;0;0;0;0.310
1048576;11132;0;0;0;5051;0;0;0;0;0;0;0.180
1048576;16146;0;0;0;5051;0;0;0;0;0;0;0.205
1048576;80320;0;0;0;5051;0;0;0;0;0;0;0.526
4194304;247904;0;0;0;5051;0;0;0;0;0;0;2.259
4194304;41114;0;0;0;5051;0;0;0;0;0;0;0.933
1048576;78400;0;0;0;5051;0;0;0;0;0;0;0.315
1048576;4800;0;0;0;5051;0;0;0;0;0;0;0.140
1048576;3384;0;0;0;5051;0;0;0;0;0;0;0.144
262144;6765;0;0;0;5051;0;0;0;0;0;0;0.073
1048576;479988;0;0;0;5051;0;0;0;0;0;0;0.301
1048576;115705;0;0;0;5051;0;0;0;0;0;0;0.180
4194304;36400;0;0;0;5051;0;0;0;0;0;0;0.827
4194304;102840;0;0;0;5051;0;0;0;0;0;0;1.527
4194304;1158740;0;0;0;5051;0;0;0;0;0;0;0.898
4194304;152880;0;0;0;5051;0;0;0;0;0;0;1.200
4194304;1175668;0;0;0;5051;0;0;0;0;0;0;2.549
1048576;143667;0;0;0;5051;0;0;0;0;0;0;0.171
1048576;154432;0;0;0;5051;0;0;0;0;0;0;0.558
4194304;153990;0;0;0;5051;0;0;0;0;0;0;1.900
262144;20;0;0;0;5051;0;0;0;0;0;0;0.057
4194304;381602;0;0;0;5051;0;0;0;0;0;0;1.952
262144;14060;0;0;0;5052;0;0;0;0;0;0;0.255
262144;1490;0;0;0;5051;0;0;0;0;0;0;0.073
262144;16899;0;0;0;5051;0;0;0;0;0;0;0.091
1048576;43056;0;0;0;5051;0;0;0;0;0;0;0.259
4194304;27664;0;0;0;5051;0;0;0;0;0;0;0.839
262144;135141;0;0;0;5051;0;0;0;0;0;0;0.063
262144;42720;0;0;0;5051;0;0;0;0;0;0;0.065
1048576;17280;0;0;0;5051;0;0;0;0;0;0;0.166
262144;4512;0;0;0;5051;0;0;0;0;0;0;0.059
1048576;7440;0;0;0;5051;0;0;0;0;0;0;0.134
4194304;433192;0;0;0;5051;0;0;0;0;0;0;3.922
4194304;3630;0;0;0;5051;0;0;0;0;0;0;0.618
262144;544;0;0;0;5051;0;0;0;0;0;0;0.057
1048576;105056;0;0;0;5051;0;0;0;0;0;0;0.151
1048576;12168;0;0;0;5051;0;0;0;0;0;0;0.225
262144;2775;0;0;0;5051;0;0;0;0;0;0;0.063
1048576;95930;0;0;0;5051;0;0;0;0;0;0;0.549
1048576;9042;0;0;0;5051;0;0;0;0;0;0;0.142
262144;4290;0;0;0;5051;0;0;0;0;0;0;0.078
1048576;30856;0;0;0;5051;0;0;0;0;0;0;0.388
262144;1992;0;0;0;5051;0;0;0;0;0;0;0.057
4194304;56924;0;0;0;5051;0;0;0;0;0;0;0.898
4194304;75096;0;0;0;5051;0;0;0;0;0;0;1.223
4194304;71318;0;0;0;5051;0;0;0;0;0;0;1.198
262144;4081;0;0;0;5051;0;0;0;0;0;0;0.065
4194304;36375;0;0;0;5051;0;0;0;0;0;0;0.667
4194304;68768;0;0;0;5051;0;0;0;0;0;0;1.183
1048576;193006;0;0;0;5051;0;0;0;0;0;0;0.815
1048576;3706;0;0;0;5051;0;0;0;0;0;0;0.174
4194304;15642;0;0;0;5051;0;0;0;0;0;0;0.738
262144;2652;0;0;0;5051;0;0;0;0;0;0;0.060
4194304;897445;0;0;0;5051;0;0;0;0;0;0;4.634
1048576;49020;0;0;0;5051;0;0;0;0;0;0;0.543
4194304;12561;0;0;0;5051;0;0;0;0;0;0;0.712
1048576;572;0;0;0;5052;0;0;0;0;0;0;0.352
1048576;190212;0;0;0;5051;0;0;0;0;0;0;0.428
1048576;79002;0;0;0;5051;0;0;0;0;0;0;0.332
1048576;9828;0;0;0;5051;0;0;0;0;0;0;0.194
1048576;359550;0;0;0;5051;0;0;0;0;0;0;0.558
1048576;56385;0;0;0;5051;0;0;0;0;0;0;0.659
4194304;7424;0;0;0;5051;0;0;0;0;0;0;0.658
262144;9425;0;0;0;5051;0;0;0;0;0;0;0.063
4194304;42458;0;0;0;5051;0;0;0;0;0;0;0.818
1048576;1180;0;0;0;5051;0;0;0;0;0;0;0.136
262144;1608;0;0;0;5051;0;0;0;0;0;0;0.062
1048576;13414;0;0;0;5051;0;0;0;0;0;0;0.199
262144;2147;0;0;0;5051;0;0;0;0;0;0;0.062
1048576;68800;0;0;0;5051;0;0;0;0;0;0;0.283
262144;75;0;0;0;5051;0;0;0;0;0;0;0.057
4194304;1672;0;0;0;5051;0;0;0;0;0;0;0.656
4194304;106153;0;0;0;5051;0;0;0;0;0;0;0.913
1048576;15850;0;0;0;5051;0;0;0;0;0;0;0.183
262144;28875;0;0;0;5051;0;0;0;0;0;0;0.076
4194304;5532;0;0;0;5051;0;0;0;0;0;0;0.576
262144;3162;0;0;0;5051;0;0;0;0;0;0;0.062
262144;14946;0;0;0;5051;0;0;0;0;0;0;0.070
1048576;13068;0;0;0;5051;0;0;0;0;0;0;0.144
4194304;26184;0;0;0;5051;0;0;0;0;0;0;0.853
1048576;17963;0;0;0;5051;0;0;0;0;0;0;0.211
262144;27825;0;0;0;5051;0;0;0;0;0;0;0.107
4194304;77539;0;0;0;5051;0;0;0;0;0;0;0.784
262144;412;0;0;0;5051;0;0;0;0;0;0;0.060
1048576;57782;0;0;0;5051;0;0;0;0;0;0;0.198
1048576;17487;0;0;0;5051;0;0;0;0;0;0;0.204
4194304;259252;0;0;0;5051;0;0;0;0;0;0;1.137
1048576;696;0;0;0;5051;0;0;0;0;0;0;0.162
4194304;125064;0;0;0;5051;0;0;0;0;0;0;1.606
1048576;53500;0;0;0;5051;0;0;0;0;0;0;0.193
1048576;189;0;0;0;5051;0;0;0;0;0;0;0.147
1048576;308112;0;0;0;5051;0;0;0;0;0;0;0.571
1048576;36816;0;0;0;5051;0;0;0;0;0;0;0.159
262144;1767;0;0;0;5051;0;0;0;0;0;0;0.068
4194304;5850;0;0;0;5052;0;0;0;0;0;0;0.918
4194304;1579760;0;0;0;5051;0;0;0;0;0;0;2.381
1048576;19952;0;0;0;5051;0;0;0;0;0;0;0.170
4194304;79872;0;0;0;5051;0;0;0;0;0;0;0.912
1048576;2394;0;0;0;5051;0;0;0;0;0;0;0.148
4194304;578864;0;0;0;5051;0;0;0;0;0;0;1.323
1048576;26316;0;0;0;5051;0;0;0;0;0;0;0.283
262144;50995;0;0;0;5051;0;0;0;0;0;0;0.077
1048576;36356;0;0;0;5051;0;0;0;0;0;0;0.242
4194304;95025;0;0;0;5051;0;0;0;0;0;0;1.168
1048576;7416;0;0;0;5051;0;0;0;0;0;0;0.178
262144;8040;0;0;0;5051;0;0;0;0;0;0;0.065
4194304;500004;0;0;0;5051;0;0;0;0;0;0;2.972
1048576;4140;0;0;0;5051;0;0;0;0;0;0;0.161
1048576;6298;0;0;0;5051;0;0;0;0;0;0;0.159
1048576;102465;0;0;0;5051;0;0;0;0;0;0;0.190
1048576;36680;0;0;0;5051;0;0;0;0;0;0;0.354
4194304;4180;0;0;0;5051;0;0;0;0;0;0;0.650
4194304;14841;0;0;0;5051;0;0;0;0;0;0;0.679
4194304;23128;0;0;0;5051;0;0;0;0;0;0;0.689
1048576;47952;0;0;0;5051;0;0;0;0;0;0;0.194
1048576;22473;0;0;0;5051;0;0;0;0;0;0;0.174
262144;5040;0;0;0;5051;0;0;0;0;0;0;0.054
4194304;62266;0;0;0;5051;0;0;0;0;0;0;1.143
4194304;407364;0;0;0;5051;0;0;0;0;0;0;1.303
4194304;157950;0;0;0;5051;0;0;0;0;0;0;1.281
4194304;49950;0;0;0;5051;0;0;0;0;0;0;0.927
262144;21574;0;0;0;5051;0;0;0;0;0;0;0.067
262144;4320;0;0;0;5051;0;0;0;0;0;0;0.066
4194304;93812;0;0;0;5051;0;0;0;0;0;0;1.357
4194304;2058375;0;0;0;5051;0;0;0;0;0;0;13.238
262144;55096;0;0;0;5051;0;0;0;0;0;0;0.058
1048576;38190;0;0;0;5051;0;0;0;0;0;0;0.324
4194304;6574;0;0;0;5051;0;0;0;0;0;0;0.668
1048576;66878;0;0;0;5051;0;0;0;0;0;0;0.179
1048576;198400;0;0;0;5051;0;0;0;0;0;0;0.175
1048576;92684;0;0;0;5051;0;0;0;0;0;0;0.676
4194304;35700;0;0;0;5051;0;0;0;0;0;0;0.853
262144;16800;0;0;0;5051;0;0;0;0;0;0;0.271
262144;2960;0;0;0;5051;0;0;0;0;0;0;0.066
4194304;89856;0;0;0;5051;0;0;0;0;0;0;0.712
1048576;5124;0;0;0;5051;0;0;0;0;0;0;0.191
4194304;3684;0;0;0;5051;0;0;0;0;0;0;0.665
4194304;581568;0;0;0;5051;0;0;0;0;0;0;1.844
1048576;2592;0;0;0;5051;0;0;0;0;0;0;0.138
4194304;32508;0;0;0;5051;0;0;0;0;0;0;0.752
4194304;16350;0;0;0;5051;0;0;0;0;0;0;0.706
4194304;13160;0;0;0;5051;0;0;0;0;0;0;0.658
4194304;968018;0;0;0;5051;0;0;0;0;0;0;6.037
4194304;33820;0;0;0;5051;0;0;0;0;0;0;0.760
1048576;5964;0;0;0;5051;0;0;0;0;0;0;0.161
1048576;26250;0;0;0;5051;0;0;0;0;0;0;0.180
262144;884;0;0;0;5051;0;0;0;0;0;0;0.068
1048576;122679;0;0;0;5051;0;0;0;0;0;0;0.349
1048576;1358;0;0;0;5051;0;0;0;0;0;0;0.141
4194304;80724;0;0;0;5051;0;0;0;0;0;0;0.833
1048576;24408;0;0;0;5051;0;0;0;0;0;0;0.174
4194304;95404;0;0;0;5051;0;0;0;0;0;0;1.210
4194304;146610;0;0;0;5051;0;0;0;0;0;0;1.240
4194304;179992;0;0;0;5051;0;0;0;0;0;0;1.132
1048576;23650;0;0;0;5051;0;0;0;0;0;0;0.173
4194304;415332;0;0;0;5051;0;0;0;0;0;0;0.828
4194304;353320;0;0;0;5051;0;0;0;0;0;0;0.781
1048576;8022;0;0;0;5051;0;0;0;0;0;0;0.140
262144;7128;0;0;0;5051;0;0;0;0;0;0;0.068
4194304;118295;0;0;0;5051;0;0;0;0;0;0;1.416
4194304;641769;0;0;0;5051;0;0;0;0;0;0;1.197
262144;5004;0;0;0;5051;0;0;0;0;0;0;0.066
262144;2208;0;0;0;5051;0;0;0;0;0;0;0.058
1048576;6613;0;0;0;5052;0;0;0;0;0;0;0.407
262144;28290;0;0;0;5051;0;0;0;0;0;0;0.082
262144;18250;0;0;0;5051;0;0;0;0;0;0;0.087
1048576;406782;0;0;0;5051;0;0;0;0;0;0;0.196
1048576;343070;0;0;0;5051;0;0;0;0;0;0;0.175
4194304;24800;0;0;0;5051;0;0;0;0;0;0;0.828
4194304;209166;0;0;0;5051;0;0;0;0;0;0;2.317
1048576;7280;0;0;0;5051;0;0;0;0;0;0;0.220
1048576;196416;0;0;0;5051;0;0;0;0;0;0;0.155
4194304;362208;0;0;0;5051;0;0;0;0;0;0;2.801
4194304;4284;0;0;0;5051;0;0;0;0;0;0;0.671
4194304;629952;0;0;0;5051;0;0;0;0;0;0;3.941
1048576;5684;0;0;0;5051;0;0;0;0;0;0;0.152
4194304;222852;0;0;0;5051;0;0;0;0;0;0;2.073
1048576;7174;0;0;0;5051;0;0;0;0;0;0;0.165
1048576;5785;0;0;0;5051;0;0;0;0;0;0;0.158
262144;5610;0;0;0;5051;0;0;0;0;0;0;0.067
4194304;1261;0;0;0;5051;0;0;0;0;0;0;0.585
1048576;281454;0;0;0;5051;0;0;0;0;0;0;0.222
4194304;69008;0;0;0;5051;0;0;0;0;0;0;0.898
1048576;50128;0;0;0;5051;0;0;0;0;0;0;0.386
262144;14357;0;0;0;5051;0;0;0;0;0;0;0.066
1048576;6804;0;0;0;5051;0;0;0;0;0;0;0.154
4194304;75806;0;0;0;5051;0;0;0;0;0;0;1.265
1048576;131760;0;0;0;5051;0;0;0;0;0;0;0.132
262144;242;0;0;0;5051;0;0;0;0;0;0;0.056
1048576;199305;0;0;0;5051;0;0;0;0;0;0;0.253
1048576;552262;0;0;0;5051;0;0;0;0;0;0;0.699
4194304;1406784;0;0;0;5051;0;0;0;0;0;0;5.762
4194304;45715;0;0;0;5051;0;0;0;0;0;0;0.761
4194304;156912;0;0;0;5051;0;0;0;0;0;0;1.167
1048576;4536;0;0;0;5051;0;0;0;0;0;0;0.138
262144;43708;0;0;0;5052;0;0;0;0;0;0;0.260
4194304;48741;0;0;0;5051;0;0;0;0;0;0;0.916
4194304;49833;0;0;0;5051;0;0;0;0;0;0;0.872
4194304;1386;0;0;0;5051;0;0;0;0;0;0;0.588
1048576;340054;0;0;0;5051;0;0;0;0;0;0;0.279
1048576;46920;0;0;0;5051;0;0;0;0;0;0;0.351
4194304;328185;0;0;0;5051;0;0;0;0;0;0;1.136
4194304;340704;0;0;0;5051;0;0;0;0;0;0;1.111
262144;48;0;0;0;5051;0;0;0;0;0;0;0.056
4194304;171;0;0;0;5051;0;0;0;0;0;0;0.571
1048576;1044;0;0;0;5051;0;0;0;0;0;0;0.166
1048576;720;0;0;0;5051;0;0;0;0;0;0;0.139
1048576;92435;0;0;0;5051;0;0;0;0;0;0;0.221
262144;38610;0;0;0;5051;0;0;0;0;0;0;0.068
4194304;1001385;0;0;0;5051;0;0;0;0;0;0;5.059
4194304;26505;0;0;0;5051;0;0;0;0;0;0;0.800
1048576;54168;0;0;0;5051;0;0;0;0;0;0;0.417
1048576;161538;0;0;0;5051;0;0;0;0;0;0;1.402
1048576;72;0;0;0;5051;0;0;0;0;0;0;0.132
4194304;581387;0;0;0;5051;0;0;0;0;0;0;3.686
262144;6370;0;0;0;5051;0;0;0;0;0;0;0.055
4194304;375990;0;0;0;5051;0;0;0;0;0;0;2.120
4194304;190686;0;0;0;5051;0;0;0;0;0;0;1.819
4194304;41038;0;0;0;5051;0;0;0;0;0;0;0.750
1048576;102446;0;0;0;5051;0;0;0;0;0;0;0.777
262144;13200;0;0;0;5051;0;0;0;0;0;0;0.080
262144;16262;0;0;0;5051;0;0;0;0;0;0;0.080
1048576;10170;0;0;0;5051;0;0;0;0;0;0;0.177
1048576;7007;0;0;0;5051;0;0;0;0;0;0;0.132
4194304;10207;0;0;0;5051;0;0;0;0;0;0;0.674
4194304;13396;0;0;0;5051;0;0;0;0;0;0;0.572
4194304;156232;0;0;0;5051;0;0;0;0;0;0;1.444
262144;18054;0;0;0;5051;0;0;0;0;0;0;0.074
4194304;26574;0;0;0;5051;0;0;0;0;0;0;0.657
