4194304;1092978;0;166156744;459638433;0;446076;446076;1;892153;0;0;2.954
4194304;625632;0;115489750;321192658;0;290280;290280;1;580561;0;0;2.106
262144;6412;0;1959206;5724122;0;1692;1692;1;3385;0;0;0.076
1048576;27216;0;23437145;65458910;0;55616;55616;1;111233;0;0;0.430
1048576;63756;0;61869919;170477017;0;173780;173780;1;347561;0;0;0.964
262144;1344;0;1980311;5780910;0;1740;1740;1;3481;0;0;0.073
1048576;45551;0;49804004;137507392;0;136680;136680;1;273361;0;0;0.802
1048576;1188;0;6165082;18264759;0;2500;2500;1;5001;0;0;0.173
1048576;176;0;5614360;16760848;0;816;816;1;1633;0;0;0.177
1048576;11480;0;6361605;18797753;0;3128;3128;1;6257;0;0;0.210
262144;764;0;1664818;4917938;0;764;764;1;1529;0;0;0.069
4194304;117520;0;61402046;173401947;0;123960;123960;1;247921;0;0;1.342
4194304;188368;0;35927291;103791317;0;45640;45640;1;91281;0;0;0.947
262144;31125;0;4178113;11784786;0;8496;8496;1;16993;0;0;0.108
4194304;1407854;0;348096655;956788263;0;1005480;1005480;1;2010961;0;0;5.458
4194304;257725;0;351448656;965955759;0;1015748;1015748;1;2031497;0;0;5.398
262144;17767;0;3880917;10973093;0;7580;7580;1;15161;0;0;0.103
4194304;200130;0;194505045;537106209;0;533204;533204;1;1066409;0;0;3.190
4194304;31616;0;40046463;115047895;0;58300;58300;1;116601;0;0;1.066
1048576;89920;0;37376745;103547976;0;98480;98480;1;196961;0;0;0.615
1048576;12240;0;9886921;28433987;0;13948;13948;1;27897;0;0;0.239
262144;16800;0;4425203;12459911;0;9256;9256;1;18513;0;0;0.109
4194304;368280;0;104104895;290086363;0;255260;255260;1;510521;0;0;1.934
4194304;619346;0;439454161;1206428471;0;1286336;1286336;1;2572673;0;0;6.635
4194304;252444;0;350831932;964270976;0;1013840;1013840;1;2027681;0;0;5.396
4194304;34804;0;68015700;191473544;0;144304;144304;1;288609;0;0;1.425
1048576;10322;0;9298865;26826846;0;12140;12140;1;24281;0;0;0.220
1048576;2220;0;8496600;24634744;0;9672;9672;1;19345;0;0;0.212
1048576;1664;0;7420198;21696459;0;6396;6396;1;12793;0;0;0.192
4194304;320664;0;274587362;755929355;0;779436;779436;1;1558873;0;0;4.342
1048576;287875;0;31857099;88465105;0;81512;81512;1;163025;0;0;0.550
4194304;62964;0;69622654;195863215;0;149244;149244;1;298489;0;0;1.417
1048576;175198;0;14600595;41275788;0;28668;28668;1;57337;0;0;0.301
4194304;19968;0;31349549;91283399;0;31560;31560;1;63121;0;0;0.939
1048576;1242;0;7243490;21211998;0;5824;5824;1;11649;0;0;0.195
4194304;30498;0;39181498;112687010;0;55668;55668;1;111337;0;0;1.013
4194304;265392;0;40556080;116439146;0;59872;59872;1;119745;0;0;1.056
1048576;72864;0;13771193;39011209;0;26108;26108;1;52217;0;0;0.569
4194304;5133;0;26062406;76836937;0;15300;15300;1;30601;0;0;0.849
1048576;142025;0;9090373;26242325;0;11588;11588;1;23177;0;0;0.239
1048576;119340;0;21882091;61208810;0;50840;50840;1;101681;0;0;0.582
4194304;28672;0;27858367;81743832;0;20824;20824;1;41649;0;0;0.860
1048576;155644;0;8647916;25048060;0;10140;10140;1;20281;0;0;0.243
1048576;48151;0;15654799;44194308;0;31684;31684;1;63369;0;0;0.326
4194304;12285;0;37363733;107717487;0;50048;50048;1;100097;0;0;1.013
1048576;22932;0;28987787;80627093;0;72676;72676;1;145353;0;0;0.543
1048576;77584;0;8727717;25266370;0;10384;10384;1;20769;0;0;0.227
4194304;540288;0;725942400;1989262396;0;2167152;2167152;1;4334305;0;0;10.811
4194304;442680;0;131412148;364701154;0;339236;339236;1;678473;0;0;2.302
1048576;13026;0;7093012;20799723;0;5356;5356;1;10713;0;0;0.204
4194304;43248;0;77880783;218430476;0;174624;174624;1;349249;0;0;1.537
4194304;102290;0;72030277;202441797;0;156644;156644;1;313289;0;0;1.451
4194304;23714;0;52464050;148978058;0;96480;96480;1;192961;0;0;1.177
1048576;36000;0;27322234;76076056;0;67556;67556;1;135113;0;0;0.480
262144;48507;0;4307419;12138394;0;8892;8892;1;17785;0;0;0.108
262144;4280;0;4184693;11803405;0;8512;8512;1;17025;0;0;0.110
1048576;141949;0;47796592;132019125;0;130524;130524;1;261049;0;0;0.780
1048576;445406;0;107361918;294781210;0;313668;313668;1;627337;0;0;1.616
1048576;50496;0;8821657;25523247;0;10672;10672;1;21345;0;0;0.213
1048576;255510;0;13376031;37967035;0;24680;24680;1;49361;0;0;0.281
262144;7750;0;1748284;5146116;0;1020;1020;1;2041;0;0;0.071
1048576;957;0;5962117;17710148;0;1876;1876;1;3753;0;0;0.193
1048576;15444;0;7064430;20721803;0;5268;5268;1;10537;0;0;0.226
4194304;28578;0;52809183;149920591;0;97544;97544;1;195089;0;0;1.189
4194304;86520;0;108902505;303194277;0;270016;270016;1;540033;0;0;1.969
4194304;24633;0;34061681;98694861;0;39896;39896;1;79793;0;0;0.964
1048576;530;0;6124774;18154546;0;2376;2376;1;4753;0;0;0.189
4194304;91000;0;60652491;171351973;0;121664;121664;1;243329;0;0;1.314
1048576;84084;0;95039467;261113110;0;275764;275764;1;551529;0;0;1.448
4194304;224301;0;314461061;864887871;0;902016;902016;1;1804033;0;0;4.865
262144;37875;0;4949991;13894166;0;10868;10868;1;21737;0;0;0.186
4194304;13970;0;40918658;117424202;0;61008;61008;1;122017;0;0;0.997
262144;16665;0;7367314;20499669;0;18308;18308;1;36617;0;0;0.151
262144;2189;0;2418881;6980631;0;3108;3108;1;6217;0;0;0.092
4194304;59475;0;97803271;272868267;0;235880;235880;1;471761;0;0;1.913
4194304;255936;0;292091989;803762726;0;833248;833248;1;1666497;0;0;4.554
1048576;214797;0;10357656;29720014;0;15396;15396;1;30793;0;0;0.246
4194304;180064;0;78240078;219408692;0;175748;175748;1;351497;0;0;1.598
262144;21476;0;2404744;6939601;0;3040;3040;1;6081;0;0;0.078
1048576;9234;0;17650418;49647762;0;37816;37816;1;75633;0;0;0.335
1048576;60450;0;12526659;35645670;0;22072;22072;1;44145;0;0;0.264
1048576;14235;0;20018001;56116465;0;45100;45100;1;90201;0;0;0.371
1048576;693;0;5962015;17709800;0;1876;1876;1;3753;0;0;0.179
4194304;39483;0;54127448;153523144;0;101596;101596;1;203193;0;0;1.217
1048576;9210;0;8969866;25931189;0;11160;11160;1;22321;0;0;0.216
1048576;13804;0;16569475;46693760;0;34496;34496;1;68993;0;0;0.316
1048576;14000;0;10201191;29293138;0;14912;14912;1;29825;0;0;0.236
1048576;23265;0;18223049;51211523;0;39584;39584;1;79169;0;0;0.343
4194304;53235;0;69188588;194677012;0;147908;147908;1;295817;0;0;1.407
1048576;141188;0;53530423;147686417;0;148156;148156;1;296313;0;0;0.852
1048576;24563;0;26553661;73975124;0;65196;65196;1;130393;0;0;0.469
1048576;2580;0;7815137;22772988;0;7576;7576;1;15153;0;0;0.198
4194304;48134;0;29268484;85597209;0;25160;25160;1;50321;0;0;0.866
4194304;11397;0;30750983;89648011;0;29724;29724;1;59449;0;0;0.873
4194304;576240;0;497094491;1363930807;0;1463560;1463560;1;2927121;0;0;7.401
4194304;173448;0;118205757;328614728;0;298628;298628;1;597257;0;0;2.192
1048576;7182;0;6142518;18202870;0;2432;2432;1;4865;0;0;0.206
4194304;194090;0;76562869;214828119;0;170580;170580;1;341161;0;0;1.521
4194304;253098;0;67120476;189025745;0;141552;141552;1;283105;0;0;1.401
4194304;154632;0;51525566;146413117;0;93600;93600;1;187201;0;0;1.155
1048576;43778;0;12052638;34351475;0;20608;20608;1;41217;0;0;0.272
4194304;18029;0;44888589;128280303;0;73200;73200;1;146401;0;0;1.092
262144;5910;0;3994349;11283213;0;7928;7928;1;15857;0;0;0.106
262144;5472;0;2909842;8320016;0;4592;4592;1;9185;0;0;0.085
4194304;59568;0;23098638;68730144;0;6236;6236;1;12473;0;0;0.802
1048576;220520;0;14754551;41733615;0;28920;28920;1;57841;0;0;0.319
1048576;156769;0;13713331;38888350;0;25720;25720;1;51441;0;0;0.292
1048576;61446;0;15513721;43808542;0;31252;31252;1;62505;0;0;0.580
262144;895;0;1842197;5402967;0;1308;1308;1;2617;0;0;0.087
262144;22630;0;4662502;13108609;0;9984;9984;1;19969;0;0;0.116
262144;390;0;1630473;4826781;0;688;688;1;1377;0;0;0.073
4194304;3828;0;26532692;78120264;0;16752;16752;1;33505;0;0;0.914
1048576;114915;0;128650175;352952065;0;379116;379116;1;758233;0;0;1.904
1048576;9510;0;6539611;19288183;0;3652;3652;1;7305;0;0;0.200
1048576;18966;0;11568665;33029031;0;19120;19120;1;38241;0;0;0.278
1048576;7052;0;11320883;32352197;0;18356;18356;1;36713;0;0;0.273
1048576;535;0;5733177;17084507;0;1172;1172;1;2345;0;0;0.170
262144;27825;0;5537740;15499989;0;12676;12676;1;25353;0;0;0.130
1048576;78706;0;14836017;41956856;0;29168;29168;1;58337;0;0;0.299
1048576;7600;0;12927948;36744107;0;23296;23296;1;46593;0;0;0.281
4194304;26718;0;36701350;105906857;0;48016;48016;1;96033;0;0;0.901
1048576;9509;0;6958998;20433634;0;4944;4944;1;9889;0;0;0.213
4194304;322310;0;142424856;394792927;0;373100;373100;1;746201;0;0;2.457
1048576;22908;0;8951224;25876900;0;11072;11072;1;22145;0;0;0.225
4194304;46070;0;45418002;129725845;0;74816;74816;1;149633;0;0;1.092
4194304;154675;0;115803105;322053359;0;291224;291224;1;582449;0;0;2.083
4194304;1102;0;22609010;67400758;0;4680;4680;1;9361;0;0;0.783
4194304;43134;0;77937802;218586446;0;174800;174800;1;349601;0;0;1.520
262144;2144;0;3180262;9058694;0;5424;5424;1;10849;0;0;0.090
1048576;17869;0;28956053;80540767;0;72576;72576;1;145153;0;0;0.496
262144;18630;0;7119246;19821259;0;17540;17540;1;35081;0;0;0.147
4194304;95380;0;64784907;182643548;0;134368;134368;1;268737;0;0;1.358
4194304;10534;0;28435170;83320377;0;22596;22596;1;45193;0;0;0.843
4194304;84721;0;132074265;366514235;0;341248;341248;1;682497;0;0;2.322
4194304;11925;0;27457711;80649853;0;19600;19600;1;39201;0;0;0.817
4194304;238546;0;158870809;439734636;0;423648;423648;1;847297;0;0;2.671
4194304;35624;0;27574512;80968174;0;19952;19952;1;39905;0;0;0.824
1048576;3685;0;8832321;25552470;0;10704;10704;1;21409;0;0;0.250
4194304;361368;0;377860479;1038123159;0;1096960;1096960;1;2193921;0;0;5.796
1048576;34030;0;13320168;37814365;0;24508;24508;1;49017;0;0;0.275
4194304;316680;0;159959507;442706533;0;427008;427008;1;854017;0;0;2.678
1048576;188;0;5722436;17054900;0;1140;1140;1;2281;0;0;0.172
262144;4780;0;1684355;4970697;0;828;828;1;1657;0;0;0.071
4194304;9108;0;27134715;79766223;0;18600;18600;1;37201;0;0;0.820
1048576;24418;0;14551325;41179408;0;28288;28288;1;56577;0;0;0.295
262144;11645;0;4919664;13811184;0;10776;10776;1;21553;0;0;0.324
4194304;3825;0;22969912;68384332;0;5804;5804;1;11609;0;0;0.774
4194304;436896;0;96050522;268075893;0;230508;230508;1;461017;0;0;1.815
1048576;72850;0;14010053;39699790;0;26628;26628;1;53257;0;0;0.318
4194304;58395;0;98060659;273572177;0;236672;236672;1;473345;0;0;1.869
4194304;10824;0;35447432;102481200;0;44156;44156;1;88313;0;0;0.896
1048576;227544;0;25331713;70550470;0;61948;61948;1;123897;0;0;0.458
4194304;4599;0;25160022;74372962;0;12548;12548;1;25097;0;0;0.787
1048576;627;0;6257619;18517753;0;2784;2784;1;5569;0;0;0.177
4194304;52895;0;40220868;115523790;0;58840;58840;1;117681;0;0;1.003
1048576;177848;0;59074100;162835130;0;165196;165196;1;330393;0;0;0.939
1048576;2196;0;7467841;21827131;0;6540;6540;1;13081;0;0;0.194
4194304;189369;0;255837662;704697241;0;721780;721780;1;1443561;0;0;4.031
262144;2244;0;3280780;9333638;0;5732;5732;1;11465;0;0;0.091
4194304;56956;0;60850319;171891902;0;122272;122272;1;244545;0;0;1.301
1048576;770;0;6468022;19092322;0;3432;3432;1;6865;0;0;0.192
262144;4550;0;2003348;5843138;0;1804;1804;1;3609;0;0;0.070
4194304;549550;0;99936387;278692787;0;242464;242464;1;484929;0;0;1.833
4194304;244014;0;177412026;490396977;0;480660;480660;1;961321;0;0;2.945
4194304;10168;0;27944885;81980875;0;21088;21088;1;42177;0;0;0.801
262144;17748;0;4695711;13199026;0;10088;10088;1;20177;0;0;0.111
4194304;173031;0;96901728;270402904;0;233116;233116;1;466233;0;0;1.798
1048576;730;0;5478715;16391811;0;424;424;1;849;0;0;0.194
1048576;68250;0;9103026;26291530;0;11540;11540;1;23081;0;0;0.234
1048576;20246;0;30281326;84162695;0;76664;76664;1;153329;0;0;0.625
262144;1485;0;1797748;5281325;0;1172;1172;1;2345;0;0;0.068
1048576;14250;0;6726508;19798555;0;4228;4228;1;8457;0;0;0.196
4194304;242486;0;37455878;107968145;0;50340;50340;1;100681;0;0;0.981
1048576;174795;0;26528943;73906230;0;65128;65128;1;130257;0;0;0.463
262144;34300;0;4610690;12967146;0;9824;9824;1;19649;0;0;0.113
4194304;342168;0;396367758;1088697003;0;1153852;1153852;1;2307705;0;0;6.039
1048576;13668;0;8339379;24205324;0;9188;9188;1;18377;0;0;0.207
1048576;179010;0;147750694;405143294;0;437848;437848;1;875697;0;0;2.193
4194304;165120;0;29586846;86465244;0;26148;26148;1;52297;0;0;0.889
4194304;704990;0;131675881;365418773;0;340064;340064;1;680129;0;0;2.326
4194304;4760;0;25773632;76049804;0;14436;14436;1;28873;0;0;0.794
4194304;144102;0;108993398;303441382;0;270308;270308;1;540617;0;0;2.005
1048576;11275;0;18341116;51537887;0;39976;39976;1;79953;0;0;0.420
4194304;71040;0;49700738;141427412;0;87988;87988;1;175977;0;0;1.167
262144;16065;0;3002925;8574090;0;4880;4880;1;9761;0;0;0.109
1048576;20720;0;10234955;29385400;0;15028;15028;1;30057;0;0;0.246
1048576;6720;0;14308736;40517040;0;27540;27540;1;55081;0;0;0.350
262144;960;0;1456548;4349953;0;132;132;1;265;0;0;0.065
4194304;1812;0;22813921;67960185;0;5312;5312;1;10625;0;0;0.762
1048576;716;0;5578298;16661247;0;696;696;1;1393;0;0;0.175
4194304;12180;0;37231220;107355648;0;49640;49640;1;99281;0;0;0.976
4194304;1057320;0;571355568;1566850694;0;1691876;1691876;1;3383753;0;0;8.590
1048576;26334;0;6422108;18966771;0;3292;3292;1;6585;0;0;0.184
4194304;237406;0;194068923;535911714;0;531876;531876;1;1063753;0;0;3.181
4194304;45820;0;81467091;228229886;0;185656;185656;1;371313;0;0;1.592
1048576;446;0;5596485;16710926;0;752;752;1;1505;0;0;0.169
4194304;154110;0;94492985;263820366;0;225712;225712;1;451425;0;0;1.789
4194304;142378;0;207372398;572267050;0;572760;572760;1;1145521;0;0;3.343
1048576;4305;0;10458037;29994145;0;15704;15704;1;31409;0;0;0.238
262144;30268;0;3597330;10198192;0;6708;6708;1;13417;0;0;0.096
1048576;3367;0;6496800;19171226;0;3520;3520;1;7041;0;0;0.204
4194304;418588;0;226760724;625242652;0;632392;632392;1;1264785;0;0;3.656
4194304;16625;0;43066937;123301307;0;67584;67584;1;135169;0;0;1.063
1048576;87636;0;35651663;98834157;0;93176;93176;1;186353;0;0;0.675
262144;19032;0;3933112;11107011;0;7792;7792;1;15585;0;0;0.101
1048576;25818;0;19449982;54564308;0;43356;43356;1;86713;0;0;0.373
1048576;14945;0;10146733;29143660;0;14748;14748;1;29497;0;0;0.240
4194304;8736;0;32728656;95052496;0;35796;35796;1;71593;0;0;0.894
4194304;1044490;0;1362202297;3727845885;0;4123396;4123396;1;8246793;0;0;19.683
4194304;921192;0;1036379784;2837531814;0;3121640;3121640;1;6243281;0;0;16.145
4194304;202272;0;87617450;245033232;0;204576;204576;1;409153;0;0;1.669
262144;10268;0;3216254;9156905;0;5536;5536;1;11073;0;0;0.092
262144;2013;0;2399865;6926456;0;3024;3024;1;6049;0;0;0.080
4194304;420500;0;77763604;218107489;0;174280;174280;1;348561;0;0;1.551
1048576;11020;0;5495353;16435902;0;468;468;1;937;0;0;0.175
262144;5187;0;1540440;4578365;0;380;380;1;761;0;0;0.072
1048576;11039;0;18403773;51705907;0;40136;40136;1;80273;0;0;0.395
1048576;9728;0;12950180;36804837;0;23364;23364;1;46729;0;0;0.289
1048576;74763;0;11329473;32374805;0;18388;18388;1;36777;0;0;0.254
1048576;65;0;5349192;16038142;0;24;24;1;49;0;0;0.164
4194304;102180;0;104567937;291350284;0;256692;256692;1;513385;0;0;1.925
1048576;3069;0;8963063;25912575;0;11136;11136;1;22273;0;0;0.217
1048576;17776;0;28855416;80265272;0;72268;72268;1;144537;0;0;0.495
262144;3813;0;3613814;10243710;0;6756;6756;1;13513;0;0;0.154
1048576;25125;0;18335325;51518253;0;39928;39928;1;79857;0;0;0.347
4194304;392925;0;308531473;848683703;0;883792;883792;1;1767585;0;0;4.785
4194304;36000;0;68434640;192618888;0;145580;145580;1;291161;0;0;1.447
1048576;26775;0;11335781;32392706;0;18404;18404;1;36809;0;0;0.248
1048576;9768;0;6601217;19455925;0;3844;3844;1;7689;0;0;0.189
1048576;7929;0;8107247;23570593;0;8476;8476;1;16953;0;0;0.216
1048576;8016;0;5402930;16182290;0;156;156;1;313;0;0;0.197
1048576;9792;0;10414028;29874200;0;15568;15568;1;31137;0;0;0.250
4194304;527050;0;585362637;1605127165;0;1734936;1734936;1;3469873;0;0;8.719
4194304;29312;0;59685260;168710708;0;118680;118680;1;237361;0;0;1.270
262144;58483;0;3832447;10840456;0;7432;7432;1;14865;0;0;0.119
1048576;30702;0;8387644;24337556;0;9336;9336;1;18673;0;0;0.230
4194304;109461;0;164353941;454718311;0;440496;440496;1;880993;0;0;2.747
1048576;86528;0;21357007;59774984;0;49220;49220;1;98441;0;0;0.406
4194304;446780;0;52197731;148249095;0;95672;95672;1;191345;0;0;1.189
1048576;10578;0;13450203;38170534;0;24904;24904;1;49809;0;0;0.289
4194304;50622;0;87887410;245770838;0;205400;205400;1;410801;0;0;1.689
1048576;525;0;6096349;18077039;0;2288;2288;1;4577;0;0;0.179
4194304;59256;0;68268806;192160295;0;145092;145092;1;290185;0;0;1.385
4194304;990527;0;75669706;212384869;0;167848;167848;1;335697;0;0;1.518
4194304;22673;0;47410521;135170432;0;80940;80940;1;161881;0;0;1.127
4194304;528;0;21517322;64417767;0;1324;1324;1;2649;0;0;0.779
1048576;3864;0;8734690;25285472;0;10404;10404;1;20809;0;0;0.211
4194304;625464;0;75809392;212766934;0;168272;168272;1;336545;0;0;1.500
4194304;10080;0;34464104;99794472;0;41132;41132;1;82265;0;0;1.017
4194304;49790;0;74680694;209683133;0;164796;164796;1;329593;0;0;1.536
262144;40576;0;4844185;13604816;0;10544;10544;1;21089;0;0;0.117
4194304;2519;0;22564520;67279194;0;4544;4544;1;9089;0;0;0.768
4194304;36192;0;53389895;151506726;0;99332;99332;1;198665;0;0;1.196
262144;15517;0;3962801;11196747;0;7832;7832;1;15665;0;0;0.102
262144;28420;0;7174397;19971541;0;17712;17712;1;35425;0;0;0.147
262144;54053;0;4349417;12240537;0;9096;9096;1;18193;0;0;0.135
4194304;61425;0;101896337;284053227;0;248464;248464;1;496929;0;0;1.955
4194304;431116;0;474120347;1301151004;0;1392932;1392932;1;2785865;0;0;7.174
262144;45264;0;2667503;7657689;0;3848;3848;1;7697;0;0;0.085
262144;146;0;1462421;4367847;0;172;172;1;345;0;0;0.065
4194304;37278;0;70903970;199361286;0;153192;153192;1;306385;0;0;1.427
262144;16380;0;3098064;8834039;0;5172;5172;1;10345;0;0;0.091
4194304;18225;0;45210473;129158139;0;74176;74176;1;148353;0;0;1.088
262144;4648;0;5973818;16692259;0;14020;14020;1;28041;0;0;0.176
4194304;716250;0;491054490;1347425686;0;1444992;1444992;1;2889985;0;0;7.374
4194304;226326;0;317900790;874286638;0;912600;912600;1;1825201;0;0;4.910
4194304;307780;0;107686063;299871065;0;266280;266280;1;532561;0;0;1.982
4194304;73842;0;52867755;150082298;0;97720;97720;1;195441;0;0;1.234
4194304;5168;0;26789245;78822537;0;17536;17536;1;35073;0;0;0.838
1048576;54194;0;11089253;31718710;0;17648;17648;1;35297;0;0;0.266
1048576;32364;0;25724790;71709863;0;62648;62648;1;125297;0;0;0.451
1048576;102144;0;20388081;57127670;0;46240;46240;1;92481;0;0;0.374
4194304;824877;0;72812856;204579666;0;159056;159056;1;318113;0;0;1.452
262144;112351;0;5361130;15019328;0;12152;12152;1;24305;0;0;0.126
1048576;266454;0;9600313;27650400;0;13068;13068;1;26137;0;0;0.242
4194304;244223;0;340405127;935776589;0;981792;981792;1;1963585;0;0;5.273
1048576;95360;0;42432513;117363308;0;114020;114020;1;228041;0;0;0.700
262144;19303;0;3926706;11098354;0;7720;7720;1;15441;0;0;0.100
262144;51865;0;8382946;23273876;0;21428;21428;1;42857;0;0;0.166
262144;13419;0;3255431;9264108;0;5656;5656;1;11313;0;0;0.146
1048576;1749;0;6326004;18704176;0;2996;2996;1;5993;0;0;0.180
4194304;258480;0;158907591;439832740;0;423772;423772;1;847545;0;0;2.700
1048576;6496;0;6633361;19544300;0;3940;3940;1;7881;0;0;0.201
4194304;526838;0;116219222;323186861;0;292520;292520;1;585041;0;0;2.112
1048576;76035;0;9932924;28559165;0;14092;14092;1;28185;0;0;0.262
1048576;46216;0;16212227;45717194;0;33400;33400;1;66801;0;0;0.320
4194304;744800;0;604209933;1656624474;0;1792896;1792896;1;3585793;0;0;8.979
262144;681;0;1600262;4741769;0;564;564;1;1129;0;0;0.069
4194304;3843;0;25888927;76363861;0;14780;14780;1;29561;0;0;0.798
4194304;10703;0;23816631;70700510;0;8396;8396;1;16793;0;0;1.093
4194304;402870;0;123200497;342263632;0;313984;313984;1;627969;0;0;2.238
4194304;177485;0;99296931;276945776;0;240496;240496;1;480993;0;0;1.996
262144;2380;0;1572824;4666751;0;480;480;1;961;0;0;0.067
1048576;25641;0;12123553;34544890;0;20828;20828;1;41657;0;0;0.293
4194304;1544710;0;1913295414;5233714798;0;5817776;5817776;1;11635553;0;0;27.471
4194304;1488;0;23126672;68815164;0;6272;6272;1;12545;0;0;0.753
4194304;109080;0;147410802;408417830;0;388416;388416;1;776833;0;0;2.506
4194304;16214;0;41519790;119073700;0;62828;62828;1;125657;0;0;1.044
262144;77;0;1542053;4582943;0;384;384;1;769;0;0;0.068
262144;8162;0;3766198;10659444;0;7228;7228;1;14457;0;0;0.098
1048576;102060;0;139159652;381672612;0;411412;411412;1;822825;0;0;2.066
4194304;142803;0;207853523;573581145;0;574240;574240;1;1148481;0;0;3.371
4194304;961610;0;659660086;1808138142;0;1963400;1963400;1;3926801;0;0;9.774
4194304;172458;0;90661401;253352109;0;213928;213928;1;427857;0;0;1.718
1048576;1992;0;5494478;16432008;0;440;440;1;881;0;0;0.204
1048576;36224;0;7023567;20609815;0;5144;5144;1;10289;0;0;0.220
1048576;2442;0;7474890;21843758;0;6528;6528;1;13057;0;0;0.269
4194304;110979;0;166511747;460612905;0;447136;447136;1;894273;0;0;2.795
1048576;13199;0;11538502;32946431;0;19028;19028;1;38057;0;0;0.258
1048576;33592;0;5674517;16924242;0;992;992;1;1985;0;0;0.176
4194304;77055;0;50256064;142944867;0;89708;89708;1;179417;0;0;1.163
262144;1860;0;3351800;9527398;0;5952;5952;1;11905;0;0;0.094
4194304;45414;0;63341238;178695111;0;129944;129944;1;259889;0;0;1.318
1048576;18775;0;7367516;21549845;0;6200;6200;1;12401;0;0;0.206
4194304;87770;0;124314439;345309318;0;317396;317396;1;634793;0;0;2.187
4194304;1241757;0;1299207207;3555709169;0;3929732;3929732;1;7859465;0;0;18.794
1048576;7137;0;9382174;27054711;0;12396;12396;1;24793;0;0;0.228
4194304;32818;0;64290470;181294258;0;132840;132840;1;265681;0;0;1.358
4194304;533820;0;29136225;85198806;0;24972;24972;1;49945;0;0;0.838
1048576;22230;0;23541851;65745983;0;55932;55932;1;111865;0;0;0.446
1048576;3102;0;7280740;21312904;0;5932;5932;1;11865;0;0;0.200
4194304;14770;0;40668258;116747402;0;60208;60208;1;120417;0;0;0.999
4194304;981910;0;506220174;1388864402;0;1491632;1491632;1;2983265;0;0;7.596
262144;2088;0;1875950;5495123;0;1412;1412;1;2825;0;0;0.071
1048576;85248;0;47569560;131400445;0;129816;129816;1;259633;0;0;0.758
4194304;25694;0;33349618;96748098;0;37712;37712;1;75425;0;0;0.880
262144;200;0;1454547;4345175;0;136;136;1;273;0;0;0.100
4194304;42448;0;72449418;203587343;0;157932;157932;1;315865;0;0;1.564
4194304;985236;0;120261927;334230518;0;304968;304968;1;609937;0;0;2.174
1048576;21280;0;8018023;23327433;0;8200;8200;1;16401;0;0;0.222
1048576;41106;0;19427806;54503547;0;43288;43288;1;86577;0;0;0.390
262144;5910;0;1594167;4724695;0;548;548;1;1097;0;0;0.065
4194304;433500;0;86866808;242982422;0;202268;202268;1;404537;0;0;1.733
1048576;63772;0;8873003;25663121;0;10832;10832;1;21665;0;0;0.244
262144;656;0;1448199;4326390;0;96;96;1;193;0;0;0.068
262144;16506;0;3069632;8756564;0;5084;5084;1;10169;0;0;0.086
1048576;50940;0;11005969;31491130;0;17392;17392;1;34785;0;0;0.257
1048576;30240;0;28671761;79763162;0;71708;71708;1;143417;0;0;0.495
1048576;65280;0;9607229;27669579;0;13088;13088;1;26177;0;0;0.259
262144;9880;0;2962514;8463545;0;4756;4756;1;9513;0;0;0.087
262144;15301;0;3319143;9430746;0;5896;5896;1;11793;0;0;0.091
4194304;80295;0;126287455;350701637;0;323456;323456;1;646913;0;0;2.195
262144;3612;0;2612024;7506345;0;3676;3676;1;7353;0;0;0.088
1048576;68117;0;8068432;23465023;0;8356;8356;1;16713;0;0;0.234
262144;1470;0;1783400;5242199;0;1128;1128;1;2257;0;0;0.072
262144;3800;0;2824107;8085989;0;4332;4332;1;8665;0;0;0.086
4194304;369005;0;42858624;122730807;0;66952;66952;1;133905;0;0;1.067
1048576;103659;0;9963007;28641450;0;14184;14184;1;28369;0;0;0.304
4194304;324375;0;268808795;740140065;0;761668;761668;1;1523337;0;0;4.185
1048576;304;0;5431713;16261024;0;244;244;1;489;0;0;0.183
1048576;54165;0;11684462;33345583;0;19476;19476;1;38953;0;0;0.257
1048576;48032;0;8765186;25368595;0;10500;10500;1;21001;0;0;0.244
262144;45639;0;3167122;9024165;0;5404;5404;1;10809;0;0;0.100
4194304;24258;0;43738297;125135024;0;69652;69652;1;139305;0;0;1.054
4194304;112032;0;122957186;341601059;0;313228;313228;1;626457;0;0;2.153
262144;630;0;1696701;5007722;0;896;896;1;1793;0;0;0.068
1048576;28710;0;13631521;38667801;0;25476;25476;1;50953;0;0;0.277
262144;88576;0;3985925;11259816;0;7904;7904;1;15809;0;0;0.102
1048576;19162;0;9812945;28231955;0;13720;13720;1;27441;0;0;0.485
4194304;3058;0;25440482;75136234;0;13392;13392;1;26785;0;0;1.001
1048576;775;0;6434559;19001189;0;3328;3328;1;6657;0;0;0.261
1048576;69564;0;14522000;41098537;0;28204;28204;1;56409;0;0;0.311
1048576;51680;0;31964548;88760366;0;81832;81832;1;163665;0;0;0.563
1048576;51798;0;11863444;33834863;0;20024;20024;1;40049;0;0;0.285
4194304;240798;0;60222783;170176443;0;120352;120352;1;240705;0;0;1.405
4194304;97713;0;48384301;137830571;0;83936;83936;1;167873;0;0;1.175
262144;18265;0;2465981;7107006;0;3228;3228;1;6457;0;0;0.077
262144;3262;0;1713227;5050969;0;916;916;1;1833;0;0;0.070
262144;1760;0;2098107;6101917;0;2096;2096;1;4193;0;0;0.073
4194304;341620;0;175212826;484388781;0;473896;473896;1;947793;0;0;2.957
1048576;2015;0;8099615;23550893;0;8448;8448;1;16897;0;0;0.199
262144;51;0;1500823;4472543;0;288;288;1;577;0;0;0.066
1048576;8372;0;16540540;46614892;0;34404;34404;1;68809;0;0;0.334
4194304;140352;0;126182203;350410928;0;323152;323152;1;646305;0;0;2.261
4194304;23104;0;31977114;92996168;0;33496;33496;1;66993;0;0;0.903
4194304;29988;0;60898171;172025455;0;122412;122412;1;244825;0;0;1.304
262144;84770;0;11894105;32822933;0;32492;32492;1;64985;0;0;0.208
262144;93611;0;10626183;29365340;0;28552;28552;1;57105;0;0;0.561
1048576;12040;0;21124097;59139903;0;48496;48496;1;96993;0;0;0.452
1048576;187688;0;178817402;490034183;0;533356;533356;1;1066713;0;0;2.630
4194304;119595;0;177577091;490850625;0;481152;481152;1;962305;0;0;2.948
4194304;199342;0;190639066;526541767;0;521372;521372;1;1042745;0;0;3.157
262144;6467;0;2877002;8230121;0;4492;4492;1;8985;0;0;0.087
262144;3654;0;2124454;6174200;0;2176;2176;1;4353;0;0;0.077
4194304;193159;0;73790542;207251391;0;162060;162060;1;324121;0;0;1.521
4194304;368424;0;204341995;563981576;0;563472;563472;1;1126945;0;0;3.323
4194304;221728;0;116373778;323608449;0;292996;292996;1;585993;0;0;2.109
4194304;5390;0;28082199;82353471;0;21580;21580;1;43161;0;0;0.855
4194304;10329;0;34974905;101190339;0;42704;42704;1;85409;0;0;0.945
4194304;333656;0;351681142;966590068;0;1016468;1016468;1;2032937;0;0;5.403
1048576;7524;0;9064901;26187790;0;11420;11420;1;22841;0;0;0.233
4194304;21518;0;35319934;102131517;0;43772;43772;1;87545;0;0;1.036
1048576;34293;0;16453661;46377355;0;34140;34140;1;68281;0;0;0.345
4194304;719274;0;338577382;930778327;0;976204;976204;1;1952409;0;0;5.252
262144;4683;0;2751244;7886737;0;4104;4104;1;8209;0;0;0.093
1048576;291133;0;12797200;36384972;0;22904;22904;1;45809;0;0;0.287
262144;9432;0;2157219;6263742;0;2280;2280;1;4561;0;0;0.077
4194304;41409;0;55494766;157259722;0;105800;105800;1;211601;0;0;1.229
4194304;530530;0;170882725;472555001;0;460592;460592;1;921185;0;0;2.880
1048576;262856;0;22363101;62522990;0;52320;52320;1;104641;0;0;0.400
1048576;20280;0;8055295;23429010;0;8316;8316;1;16633;0;0;0.219
1048576;69616;0;32671831;90693022;0;84008;84008;1;168017;0;0;0.557
4194304;122600;0;117759147;327398006;0;297240;297240;1;594481;0;0;2.086
1048576;6634;0;6781399;19948631;0;4396;4396;1;8793;0;0;0.207
262144;2604;0;3441835;9773522;0;6228;6228;1;12457;0;0;0.101
4194304;1452802;0;501267718;1375334093;0;1476392;1476392;1;2952785;0;0;7.665
4194304;110880;0;34714274;100476926;0;41908;41908;1;83817;0;0;0.927
1048576;18792;0;16536802;46604308;0;34396;34396;1;68793;0;0;0.336
4194304;36072;0;53090156;150688394;0;98408;98408;1;196817;0;0;1.228
4194304;58644;0;21555725;64520222;0;1456;1456;1;2913;0;0;0.741
1048576;221952;0;35857894;99397345;0;93812;93812;1;187625;0;0;0.595
1048576;1254;0;6056810;17971498;0;2200;2200;1;4401;0;0;0.210
4194304;813316;0;82423214;230838772;0;188612;188612;1;377225;0;0;1.606
1048576;139346;0;16488904;46472850;0;34252;34252;1;68505;0;0;0.326
4194304;73144;0;41592483;119271584;0;63056;63056;1;126113;0;0;1.040
4194304;4150;0;24707676;73135116;0;11136;11136;1;22273;0;0;0.797
1048576;6489;0;14222441;40279875;0;27280;27280;1;54561;0;0;0.294
262144;21109;0;1981053;5782121;0;1736;1736;1;3473;0;0;0.150
1048576;9338;0;5846040;17392791;0;1520;1520;1;3041;0;0;0.204
262144;246;0;1889646;5535178;0;1488;1488;1;2977;0;0;0.073
262144;3834;0;2468495;7113794;0;3236;3236;1;6473;0;0;0.082
262144;15615;0;3770217;10670493;0;7240;7240;1;14481;0;0;0.097
4194304;3312;0;25884624;76349284;0;14760;14760;1;29521;0;0;1.041
1048576;2538;0;6124196;18152679;0;2376;2376;1;4753;0;0;0.189
4194304;20144;0;43005525;123135344;0;67432;67432;1;134865;0;0;1.039
1048576;5070;0;7328930;21444541;0;6080;6080;1;12161;0;0;0.251
4194304;26656;0;31862388;92684474;0;33136;33136;1;66273;0;0;0.972
1048576;43632;0;8706809;25209197;0;10320;10320;1;20641;0;0;0.252
4194304;71574;0;45366311;129583722;0;74660;74660;1;149321;0;0;1.094
4194304;80427;0;126464435;351185313;0;324000;324000;1;648001;0;0;2.269
1048576;243344;0;17353269;48834395;0;36912;36912;1;73825;0;0;0.353
262144;32208;0;4581245;12886249;0;9736;9736;1;19473;0;0;0.113
1048576;4494;0;5705419;17008747;0;1088;1088;1;2177;0;0;0.206
262144;16830;0;2880617;8242437;0;4536;4536;1;9073;0;0;0.131
4194304;240730;0;57432271;162554336;0;111756;111756;1;223513;0;0;1.264
1048576;119274;0;21921092;61315933;0;50956;50956;1;101913;0;0;0.412
4194304;7264;0;24560317;72731692;0;10684;10684;1;21369;0;0;0.774
262144;13875;0;3188916;9082192;0;5452;5452;1;10905;0;0;0.092
1048576;55413;0;26276340;73216418;0;64348;64348;1;128697;0;0;0.471
1048576;97340;0;34466163;95595420;0;89528;89528;1;179057;0;0;0.588
4194304;828125;0;116653646;324373986;0;293856;293856;1;587713;0;0;2.085
4194304;179200;0;255647408;704179072;0;721188;721188;1;1442377;0;0;4.082
1048576;22816;0;10910775;31231330;0;17096;17096;1;34193;0;0;0.255
4194304;1350;0;22033779;65828867;0;2912;2912;1;5825;0;0;0.743
1048576;396;0;5920772;17597316;0;1748;1748;1;3497;0;0;0.175
4194304;260316;0;242198263;667425337;0;679872;679872;1;1359745;0;0;3.834
262144;1260;0;1712293;5048009;0;908;908;1;1817;0;0;0.070
4194304;368514;0;44012296;125883152;0;70500;70500;1;141001;0;0;1.100
4194304;489270;0;584617770;1603088446;0;1732652;1732652;1;3465305;0;0;8.932
4194304;8976;0;33464080;97063790;0;38088;38088;1;76177;0;0;0.911
4194304;491016;0;317349147;872774151;0;910920;910920;1;1821841;0;0;4.933
1048576;37050;0;31908245;88607120;0;81656;81656;1;163313;0;0;0.544
4194304;62125;0;102599397;285974207;0;250624;250624;1;501249;0;0;1.877
262144;55081;0;8503033;23602156;0;21796;21796;1;43593;0;0;0.165
4194304;651;0;22002851;65744481;0;2816;2816;1;5633;0;0;0.796
262144;66992;0;6756140;18807473;0;16552;16552;1;33105;0;0;0.142
1048576;67600;0;7677004;22394746;0;7156;7156;1;14313;0;0;0.211
4194304;506348;0;186060331;514029928;0;507244;507244;1;1014489;0;0;3.119
4194304;316480;0;75259653;211265340;0;166580;166580;1;333161;0;0;1.509
4194304;709920;0;78369887;219763953;0;176148;176148;1;352297;0;0;1.641
4194304;390864;0;88386978;247133658;0;206952;206952;1;413905;0;0;1.785
4194304;3066;0;25652426;75714354;0;14048;14048;1;28097;0;0;0.830
4194304;171288;0;50644279;144005621;0;90888;90888;1;181777;0;0;1.202
1048576;17802;0;14138988;40052778;0;27020;27020;1;54041;0;0;0.294
4194304;6050;0;28589852;83743144;0;23072;23072;1;46145;0;0;0.836
4194304;483;0;21815195;65231433;0;2240;2240;1;4481;0;0;0.777
1048576;9464;0;8691323;25166911;0;10272;10272;1;20545;0;0;0.244
1048576;233740;0;163049787;446949074;0;484880;484880;1;969761;0;0;2.411
4194304;394723;0;405364081;1113278167;0;1181520;1181520;1;2363041;0;0;6.158
4194304;2480;0;24501616;72572272;0;10500;10500;1;21001;0;0;0.834
1048576;21050;0;27247023;75870492;0;67328;67328;1;134657;0;0;0.629
262144;6708;0;1570692;4660532;0;476;476;1;953;0;0;0.080
4194304;162998;0;118806184;330255652;0;300472;300472;1;600945;0;0;2.114
1048576;20049;0;15189048;42922480;0;30248;30248;1;60497;0;0;0.302
262144;420;0;1449461;4329814;0;100;100;1;201;0;0;0.068
4194304;168849;0;140068177;388355441;0;365840;365840;1;731681;0;0;2.399
1048576;40020;0;58260656;160615680;0;162680;162680;1;325361;0;0;0.917
4194304;118534;0;176343830;487481398;0;477360;477360;1;954721;0;0;2.961
262144;30654;0;5265734;14756676;0;11840;11840;1;23681;0;0;0.123
4194304;904540;0;1181937408;3235273292;0;3569148;3569148;1;7138297;0;0;17.162
1048576;32850;0;8855388;25615317;0;10776;10776;1;21553;0;0;0.226
262144;17808;0;2569801;7390496;0;3548;3548;1;7097;0;0;0.083
262144;9164;0;2298193;6645859;0;2728;2728;1;5457;0;0;0.079
1048576;81592;0;24989578;69700456;0;60392;60392;1;120785;0;0;0.453
4194304;48530;0;84920386;237664810;0;196272;196272;1;392545;0;0;1.648
4194304;1494927;0;368078433;1011393078;0;1066896;1066896;1;2133793;0;0;6.018
1048576;107646;0;7373236;21565135;0;6220;6220;1;12441;0;0;0.247
1048576;66802;0;19755616;55398530;0;44300;44300;1;88601;0;0;0.385
4194304;204584;0;157228779;435244532;0;418612;418612;1;837225;0;0;2.652
262144;4176;0;4731715;13297924;0;10196;10196;1;20393;0;0;0.114
4194304;56086;0;75285027;211334010;0;166656;166656;1;333313;0;0;1.516
1048576;166320;0;13544937;38394275;0;25404;25404;1;50809;0;0;0.288
4194304;123830;0;40784059;117061738;0;60576;60576;1;121153;0;0;1.020
4194304;6076;0;23621848;70167909;0;7796;7796;1;15593;0;0;0.794
1048576;358226;0;48566817;134125120;0;132884;132884;1;265769;0;0;0.777
1048576;8088;0;9345398;26953599;0;12284;12284;1;24569;0;0;0.220
262144;13481;0;3418949;9710656;0;6160;6160;1;12321;0;0;0.095
262144;49368;0;5796279;16206279;0;13472;13472;1;26945;0;0;0.127
1048576;404640;0;90505735;248722150;0;261836;261836;1;523673;0;0;1.395
262144;5248;0;5289470;14821708;0;11912;11912;1;23825;0;0;0.120
4194304;20112;0;29126903;85210526;0;24724;24724;1;49449;0;0;0.846
262144;31266;0;3069632;8756564;0;5084;5084;1;10169;0;0;0.088
1048576;340;0;5911152;17570624;0;1720;1720;1;3441;0;0;0.170
1048576;14070;0;21030965;58884999;0;48212;48212;1;96425;0;0;0.384
262144;39370;0;14720318;40590261;0;40916;40916;1;81833;0;0;0.256
4194304;2730;0;23743966;70501745;0;8172;8172;1;16345;0;0;0.824
1048576;450;0;6136946;18187194;0;2416;2416;1;4833;0;0;0.174
262144;14775;0;3988754;11267674;0;7912;7912;1;15825;0;0;0.101
4194304;136398;0;90190466;252063729;0;212488;212488;1;424977;0;0;1.737
262144;465;0;2024422;5900880;0;1868;1868;1;3737;0;0;0.074
262144;8494;0;2689343;7717146;0;3916;3916;1;7833;0;0;0.084
262144;5730;0;1797729;5282977;0;1196;1196;1;2393;0;0;0.072
1048576;2247;0;7498091;21906835;0;6600;6600;1;13201;0;0;0.194
4194304;83745;0;105741785;294559963;0;260300;260300;1;520601;0;0;1.950
4194304;23850;0;53186522;150953202;0;98704;98704;1;197409;0;0;1.183
1048576;51858;0;9544805;27499299;0;12896;12896;1;25793;0;0;0.500
1048576;166704;0;79943609;219860788;0;229364;229364;1;458729;0;0;1.329
262144;46580;0;3160107;9003424;0;5364;5364;1;10729;0;0;0.103
4194304;55826;0;94553726;263989514;0;225888;225888;1;451777;0;0;1.806
262144;43188;0;3767907;10654935;0;7288;7288;1;14577;0;0;0.105
1048576;8235;0;9011319;26040981;0;11256;11256;1;22513;0;0;0.230
262144;18666;0;6761925;18845511;0;16452;16452;1;32905;0;0;0.144
1048576;671751;0;24748194;69040475;0;59652;59652;1;119305;0;0;0.441
4194304;46284;0;23612615;70142630;0;7768;7768;1;15537;0;0;0.813
1048576;2530;0;6879156;20216009;0;4696;4696;1;9393;0;0;0.202
1048576;4849;0;6232166;18447807;0;2708;2708;1;5417;0;0;0.177
262144;1264;0;1751166;5154156;0;1028;1028;1;2057;0;0;0.070
1048576;10506;0;10475459;30042451;0;15756;15756;1;31513;0;0;0.239
1048576;4784;0;7925383;23075894;0;7932;7932;1;15865;0;0;0.211
4194304;1048590;0;1219399243;3337637071;0;3684344;3684344;1;7368689;0;0;17.709
1048576;186046;0;44230352;122276036;0;119548;119548;1;239097;0;0;0.728
4194304;599522;0;129051396;358249937;0;331980;331980;1;663961;0;0;2.272
4194304;78597;0;51766006;147070656;0;94336;94336;1;188673;0;0;1.166
262144;5643;0;2454467;7075671;0;3192;3192;1;6385;0;0;0.083
4194304;37840;0;53432203;151622975;0;99460;99460;1;198921;0;0;1.232
4194304;72964;0;60369539;170580601;0;120788;120788;1;241577;0;0;1.300
4194304;568435;0;679437999;1862187005;0;2024184;2024184;1;4048369;0;0;10.032
4194304;25344;0;54553450;154688439;0;102904;102904;1;205809;0;0;1.200
4194304;486445;0;605281980;1659552276;0;1796192;1796192;1;3592385;0;0;8.981
4194304;42881;0;54553517;154686569;0;102912;102912;1;205825;0;0;1.204
1048576;24320;0;7287993;21332452;0;5956;5956;1;11913;0;0;0.220
262144;13923;0;2254222;6529260;0;2584;2584;1;5169;0;0;0.096
262144;820;0;2564372;7376320;0;3528;3528;1;7057;0;0;0.082
4194304;123970;0;46863823;133674622;0;79268;79268;1;158537;0;0;1.108
4194304;482130;0;131675881;365418773;0;340064;340064;1;680129;0;0;2.356
4194304;401964;0;72048722;202491973;0;156708;156708;1;313417;0;0;1.498
1048576;5808;0;12122694;34543572;0;20820;20820;1;41641;0;0;0.260
4194304;361713;0;107899222;300450968;0;266948;266948;1;533897;0;0;1.961
262144;16082;0;2953910;8440277;0;4728;4728;1;9457;0;0;0.091
4194304;230880;0;240456902;662667326;0;674500;674500;1;1349001;0;0;3.834
4194304;342818;0;420640710;1155018672;0;1228496;1228496;1;2456993;0;0;6.365
1048576;65486;0;11417650;32616225;0;18656;18656;1;37313;0;0;0.259
1048576;270237;0;78912495;217044478;0;226188;226188;1;452377;0;0;1.207
1048576;7536;0;7867137;22915002;0;7736;7736;1;15473;0;0;0.458
4194304;1282592;0;78668954;220579178;0;177076;177076;1;354153;0;0;1.762
1048576;150064;0;78821910;216795490;0;225916;225916;1;451833;0;0;1.226
262144;57405;0;5526750;15469696;0;12644;12644;1;25289;0;0;0.189
4194304;295135;0;25473682;75209591;0;13600;13600;1;27201;0;0;0.844
4194304;2541;0;24708021;73136191;0;11136;11136;1;22273;0;0;0.847
4194304;210012;0;115577847;321437619;0;290532;290532;1;581065;0;0;2.051
4194304;4472;0;27163168;79844896;0;18684;18684;1;37369;0;0;0.874
1048576;84757;0;12798221;36388181;0;22904;22904;1;45809;0;0;0.282
262144;2585;0;2770559;7939212;0;4164;4164;1;8329;0;0;0.083
4194304;326350;0;339462043;933198725;0;978900;978900;1;1957801;0;0;5.261
4194304;25200;0;51552871;146484161;0;93696;93696;1;187393;0;0;1.213
4194304;30456;0;59888036;169265018;0;119304;119304;1;238609;0;0;1.293
4194304;12121;0;37292609;107521503;0;49836;49836;1;99673;0;0;0.947
4194304;140530;0;40351909;115881065;0;59244;59244;1;118489;0;0;1.052
1048576;21574;0;8115418;23593523;0;8500;8500;1;17001;0;0;0.285
4194304;13950;0;39552098;113697414;0;56776;56776;1;113553;0;0;0.986
1048576;129375;0;21855210;61135485;0;50756;50756;1;101513;0;0;0.399
1048576;238640;0;49865726;137672881;0;136884;136884;1;273769;0;0;0.806
1048576;4800;0;8838130;25569308;0;10732;10732;1;21465;0;0;0.230
1048576;22748;0;9712804;27958155;0;13412;13412;1;26825;0;0;0.225
262144;7056;0;2123888;6170229;0;2188;2188;1;4377;0;0;0.073
1048576;8970;0;7760265;22623093;0;7408;7408;1;14817;0;0;0.202
1048576;10850;0;19760638;55413994;0;44304;44304;1;88609;0;0;0.371
4194304;776116;0;377280445;1036536095;0;1095188;1095188;1;2190377;0;0;5.781
1048576;17020;0;9253308;26702423;0;12000;12000;1;24001;0;0;0.237
262144;696;0;1427587;4270171;0;32;32;1;65;0;0;0.089
4194304;32186;0;63603790;179418730;0;130728;130728;1;261457;0;0;1.325
4194304;75828;0;120476820;334823536;0;305592;305592;1;611185;0;0;2.191
1048576;31622;0;11278327;32235661;0;18228;18228;1;36457;0;0;0.256
4194304;2392;0;24455844;72447164;0;10360;10360;1;20721;0;0;0.762
1048576;149940;0;19801955;55525521;0;44440;44440;1;88881;0;0;0.389
4194304;203514;0;107240422;298653602;0;264904;264904;1;529809;0;0;1.966
262144;10368;0;3200701;9114541;0;5488;5488;1;10977;0;0;0.086
262144;9879;0;3631902;10292372;0;6816;6816;1;13633;0;0;0.094
1048576;2808;0;6653046;19600210;0;4028;4028;1;8057;0;0;0.187
1048576;13780;0;10428855;29915149;0;15612;15612;1;31225;0;0;0.249
262144;384;0;1549715;4603832;0;408;408;1;817;0;0;0.065
1048576;44603;0;13243219;37604984;0;24268;24268;1;48537;0;0;0.280
4194304;31374;0;49784171;141654488;0;88244;88244;1;176489;0;0;1.184
4194304;26640;0;56201168;159190332;0;107968;107968;1;215937;0;0;1.373
262144;3800;0;3536749;10032956;0;6520;6520;1;13041;0;0;0.095
4194304;12597;0;24366962;72203788;0;10088;10088;1;20177;0;0;0.857
1048576;304407;0;228568266;625976620;0;686340;686340;1;1372681;0;0;3.317
4194304;387126;0;145489739;403169617;0;382512;382512;1;765025;0;0;2.500
1048576;98415;0;29542843;82142041;0;74392;74392;1;148785;0;0;0.518
1048576;350244;0;41895426;115895523;0;112372;112372;1;224745;0;0;0.683
1048576;97782;0;64959651;178918272;0;183288;183288;1;366577;0;0;1.003
4194304;515850;0;694118762;1902305562;0;2069304;2069304;1;4138609;0;0;10.249
1048576;2368;0;6279454;18577155;0;2852;2852;1;5705;0;0;0.210
4194304;500872;0;637499232;1747589630;0;1895236;1895236;1;3790473;0;0;9.556
4194304;70596;0;84396905;236235174;0;194664;194664;1;389329;0;0;1.623
4194304;16212;0;36316668;104853660;0;46840;46840;1;93681;0;0;0.929
4194304;290474;0;61766099;174393388;0;125096;125096;1;250193;0;0;1.330
1048576;12300;0;21692220;60694144;0;50264;50264;1;100529;0;0;0.411
4194304;564014;0;129636486;359849505;0;333772;333772;1;667545;0;0;2.275
4194304;9350;0;33543862;97279462;0;38304;38304;1;76609;0;0;0.927
1048576;405;0;5981205;17764999;0;1968;1968;1;3937;0;0;0.179
1048576;35532;0;30066611;83574104;0;75996;75996;1;151993;0;0;0.527
1048576;2880;0;7170781;21011904;0;5596;5596;1;11193;0;0;0.341
262144;3264;0;2973600;8494142;0;4788;4788;1;9577;0;0;0.090
262144;22800;0;4704215;13222588;0;10112;10112;1;20225;0;0;0.110
262144;6032;0;3013662;8603476;0;4912;4912;1;9825;0;0;0.086
262144;200;0;1672441;4941613;0;820;820;1;1641;0;0;0.067
1048576;46240;0;11122341;31809362;0;17748;17748;1;35497;0;0;0.249
262144;9030;0;1719300;5066089;0;936;936;1;1873;0;0;0.070
4194304;116870;0;101981704;284285497;0;248732;248732;1;497465;0;0;1.923
4194304;280;0;21531908;64457692;0;1368;1368;1;2737;0;0;0.759
4194304;287046;0;395954486;1087567686;0;1152576;1152576;1;2305153;0;0;6.030
4194304;2541;0;24536861;72668559;0;10608;10608;1;21217;0;0;0.800
1048576;27084;0;20579256;57650257;0;46832;46832;1;93665;0;0;0.383
1048576;97356;0;8356472;24251675;0;9244;9244;1;18489;0;0;0.239
1048576;7740;0;9362804;27001811;0;12336;12336;1;24673;0;0;0.221
4194304;94510;0;63604410;179419916;0;130732;130732;1;261465;0;0;1.530
1048576;56;0;5394015;16158033;0;128;128;1;257;0;0;0.203
1048576;1152;0;7229840;21172656;0;5780;5780;1;11561;0;0;0.190
4194304;387030;0;242773403;668997671;0;681624;681624;1;1363249;0;0;3.903
4194304;147378;0;80666666;226039319;0;183208;183208;1;366417;0;0;1.615
4194304;789888;0;104550048;291299098;0;256652;256652;1;513305;0;0;1.966
4194304;705568;0;85581508;239469380;0;198320;198320;1;396641;0;0;1.681
4194304;1634754;0;212841030;587202113;0;589620;589620;1;1179241;0;0;3.457
262144;21275;0;4584091;12895196;0;9764;9764;1;19529;0;0;0.108
262144;2673;0;2737121;7850490;0;4096;4096;1;8193;0;0;0.084
262144;3332;0;1463707;4368709;0;144;144;1;289;0;0;0.069
4194304;370125;0;38291278;110249788;0;52912;52912;1;105825;0;0;0.954
4194304;13145;0;38570305;111013843;0;53760;53760;1;107521;0;0;1.012
4194304;4700;0;26592881;78286180;0;16932;16932;1;33865;0;0;0.854
1048576;5551;0;7236151;21190939;0;5796;5796;1;11593;0;0;0.219
4194304;242347;0;124801158;346635768;0;318912;318912;1;637825;0;0;2.227
4194304;42159;0;24029412;71281299;0;9052;9052;1;18105;0;0;0.766
1048576;10738;0;14244152;40339491;0;27348;27348;1;54697;0;0;0.291
4194304;2691;0;24728995;73193233;0;11200;11200;1;22401;0;0;0.806
262144;288;0;1835388;5386996;0;1320;1320;1;2641;0;0;0.069
4194304;588960;0;176234653;487176665;0;477060;477060;1;954121;0;0;2.936
262144;700;0;1983597;5788904;0;1744;1744;1;3489;0;0;0.102
1048576;85279;0;12445856;35425475;0;21820;21820;1;43641;0;0;0.295
262144;16043;0;3254002;9260196;0;5652;5652;1;11305;0;0;0.200
4194304;374718;0;187881804;519007055;0;512844;512844;1;1025689;0;0;3.073
1048576;18864;0;27491292;76537848;0;68076;68076;1;136153;0;0;0.484
4194304;56472;0;64964481;183136091;0;134916;134916;1;269833;0;0;1.349
4194304;907990;0;923696106;2529620657;0;2775200;2775200;1;5550401;0;0;13.491
4194304;197582;0;201058824;555010036;0;553368;553368;1;1106737;0;0;3.251
1048576;1584;0;7563568;22086188;0;6800;6800;1;13601;0;0;0.198
1048576;204776;0;11946172;34060030;0;20284;20284;1;40569;0;0;0.267
262144;6886;0;3881765;10978074;0;7616;7616;1;15233;0;0;0.100
1048576;10584;0;5510068;16474707;0;488;488;1;977;0;0;0.172
262144;3648;0;1804836;5302988;0;1228;1228;1;2457;0;0;0.074
1048576;19389;0;14364484;40669021;0;27720;27720;1;55441;0;0;0.363
4194304;67512;0;49017813;139561991;0;85884;85884;1;171769;0;0;1.162
4194304;690485;0;64607545;182156758;0;133840;133840;1;267681;0;0;1.452
262144;12920;0;2575300;7405806;0;3564;3564;1;7129;0;0;0.154
262144;972;0;2049902;5973015;0;1980;1980;1;3961;0;0;0.073
4194304;2668;0;24694212;73098404;0;11092;11092;1;22185;0;0;0.840
1048576;5005;0;12095841;34470509;0;20736;20736;1;41473;0;0;0.270
262144;5376;0;1624948;4809247;0;640;640;1;1281;0;0;0.068
262144;5488;0;4002601;11306022;0;7952;7952;1;15905;0;0;0.100
262144;1904;0;2073569;6034916;0;2020;2020;1;4041;0;0;0.072
4194304;41516;0;75628820;212276708;0;167700;167700;1;335401;0;0;1.534
262144;370;0;1506740;4486349;0;276;276;1;553;0;0;0.065
4194304;8213;0;29124520;85203992;0;24716;24716;1;49433;0;0;0.854
4194304;52638;0;71457381;200876149;0;154888;154888;1;309777;0;0;1.486
4194304;53550;0;91413614;255409062;0;216232;216232;1;432465;0;0;1.724
1048576;31291;0;25501857;71101564;0;61960;61960;1;123921;0;0;0.454
1048576;44030;0;12321936;35087404;0;21436;21436;1;42873;0;0;0.279
4194304;164346;0;57005458;161386368;0;110452;110452;1;220905;0;0;1.272
1048576;43296;0;9454042;27251163;0;12616;12616;1;25233;0;0;0.219
262144;1369;0;2948497;8427373;0;4732;4732;1;9465;0;0;0.086
4194304;692714;0;753122087;2063527868;0;2250748;2250748;1;4501497;0;0;11.189
1048576;77456;0;22546390;63025844;0;52872;52872;1;105745;0;0;0.423
4194304;9312;0;33516944;97206504;0;38220;38220;1;76441;0;0;0.935
1048576;40321;0;6441134;19018500;0;3352;3352;1;6705;0;0;0.213
262144;2739;0;2676700;7682744;0;3876;3876;1;7753;0;0;0.080
4194304;29884;0;60439752;170772296;0;121000;121000;1;242001;0;0;1.300
1048576;359831;0;8295525;24085240;0;9056;9056;1;18113;0;0;0.240
1048576;14787;0;7500152;21912246;0;6608;6608;1;13217;0;0;0.198
4194304;27030;0;47030824;134132203;0;79776;79776;1;159553;0;0;1.114
4194304;123809;0;99654251;277924761;0;241576;241576;1;483153;0;0;1.849
262144;226;0;1541701;4581785;0;384;384;1;769;0;0;0.129
4194304;20424;0;48293480;137581248;0;83660;83660;1;167321;0;0;1.147
1048576;52668;0;12416883;35346765;0;21728;21728;1;43457;0;0;0.270
4194304;424815;0;134519253;373192485;0;348780;348780;1;697561;0;0;2.327
1048576;26559;0;23528183;65707672;0;55896;55896;1;111793;0;0;0.426
1048576;172308;0;73248117;201564360;0;208784;208784;1;417569;0;0;1.139
4194304;813509;0;88162956;246521843;0;206264;206264;1;412529;0;0;1.715
1048576;4796;0;9742014;28038387;0;13500;13500;1;27001;0;0;0.245
4194304;484155;0;517082372;1418547924;0;1525012;1525012;1;3050025;0;0;7.778
262144;11919;0;4781849;13434549;0;10352;10352;1;20705;0;0;0.112
262144;10752;0;2303782;6660670;0;2748;2748;1;5497;0;0;0.079
1048576;28301;0;16608366;46799754;0;34616;34616;1;69233;0;0;0.324
4194304;176088;0;24345586;72130370;0;10112;10112;1;20225;0;0;0.789
262144;388;0;1539224;4575040;0;376;376;1;753;0;0;0.071
4194304;23569;0;52438545;148909643;0;96400;96400;1;192801;0;0;1.181
1048576;16335;0;11311643;32327185;0;18328;18328;1;36657;0;0;0.262
4194304;1567764;0;183841732;507962928;0;500448;500448;1;1000897;0;0;3.022
1048576;270;0;5616240;16765104;0;812;812;1;1625;0;0;0.173
4194304;427448;0;578975552;1587673664;0;1715292;1715292;1;3430585;0;0;8.673
262144;36736;0;6027445;16839310;0;14196;14196;1;28393;0;0;0.129
4194304;5244;0;28103912;82415400;0;21576;21576;1;43153;0;0;0.821
4194304;61050;0;101181342;282099322;0;246264;246264;1;492529;0;0;1.880
4194304;41280;0;42786337;122533483;0;66728;66728;1;133457;0;0;1.043
262144;140506;0;4768239;13397698;0;10308;10308;1;20617;0;0;0.124
1048576;99876;0;80103909;220301383;0;229844;229844;1;459689;0;0;1.239
4194304;36550;0;33059941;95957601;0;36816;36816;1;73633;0;0;0.925
1048576;500;0;5802028;17272809;0;1384;1384;1;2769;0;0;0.181
1048576;5032;0;9411311;27134571;0;12484;12484;1;24969;0;0;0.277
4194304;263264;0;211703569;584096149;0;586100;586100;1;1172201;0;0;3.470
4194304;72680;0;101284289;282378746;0;246588;246588;1;493177;0;0;1.864
1048576;10556;0;14315328;40534619;0;27564;27564;1;55129;0;0;0.291
1048576;7535;0;6090890;18062069;0;2272;2272;1;4545;0;0;0.286
4194304;110920;0;166309896;460062260;0;446512;446512;1;893025;0;0;2.764
262144;2772;0;2740767;7858036;0;4072;4072;1;8145;0;0;0.086
4194304;1134;0;22686722;67612806;0;4920;4920;1;9841;0;0;0.756
1048576;536;0;5546828;16578117;0;632;632;1;1265;0;0;0.168
262144;348;0;1561422;4635754;0;444;444;1;889;0;0;0.069
4194304;81060;0;57733747;163376444;0;112692;112692;1;225385;0;0;1.261
262144;125120;0;4979189;13973561;0;10960;10960;1;21921;0;0;0.115
4194304;101016;0;52868234;150081516;0;97728;97728;1;195457;0;0;1.181
4194304;114048;0;79419620;222632700;0;179368;179368;1;358737;0;0;1.604
262144;11063;0;3456474;9813401;0;6276;6276;1;12553;0;0;0.095
4194304;10693;0;21234332;63644188;0;456;456;1;913;0;0;0.734
262144;5513;0;3529977;10014228;0;6500;6500;1;13001;0;0;0.123
1048576;97626;0;15315557;43225756;0;30888;30888;1;61777;0;0;0.333
262144;4788;0;2454544;7077407;0;3212;3212;1;6425;0;0;0.082
4194304;448800;0;93703608;261663368;0;223292;223292;1;446585;0;0;1.767
1048576;13554;0;9473241;27303319;0;12676;12676;1;25353;0;0;0.227
262144;85956;0;9481031;26240071;0;25008;25008;1;50017;0;0;0.180
4194304;112435;0;168355875;465654233;0;452800;452800;1;905601;0;0;2.807
4194304;169157;0;242271613;667628071;0;680064;680064;1;1360129;0;0;3.912
1048576;6688;0;6276872;18570250;0;2844;2844;1;5689;0;0;0.182
4194304;247842;0;47369480;135056913;0;80820;80820;1;161641;0;0;1.108
4194304;328032;0;449342560;1233451868;0;1316720;1316720;1;2633441;0;0;6.797
1048576;62357;0;24437868;68194270;0;58688;58688;1;117377;0;0;0.434
4194304;454500;0;490585319;1346144197;0;1443552;1443552;1;2887105;0;0;7.359
4194304;6464;0;30555760;89114464;0;29124;29124;1;58249;0;0;0.838
1048576;702;0;6379550;18850566;0;3160;3160;1;6321;0;0;0.189
