4194304;36256;0;0;0;0;146848;146848;1;293697;0;0;1.257
1048576;21831;0;0;0;0;15420;15420;1;30841;0;0;0.247
262144;8700;0;0;0;0;1236;1236;1;2473;0;0;0.068
262144;50;0;0;0;0;312;312;1;625;0;0;0.058
262144;555;0;0;0;0;972;972;1;1945;0;0;0.058
4194304;169580;0;0;0;0;179600;179600;1;359201;0;0;1.044
4194304;215784;0;0;0;0;149448;149448;1;298897;0;0;0.966
4194304;772;0;0;0;0;3880;3880;1;7761;0;0;0.610
1048576;232944;0;0;0;0;188104;188104;1;376209;0;0;0.528
1048576;36252;0;0;0;0;22452;22452;1;44905;0;0;0.191
4194304;6336;0;0;0;0;25968;25968;1;51937;0;0;0.691
1048576;1490;0;0;0;0;1748;1748;1;3497;0;0;0.127
1048576;4970;0;0;0;0;7044;7044;1;14089;0;0;0.153
4194304;144826;0;0;0;0;254364;254364;1;508729;0;0;1.129
4194304;514402;0;0;0;0;973120;973120;1;1946241;0;0;2.695
1048576;10746;0;0;0;0;45448;45448;1;90897;0;0;0.228
4194304;1526;0;0;0;0;6600;6600;1;13201;0;0;0.589
1048576;48112;0;0;0;0;20828;20828;1;41657;0;0;0.179
1048576;200600;0;0;0;0;300;300;1;601;0;0;0.161
1048576;12712;0;0;0;0;51540;51540;1;103081;0;0;0.247
4194304;149455;0;0;0;0;55436;55436;1;110873;0;0;0.727
262144;4692;0;0;0;0;8184;8184;1;16369;0;0;0.076
262144;3479;0;0;0;0;10544;10544;1;21089;0;0;0.078
4194304;80443;0;0;0;0;150840;150840;1;301681;0;0;0.928
1048576;12000;0;0;0;0;46420;46420;1;92841;0;0;0.234
4194304;79810;0;0;0;0;318688;318688;1;637377;0;0;1.272
1048576;39376;0;0;0;0;79752;79752;1;159505;0;0;0.305
262144;11352;0;0;0;0;4080;4080;1;8161;0;0;0.063
262144;4850;0;0;0;0;2024;2024;1;4049;0;0;0.060
4194304;106470;0;0;0;0;177380;177380;1;354761;0;0;1.113
262144;32385;0;0;0;0;13660;13660;1;27321;0;0;0.103
4194304;10251;0;0;0;0;43488;43488;1;86977;0;0;0.702
1048576;138408;0;0;0;0;9324;9324;1;18649;0;0;0.180
1048576;68894;0;0;0;0;81016;81016;1;162033;0;0;0.302
262144;7381;0;0;0;0;6940;6940;1;13881;0;0;0.070
4194304;959802;0;0;0;0;105892;105892;1;211785;0;0;0.859
4194304;858728;0;0;0;0;2248564;2248564;1;4497129;0;0;5.413
1048576;495726;0;0;0;0;1403992;1403992;1;2807985;0;0;3.134
4194304;228956;0;0;0;0;579352;579352;1;1158705;0;0;1.898
262144;12064;0;0;0;0;9428;9428;1;18857;0;0;0.075
262144;49742;0;0;0;0;12940;12940;1;25881;0;0;0.079
4194304;11748;0;0;0;0;540;540;1;1081;0;0;0.608
1048576;78570;0;0;0;0;16836;16836;1;33673;0;0;0.195
4194304;180218;0;0;0;0;138248;138248;1;276497;0;0;0.921
4194304;24531;0;0;0;0;73956;73956;1;147913;0;0;0.744
4194304;1166619;0;0;0;0;425884;425884;1;851769;0;0;1.524
262144;5247;0;0;0;0;2956;2956;1;5913;0;0;0.061
1048576;13764;0;0;0;0;18508;18508;1;37017;0;0;0.164
4194304;24966;0;0;0;0;49712;49712;1;99425;0;0;0.727
4194304;5134;0;0;0;0;21816;21816;1;43633;0;0;0.636
1048576;10478;0;0;0;0;8088;8088;1;16177;0;0;0.146
4194304;224731;0;0;0;0;54004;54004;1;108009;0;0;0.729
1048576;36822;0;0;0;0;48044;48044;1;96089;0;0;0.230
4194304;311499;0;0;0;0;260888;260888;1;521777;0;0;1.177
4194304;1850;0;0;0;0;7800;7800;1;15601;0;0;0.651
1048576;950;0;0;0;0;1644;1644;1;3289;0;0;0.159
4194304;63544;0;0;0;0;184272;184272;1;368545;0;0;0.981
1048576;138180;0;0;0;0;206260;206260;1;412521;0;0;0.707
262144;2070;0;0;0;0;3276;3276;1;6553;0;0;0.065
4194304;2252920;0;0;0;0;4942268;4942268;1;9884537;0;0;11.111
262144;76;0;0;0;0;400;400;1;801;0;0;0.056
1048576;1568;0;0;0;0;6600;6600;1;13201;0;0;0.221
1048576;39750;0;0;0;0;28944;28944;1;57889;0;0;0.442
1048576;14659;0;0;0;0;12516;12516;1;25033;0;0;0.165
1048576;12078;0;0;0;0;6848;6848;1;13697;0;0;0.189
1048576;320382;0;0;0;0;35704;35704;1;71409;0;0;0.210
4194304;182200;0;0;0;0;54652;54652;1;109305;0;0;0.760
1048576;66736;0;0;0;0;2436;2436;1;4873;0;0;0.134
4194304;966330;0;0;0;0;1790964;1790964;1;3581929;0;0;4.419
4194304;721602;0;0;0;0;208244;208244;1;416489;0;0;1.011
262144;8715;0;0;0;0;1600;1600;1;3201;0;0;0.060
4194304;257516;0;0;0;0;217696;217696;1;435393;0;0;1.094
1048576;464118;0;0;0;0;58368;58368;1;116737;0;0;0.260
4194304;41328;0;0;0;0;167040;167040;1;334081;0;0;0.993
262144;48590;0;0;0;0;13916;13916;1;27833;0;0;0.086
1048576;26235;0;0;0;0;2344;2344;1;4689;0;0;0.156
1048576;17875;0;0;0;0;8676;8676;1;17353;0;0;0.179
1048576;3311;0;0;0;0;2476;2476;1;4953;0;0;0.163
4194304;23868;0;0;0;0;97520;97520;1;195041;0;0;0.860
262144;684;0;0;0;0;2288;2288;1;4577;0;0;0.062
1048576;1233;0;0;0;0;3896;3896;1;7793;0;0;0.203
4194304;15080;0;0;0;0;61308;61308;1;122617;0;0;0.771
4194304;154251;0;0;0;0;202228;202228;1;404457;0;0;1.066
4194304;319684;0;0;0;0;249964;249964;1;499929;0;0;1.169
262144;1375;0;0;0;0;912;912;1;1825;0;0;0.055
4194304;254569;0;0;0;0;294868;294868;1;589737;0;0;1.272
4194304;21300;0;0;0;0;72072;72072;1;144145;0;0;0.733
4194304;24603;0;0;0;0;100320;100320;1;200641;0;0;0.839
262144;11934;0;0;0;0;7004;7004;1;14009;0;0;0.071
4194304;9396;0;0;0;0;39000;39000;1;78001;0;0;0.652
4194304;53590;0;0;0;0;65196;65196;1;130393;0;0;0.730
4194304;17028;0;0;0;0;69872;69872;1;139745;0;0;0.767
4194304;79285;0;0;0;0;319792;319792;1;639585;0;0;1.328
4194304;3160;0;0;0;0;15820;15820;1;31641;0;0;0.642
4194304;1500576;0;0;0;0;1022904;1022904;1;2045809;0;0;2.758
4194304;60384;0;0;0;0;142404;142404;1;284809;0;0;0.869
1048576;6160;0;0;0;0;2216;2216;1;4433;0;0;0.133
4194304;110670;0;0;0;0;183140;183140;1;366281;0;0;1.054
262144;26312;0;0;0;0;2820;2820;1;5641;0;0;0.061
262144;262;0;0;0;0;712;712;1;1425;0;0;0.224
1048576;366;0;0;0;0;128;128;1;257;0;0;0.192
4194304;754400;0;0;0;0;550028;550028;1;1100057;0;0;1.993
4194304;297765;0;0;0;0;1156900;1156900;1;2313801;0;0;3.057
4194304;653510;0;0;0;0;223760;223760;1;447521;0;0;1.048
1048576;41772;0;0;0;0;1900;1900;1;3801;0;0;0.134
1048576;36888;0;0;0;0;67012;67012;1;134025;0;0;0.281
1048576;19275;0;0;0;0;19676;19676;1;39353;0;0;0.305
4194304;714627;0;0;0;0;502892;502892;1;1005785;0;0;1.645
4194304;70305;0;0;0;0;283392;283392;1;566785;0;0;1.173
1048576;43460;0;0;0;0;25288;25288;1;50577;0;0;0.225
1048576;6375;0;0;0;0;27264;27264;1;54529;0;0;0.196
262144;396;0;0;0;0;884;884;1;1769;0;0;0.058
4194304;6162;0;0;0;0;25280;25280;1;50561;0;0;0.659
4194304;44478;0;0;0;0;63700;63700;1;127401;0;0;0.731
1048576;5745;0;0;0;0;3128;3128;1;6257;0;0;0.179
1048576;34299;0;0;0;0;24356;24356;1;48713;0;0;0.179
4194304;7680;0;0;0;0;31476;31476;1;62953;0;0;0.660
4194304;525113;0;0;0;0;901596;901596;1;1803193;0;0;2.509
4194304;189829;0;0;0;0;196664;196664;1;393329;0;0;1.059
4194304;220455;0;0;0;0;300044;300044;1;600089;0;0;1.265
4194304;55468;0;0;0;0;56412;56412;1;112825;0;0;0.723
1048576;40262;0;0;0;0;163344;163344;1;326689;0;0;0.480
262144;362;0;0;0;0;460;460;1;921;0;0;0.058
4194304;66654;0;0;0;0;269104;269104;1;538209;0;0;1.154
4194304;6968;0;0;0;0;27256;27256;1;54513;0;0;0.654
4194304;354651;0;0;0;0;562152;562152;1;1124305;0;0;1.943
1048576;33840;0;0;0;0;123572;123572;1;247145;0;0;0.411
4194304;188055;0;0;0;0;731744;731744;1;1463489;0;0;2.219
4194304;49242;0;0;0;0;66516;66516;1;133033;0;0;0.792
262144;1938;0;0;0;0;936;936;1;1873;0;0;0.054
4194304;331068;0;0;0;0;1054144;1054144;1;2108289;0;0;2.841
1048576;30102;0;0;0;0;7388;7388;1;14777;0;0;0.177
1048576;70048;0;0;0;0;31232;31232;1;62465;0;0;0.192
1048576;189420;0;0;0;0;404460;404460;1;808921;0;0;0.991
4194304;5476;0;0;0;0;22648;22648;1;45297;0;0;0.670
4194304;720244;0;0;0;0;225036;225036;1;450073;0;0;1.084
4194304;671586;0;0;0;0;835084;835084;1;1670169;0;0;2.372
1048576;780;0;0;0;0;3476;3476;1;6953;0;0;0.147
4194304;25280;0;0;0;0;102720;102720;1;205441;0;0;0.788
1048576;21920;0;0;0;0;10344;10344;1;20689;0;0;0.168
1048576;3080;0;0;0;0;7000;7000;1;14001;0;0;0.153
262144;65;0;0;0;0;336;336;1;673;0;0;0.059
4194304;1552416;0;0;0;0;249616;249616;1;499233;0;0;1.151
1048576;261844;0;0;0;0;30628;30628;1;61257;0;0;0.277
1048576;2310;0;0;0;0;3676;3676;1;7353;0;0;0.168
1048576;35640;0;0;0;0;17736;17736;1;35473;0;0;0.168
1048576;113146;0;0;0;0;38864;38864;1;77729;0;0;0.212
4194304;5057;0;0;0;0;5304;5304;1;10609;0;0;0.659
1048576;23782;0;0;0;0;95548;95548;1;191097;0;0;0.338
262144;3180;0;0;0;0;5084;5084;1;10169;0;0;0.065
4194304;36000;0;0;0;0;101868;101868;1;203737;0;0;0.802
1048576;37077;0;0;0;0;137852;137852;1;275705;0;0;0.428
1048576;25921;0;0;0;0;3240;3240;1;6481;0;0;0.167
4194304;44280;0;0;0;0;179452;179452;1;358905;0;0;1.213
262144;12772;0;0;0;0;12620;12620;1;25241;0;0;0.082
4194304;98637;0;0;0;0;107932;107932;1;215865;0;0;0.874
4194304;2345;0;0;0;0;9812;9812;1;19625;0;0;0.615
262144;7025;0;0;0;0;1676;1676;1;3353;0;0;0.059
4194304;189262;0;0;0;0;165096;165096;1;330193;0;0;0.983
1048576;23858;0;0;0;0;32208;32208;1;64417;0;0;0.200
4194304;305690;0;0;0;0;422124;422124;1;844249;0;0;1.506
4194304;116960;0;0;0;0;214924;214924;1;429849;0;0;1.080
262144;21465;0;0;0;0;9340;9340;1;18681;0;0;0.078
4194304;764400;0;0;0;0;436160;436160;1;872321;0;0;1.525
262144;12320;0;0;0;0;4148;4148;1;8297;0;0;0.061
1048576;6120;0;0;0;0;9484;9484;1;18969;0;0;0.153
4194304;135536;0;0;0;0;370976;370976;1;741953;0;0;1.403
262144;21546;0;0;0;0;7764;7764;1;15529;0;0;0.266
4194304;33891;0;0;0;0;125624;125624;1;251249;0;0;0.958
262144;3360;0;0;0;0;3616;3616;1;7233;0;0;0.072
4194304;25840;0;0;0;0;104976;104976;1;209953;0;0;0.890
4194304;15141;0;0;0;0;37496;37496;1;74993;0;0;0.717
4194304;340554;0;0;0;0;478536;478536;1;957073;0;0;1.699
1048576;60137;0;0;0;0;229444;229444;1;458889;0;0;0.613
262144;15251;0;0;0;0;6824;6824;1;13649;0;0;0.070
1048576;75600;0;0;0;0;23484;23484;1;46969;0;0;0.189
4194304;17355;0;0;0;0;70752;70752;1;141505;0;0;0.705
1048576;46206;0;0;0;0;18572;18572;1;37145;0;0;0.172
262144;8323;0;0;0;0;12276;12276;1;24553;0;0;0.114
4194304;135762;0;0;0;0;315200;315200;1;630401;0;0;1.263
1048576;333;0;0;0;0;744;744;1;1489;0;0;0.161
4194304;142038;0;0;0;0;188536;188536;1;377073;0;0;1.048
4194304;139095;0;0;0;0;65472;65472;1;130945;0;0;0.810
262144;1224;0;0;0;0;3024;3024;1;6049;0;0;0.060
4194304;95161;0;0;0;0;369732;369732;1;739465;0;0;1.426
4194304;340569;0;0;0;0;270184;270184;1;540369;0;0;1.244
1048576;2627;0;0;0;0;10944;10944;1;21889;0;0;0.161
1048576;129320;0;0;0;0;18408;18408;1;36817;0;0;0.171
1048576;8602;0;0;0;0;18700;18700;1;37401;0;0;0.166
262144;2992;0;0;0;0;1496;1496;1;2993;0;0;0.057
1048576;78020;0;0;0;0;118536;118536;1;237073;0;0;0.376
262144;45504;0;0;0;0;25900;25900;1;51801;0;0;0.109
262144;15768;0;0;0;0;9604;9604;1;19209;0;0;0.074
4194304;7080;0;0;0;0;3496;3496;1;6993;0;0;0.631
262144;11228;0;0;0;0;6900;6900;1;13801;0;0;0.104
262144;16080;0;0;0;0;3516;3516;1;7033;0;0;0.063
262144;264;0;0;0;0;1260;1260;1;2521;0;0;0.059
1048576;9975;0;0;0;0;14060;14060;1;28121;0;0;0.161
1048576;20862;0;0;0;0;33580;33580;1;67161;0;0;0.242
1048576;18476;0;0;0;0;32108;32108;1;64217;0;0;0.216
1048576;33950;0;0;0;0;53092;53092;1;106185;0;0;0.240
262144;11457;0;0;0;0;5172;5172;1;10345;0;0;0.069
4194304;5490;0;0;0;0;5504;5504;1;11009;0;0;0.626
262144;286;0;0;0;0;1108;1108;1;2217;0;0;0.056
1048576;86487;0;0;0;0;16136;16136;1;32273;0;0;0.179
4194304;199738;0;0;0;0;227628;227628;1;455257;0;0;1.102
1048576;20382;0;0;0;0;54008;54008;1;108017;0;0;0.257
1048576;46102;0;0;0;0;20060;20060;1;40121;0;0;0.174
4194304;38205;0;0;0;0;38572;38572;1;77145;0;0;0.701
1048576;72540;0;0;0;0;242824;242824;1;485649;0;0;0.648
4194304;313215;0;0;0;0;221760;221760;1;443521;0;0;1.070
4194304;1190;0;0;0;0;5040;5040;1;10081;0;0;0.574
262144;1529;0;0;0;0;3200;3200;1;6401;0;0;0.063
1048576;213070;0;0;0;0;25100;25100;1;50201;0;0;0.202
1048576;19380;0;0;0;0;38060;38060;1;76121;0;0;0.205
4194304;5472;0;0;0;0;6712;6712;1;13425;0;0;0.640
4194304;292320;0;0;0;0;134204;134204;1;268409;0;0;0.893
4194304;1824;0;0;0;0;7696;7696;1;15393;0;0;0.651
4194304;201480;0;0;0;0;809516;809516;1;1619033;0;0;2.347
262144;55212;0;0;0;0;19976;19976;1;39953;0;0;0.104
1048576;36963;0;0;0;0;42112;42112;1;84225;0;0;0.219
4194304;95690;0;0;0;0;83188;83188;1;166377;0;0;0.818
4194304;115668;0;0;0;0;414508;414508;1;829017;0;0;1.521
1048576;16500;0;0;0;0;38156;38156;1;76313;0;0;0.206
1048576;46431;0;0;0;0;38948;38948;1;77897;0;0;0.211
4194304;22338;0;0;0;0;94680;94680;1;189361;0;0;0.807
4194304;520181;0;0;0;0;199068;199068;1;398137;0;0;1.067
262144;3996;0;0;0;0;5004;5004;1;10009;0;0;0.066
4194304;153406;0;0;0;0;391732;391732;1;783465;0;0;1.430
4194304;93936;0;0;0;0;327832;327832;1;655665;0;0;1.301
1048576;42247;0;0;0;0;40744;40744;1;81489;0;0;0.250
262144;695;0;0;0;0;1492;1492;1;2985;0;0;0.092
4194304;189111;0;0;0;0;146280;146280;1;292561;0;0;0.988
4194304;1236183;0;0;0;0;273420;273420;1;546841;0;0;1.220
1048576;1570;0;0;0;0;924;924;1;1849;0;0;0.146
4194304;8397;0;0;0;0;34944;34944;1;69889;0;0;0.659
262144;196606;0;0;0;0;14872;14872;1;29745;0;0;0.111
4194304;78945;0;0;0;0;41256;41256;1;82513;0;0;0.742
4194304;9604;0;0;0;0;12808;12808;1;25617;0;0;0.610
4194304;236504;0;0;0;0;60360;60360;1;120721;0;0;0.779
1048576;15520;0;0;0;0;1296;1296;1;2593;0;0;0.164
4194304;12920;0;0;0;0;11520;11520;1;23041;0;0;0.675
4194304;62040;0;0;0;0;123704;123704;1;247409;0;0;0.844
1048576;46440;0;0;0;0;20600;20600;1;41201;0;0;0.174
262144;880;0;0;0;0;1276;1276;1;2553;0;0;0.059
262144;748;0;0;0;0;2012;2012;1;4025;0;0;0.061
1048576;42570;0;0;0;0;7956;7956;1;15913;0;0;0.145
262144;5617;0;0;0;0;6652;6652;1;13305;0;0;0.070
262144;1100;0;0;0;0;592;592;1;1185;0;0;0.057
1048576;27225;0;0;0;0;37384;37384;1;74769;0;0;0.212
1048576;10472;0;0;0;0;37820;37820;1;75641;0;0;0.220
4194304;42280;0;0;0;0;117216;117216;1;234433;0;0;0.832
1048576;7992;0;0;0;0;5428;5428;1;10857;0;0;0.166
1048576;122;0;0;0;0;744;744;1;1489;0;0;0.133
262144;25956;0;0;0;0;8588;8588;1;17177;0;0;0.073
4194304;579952;0;0;0;0;1116328;1116328;1;2232657;0;0;2.990
262144;27911;0;0;0;0;19040;19040;1;38081;0;0;0.096
262144;7128;0;0;0;0;10180;10180;1;20361;0;0;0.080
4194304;680352;0;0;0;0;801160;801160;1;1602321;0;0;2.315
4194304;63765;0;0;0;0;53992;53992;1;107985;0;0;0.748
4194304;176995;0;0;0;0;141324;141324;1;282649;0;0;0.940
4194304;1394808;0;0;0;0;1110180;1110180;1;2220361;0;0;2.941
1048576;52140;0;0;0;0;15508;15508;1;31017;0;0;0.201
1048576;31752;0;0;0;0;10024;10024;1;20049;0;0;0.447
1048576;43581;0;0;0;0;7436;7436;1;14873;0;0;0.177
262144;90;0;0;0;0;368;368;1;737;0;0;0.063
4194304;1099494;0;0;0;0;772504;772504;1;1545009;0;0;2.310
1048576;63603;0;0;0;0;38444;38444;1;76889;0;0;0.234
4194304;155365;0;0;0;0;357548;357548;1;715097;0;0;1.374
4194304;852;0;0;0;0;3744;3744;1;7489;0;0;0.652
262144;262;0;0;0;0;128;128;1;257;0;0;0.079
262144;810;0;0;0;0;3336;3336;1;6673;0;0;0.075
4194304;22356;0;0;0;0;90768;90768;1;181537;0;0;0.754
1048576;16675;0;0;0;0;31740;31740;1;63481;0;0;0.204
4194304;65728;0;0;0;0;231244;231244;1;462489;0;0;1.082
4194304;48026;0;0;0;0;194208;194208;1;388417;0;0;1.034
1048576;28290;0;0;0;0;22000;22000;1;44001;0;0;0.178
262144;2128;0;0;0;0;948;948;1;1897;0;0;0.057
4194304;2694;0;0;0;0;9196;9196;1;18393;0;0;0.625
1048576;83634;0;0;0;0;14984;14984;1;29969;0;0;0.170
262144;14832;0;0;0;0;4140;4140;1;8281;0;0;0.094
4194304;11461;0;0;0;0;31684;31684;1;63369;0;0;0.725
4194304;1843956;0;0;0;0;4800260;4800260;1;9600521;0;0;10.839
4194304;306606;0;0;0;0;1231056;1231056;1;2462113;0;0;3.208
4194304;208028;0;0;0;0;836340;836340;1;1672681;0;0;2.418
4194304;8308;0;0;0;0;7000;7000;1;14001;0;0;0.634
4194304;132066;0;0;0;0;87956;87956;1;175913;0;0;0.811
1048576;261846;0;0;0;0;316628;316628;1;633257;0;0;0.922
262144;22620;0;0;0;0;8860;8860;1;17721;0;0;0.073
262144;63024;0;0;0;0;19504;19504;1;39009;0;0;0.095
1048576;61021;0;0;0;0;19204;19204;1;38409;0;0;0.169
4194304;123025;0;0;0;0;117072;117072;1;234145;0;0;0.876
4194304;4524;0;0;0;0;18840;18840;1;37681;0;0;0.665
1048576;8667;0;0;0;0;17344;17344;1;34689;0;0;0.236
1048576;59100;0;0;0;0;148872;148872;1;297745;0;0;0.489
1048576;28542;0;0;0;0;79120;79120;1;158241;0;0;0.336
262144;6448;0;0;0;0;4584;4584;1;9169;0;0;0.104
1048576;112566;0;0;0;0;348264;348264;1;696529;0;0;0.865
4194304;1700;0;0;0;0;3052;3052;1;6105;0;0;0.629
4194304;62608;0;0;0;0;223096;223096;1;446193;0;0;1.082
1048576;32032;0;0;0;0;129600;129600;1;259201;0;0;0.407
1048576;35772;0;0;0;0;14352;14352;1;28705;0;0;0.174
1048576;191260;0;0;0;0;53396;53396;1;106793;0;0;0.261
262144;34832;0;0;0;0;3516;3516;1;7033;0;0;0.062
262144;1302;0;0;0;0;2736;2736;1;5473;0;0;0.061
1048576;70980;0;0;0;0;36056;36056;1;72113;0;0;0.210
1048576;306;0;0;0;0;1364;1364;1;2729;0;0;0.139
262144;80;0;0;0;0;360;360;1;721;0;0;0.056
262144;31892;0;0;0;0;6848;6848;1;13697;0;0;0.072
1048576;6270;0;0;0;0;9544;9544;1;19089;0;0;0.161
1048576;257316;0;0;0;0;24584;24584;1;49169;0;0;0.186
1048576;136227;0;0;0;0;31232;31232;1;62465;0;0;0.196
1048576;79200;0;0;0;0;15276;15276;1;30553;0;0;0.161
4194304;128364;0;0;0;0;274936;274936;1;549873;0;0;1.183
1048576;12599;0;0;0;0;2040;2040;1;4081;0;0;0.173
1048576;164808;0;0;0;0;110420;110420;1;220841;0;0;0.360
1048576;35100;0;0;0;0;71152;71152;1;142305;0;0;0.277
4194304;86141;0;0;0;0;164184;164184;1;328369;0;0;0.952
4194304;323510;0;0;0;0;524096;524096;1;1048193;0;0;1.694
1048576;10890;0;0;0;0;5924;5924;1;11849;0;0;0.153
4194304;9918;0;0;0;0;24328;24328;1;48657;0;0;0.652
262144;1545;0;0;0;0;6392;6392;1;12785;0;0;0.068
1048576;163350;0;0;0;0;261188;261188;1;522377;0;0;0.682
4194304;60643;0;0;0;0;1296;1296;1;2593;0;0;0.888
262144;71145;0;0;0;0;19620;19620;1;39241;0;0;0.140
1048576;14;0;0;0;0;96;96;1;193;0;0;0.140
262144;43860;0;0;0;0;10108;10108;1;20217;0;0;0.218
1048576;68265;0;0;0;0;22632;22632;1;45265;0;0;0.211
4194304;58212;0;0;0;0;51220;51220;1;102441;0;0;0.727
1048576;1170;0;0;0;0;1132;1132;1;2265;0;0;0.130
1048576;68708;0;0;0;0;152900;152900;1;305801;0;0;0.456
1048576;31752;0;0;0;0;10116;10116;1;20233;0;0;0.155
262144;24924;0;0;0;0;18400;18400;1;36801;0;0;0.098
262144;8250;0;0;0;0;5284;5284;1;10569;0;0;0.067
4194304;36366;0;0;0;0;146952;146952;1;293905;0;0;0.925
1048576;972;0;0;0;0;2276;2276;1;4553;0;0;0.166
4194304;592256;0;0;0;0;1142008;1142008;1;2284017;0;0;3.031
1048576;2020;0;0;0;0;4084;4084;1;8169;0;0;0.134
4194304;507496;0;0;0;0;2035728;2035728;1;4071457;0;0;4.955
1048576;180780;0;0;0;0;128420;128420;1;256841;0;0;0.407
4194304;153629;0;0;0;0;135188;135188;1;270377;0;0;0.869
262144;21080;0;0;0;0;3096;3096;1;6193;0;0;0.061
1048576;418398;0;0;0;0;39348;39348;1;78697;0;0;0.221
1048576;23643;0;0;0;0;87868;87868;1;175737;0;0;0.316
1048576;8775;0;0;0;0;12012;12012;1;24025;0;0;0.171
1048576;186660;0;0;0;0;127004;127004;1;254009;0;0;0.415
1048576;116625;0;0;0;0;28500;28500;1;57001;0;0;0.201
1048576;19006;0;0;0;0;4948;4948;1;9897;0;0;0.138
4194304;5808;0;0;0;0;24072;24072;1;48145;0;0;0.656
4194304;339416;0;0;0;0;1128992;1128992;1;2257985;0;0;3.029
1048576;12496;0;0;0;0;51300;51300;1;102601;0;0;0.250
262144;17160;0;0;0;0;4936;4936;1;9873;0;0;0.062
262144;414;0;0;0;0;880;880;1;1761;0;0;0.057
262144;10478;0;0;0;0;19148;19148;1;38297;0;0;0.100
4194304;503998;0;0;0;0;165476;165476;1;330953;0;0;0.954
262144;28574;0;0;0;0;8284;8284;1;16569;0;0;0.072
4194304;45621;0;0;0;0;173248;173248;1;346497;0;0;1.092
4194304;140400;0;0;0;0;565068;565068;1;1130137;0;0;1.867
4194304;359450;0;0;0;0;189260;189260;1;378521;0;0;1.021
4194304;420292;0;0;0;0;900720;900720;1;1801441;0;0;2.579
4194304;775978;0;0;0;0;1117352;1117352;1;2234705;0;0;3.023
1048576;25695;0;0;0;0;22784;22784;1;45569;0;0;0.179
4194304;2799;0;0;0;0;9620;9620;1;19241;0;0;0.598
4194304;120042;0;0;0;0;419676;419676;1;839353;0;0;1.461
4194304;175820;0;0;0;0;388444;388444;1;776889;0;0;1.460
1048576;16848;0;0;0;0;30388;30388;1;60777;0;0;0.218
1048576;186260;0;0;0;0;47532;47532;1;95065;0;0;0.243
4194304;383019;0;0;0;0;308432;308432;1;616865;0;0;1.249
4194304;92247;0;0;0;0;227640;227640;1;455281;0;0;1.076
262144;6160;0;0;0;0;10416;10416;1;20833;0;0;0.078
1048576;255360;0;0;0;0;217888;217888;1;435777;0;0;0.603
1048576;2268;0;0;0;0;5492;5492;1;10985;0;0;0.141
262144;28421;0;0;0;0;22804;22804;1;45609;0;0;0.102
1048576;3348;0;0;0;0;660;660;1;1321;0;0;0.141
4194304;498586;0;0;0;0;32168;32168;1;64337;0;0;0.709
1048576;87725;0;0;0;0;174012;174012;1;348025;0;0;0.503
262144;1204;0;0;0;0;3632;3632;1;7265;0;0;0.063
4194304;30200;0;0;0;0;80040;80040;1;160081;0;0;0.787
262144;2464;0;0;0;0;5016;5016;1;10033;0;0;0.063
4194304;1138830;0;0;0;0;281904;281904;1;563809;0;0;1.203
4194304;26180;0;0;0;0;106392;106392;1;212785;0;0;0.855
262144;820;0;0;0;0;1064;1064;1;2129;0;0;0.060
4194304;16296;0;0;0;0;56056;56056;1;112113;0;0;0.709
262144;36654;0;0;0;0;8092;8092;1;16185;0;0;0.085
4194304;153171;0;0;0;0;616768;616768;1;1233537;0;0;1.920
262144;44908;0;0;0;0;6020;6020;1;12041;0;0;0.071
1048576;20511;0;0;0;0;23008;23008;1;46017;0;0;0.207
1048576;46728;0;0;0;0;12684;12684;1;25369;0;0;0.167
1048576;7800;0;0;0;0;8796;8796;1;17593;0;0;0.178
1048576;3510;0;0;0;0;3040;3040;1;6081;0;0;0.166
1048576;10800;0;0;0;0;40244;40244;1;80489;0;0;0.220
4194304;391154;0;0;0;0;1317664;1317664;1;2635329;0;0;3.383
1048576;70890;0;0;0;0;246392;246392;1;492785;0;0;0.651
4194304;35424;0;0;0;0;144844;144844;1;289689;0;0;0.931
4194304;893618;0;0;0;0;144660;144660;1;289321;0;0;0.932
4194304;36554;0;0;0;0;99212;99212;1;198425;0;0;0.828
1048576;35868;0;0;0;0;11824;11824;1;23649;0;0;0.212
4194304;38724;0;0;0;0;15168;15168;1;30337;0;0;0.643
4194304;86301;0;0;0;0;151120;151120;1;302241;0;0;0.933
262144;1920;0;0;0;0;804;804;1;1609;0;0;0.061
4194304;57912;0;0;0;0;87708;87708;1;175417;0;0;0.841
1048576;3381;0;0;0;0;8340;8340;1;16681;0;0;0.147
4194304;711700;0;0;0;0;279536;279536;1;559073;0;0;1.233
1048576;352202;0;0;0;0;298388;298388;1;596777;0;0;0.765
4194304;136;0;0;0;0;648;648;1;1297;0;0;0.619
4194304;303693;0;0;0;0;661044;661044;1;1322089;0;0;1.977
4194304;4980;0;0;0;0;3068;3068;1;6137;0;0;0.626
262144;7790;0;0;0;0;8716;8716;1;17433;0;0;0.078
262144;3400;0;0;0;0;4872;4872;1;9745;0;0;0.078
262144;22606;0;0;0;0;17916;17916;1;35833;0;0;0.094
4194304;12958;0;0;0;0;52920;52920;1;105841;0;0;0.738
4194304;378112;0;0;0;0;724516;724516;1;1449033;0;0;2.169
1048576;453596;0;0;0;0;178932;178932;1;357865;0;0;0.508
1048576;358960;0;0;0;0;105408;105408;1;210817;0;0;0.358
1048576;507595;0;0;0;0;21052;21052;1;42105;0;0;0.186
262144;2640;0;0;0;0;4876;4876;1;9753;0;0;0.073
4194304;116864;0;0;0;0;444636;444636;1;889273;0;0;1.596
4194304;269500;0;0;0;0;868636;868636;1;1737273;0;0;2.443
4194304;219912;0;0;0;0;246380;246380;1;492761;0;0;1.166
4194304;48146;0;0;0;0;95372;95372;1;190745;0;0;0.772
262144;79476;0;0;0;0;4248;4248;1;8497;0;0;0.063
262144;27032;0;0;0;0;8492;8492;1;16985;0;0;0.072
262144;1044;0;0;0;0;208;208;1;417;0;0;0.058
262144;12312;0;0;0;0;16504;16504;1;33009;0;0;0.091
4194304;71965;0;0;0;0;34792;34792;1;69585;0;0;0.780
262144;2418;0;0;0;0;1396;1396;1;2793;0;0;0.106
1048576;540192;0;0;0;0;23484;23484;1;46969;0;0;0.204
262144;5616;0;0;0;0;5472;5472;1;10945;0;0;0.082
262144;4704;0;0;0;0;9828;9828;1;19657;0;0;0.083
1048576;161595;0;0;0;0;20724;20724;1;41449;0;0;0.177
262144;77356;0;0;0;0;8976;8976;1;17953;0;0;0.074
1048576;1008;0;0;0;0;4732;4732;1;9465;0;0;0.156
262144;16536;0;0;0;0;8716;8716;1;17433;0;0;0.074
1048576;102529;0;0;0;0;39924;39924;1;79849;0;0;0.214
4194304;5928;0;0;0;0;856;856;1;1713;0;0;0.574
1048576;16188;0;0;0;0;32;32;1;65;0;0;0.163
1048576;7794;0;0;0;0;3320;3320;1;6641;0;0;0.145
4194304;164682;0;0;0;0;664464;664464;1;1328929;0;0;1.980
262144;32;0;0;0;0;204;204;1;409;0;0;0.055
1048576;4485;0;0;0;0;19200;19200;1;38401;0;0;0.169
4194304;8636;0;0;0;0;18500;18500;1;37001;0;0;0.648
1048576;352347;0;0;0;0;44356;44356;1;88713;0;0;0.222
1048576;29850;0;0;0;0;53576;53576;1;107153;0;0;0.357
262144;10842;0;0;0;0;9768;9768;1;19537;0;0;0.079
262144;18480;0;0;0;0;17800;17800;1;35601;0;0;0.093
1048576;116982;0;0;0;0;62468;62468;1;124937;0;0;0.270
4194304;350168;0;0;0;0;532324;532324;1;1064649;0;0;1.707
262144;4537;0;0;0;0;604;604;1;1209;0;0;0.055
4194304;86021;0;0;0;0;346800;346800;1;693601;0;0;1.314
4194304;859215;0;0;0;0;244248;244248;1;488497;0;0;1.108
4194304;13480;0;0;0;0;55432;55432;1;110865;0;0;0.746
4194304;39216;0;0;0;0;118788;118788;1;237577;0;0;0.843
262144;9894;0;0;0;0;8968;8968;1;17937;0;0;0.072
4194304;16856;0;0;0;0;68496;68496;1;136993;0;0;0.751
4194304;155382;0;0;0;0;270900;270900;1;541801;0;0;1.165
4194304;334014;0;0;0;0;1340024;1340024;1;2680049;0;0;3.777
262144;23836;0;0;0;0;4196;4196;1;8393;0;0;0.094
4194304;148104;0;0;0;0;385192;385192;1;770385;0;0;1.510
4194304;205233;0;0;0;0;188996;188996;1;377993;0;0;1.026
1048576;24624;0;0;0;0;42948;42948;1;85897;0;0;0.218
4194304;7290;0;0;0;0;32120;32120;1;64241;0;0;0.684
4194304;288144;0;0;0;0;1158040;1158040;1;2316081;0;0;3.096
4194304;3872;0;0;0;0;15788;15788;1;31577;0;0;0.669
4194304;3106278;0;0;0;0;9380616;9380616;1;18761233;0;0;20.576
1048576;7770;0;0;0;0;25900;25900;1;51801;0;0;0.181
1048576;137532;0;0;0;0;6932;6932;1;13865;0;0;0.178
1048576;63440;0;0;0;0;8364;8364;1;16729;0;0;0.176
4194304;240240;0;0;0;0;276628;276628;1;553257;0;0;1.238
4194304;20640;0;0;0;0;21284;21284;1;42569;0;0;0.682
4194304;80988;0;0;0;0;326360;326360;1;652721;0;0;1.338
4194304;273512;0;0;0;0;192680;192680;1;385361;0;0;1.065
262144;10890;0;0;0;0;3456;3456;1;6913;0;0;0.063
1048576;11037;0;0;0;0;31652;31652;1;63305;0;0;0.204
262144;26670;0;0;0;0;2912;2912;1;5825;0;0;0.060
1048576;7909;0;0;0;0;272;272;1;545;0;0;0.140
1048576;7552;0;0;0;0;30940;30940;1;61881;0;0;0.204
262144;132762;0;0;0;0;10752;10752;1;21505;0;0;0.076
1048576;86130;0;0;0;0;18172;18172;1;36345;0;0;0.183
4194304;189900;0;0;0;0;650964;650964;1;1301929;0;0;1.989
4194304;235675;0;0;0;0;640300;640300;1;1280601;0;0;2.009
4194304;121720;0;0;0;0;321872;321872;1;643745;0;0;1.274
1048576;1276;0;0;0;0;2716;2716;1;5433;0;0;0.149
4194304;60188;0;0;0;0;244020;244020;1;488041;0;0;1.160
1048576;35125;0;0;0;0;140716;140716;1;281433;0;0;0.423
4194304;198291;0;0;0;0;237536;237536;1;475073;0;0;1.128
4194304;416944;0;0;0;0;73800;73800;1;147601;0;0;0.771
4194304;2850;0;0;0;0;9288;9288;1;18577;0;0;0.645
1048576;102408;0;0;0;0;17068;17068;1;34137;0;0;0.162
4194304;813579;0;0;0;0;2974924;2974924;1;5949849;0;0;6.903
4194304;18333;0;0;0;0;74752;74752;1;149505;0;0;0.751
1048576;5320;0;0;0;0;11100;11100;1;22201;0;0;0.150
1048576;1517;0;0;0;0;6384;6384;1;12769;0;0;0.371
1048576;34800;0;0;0;0;42496;42496;1;84993;0;0;0.264
4194304;21756;0;0;0;0;88360;88360;1;176721;0;0;0.915
262144;5005;0;0;0;0;1388;1388;1;2777;0;0;0.058
1048576;23166;0;0;0;0;72256;72256;1;144513;0;0;0.283
262144;44676;0;0;0;0;8908;8908;1;17817;0;0;0.075
1048576;84920;0;0;0;0;17464;17464;1;34929;0;0;0.169
1048576;4662;0;0;0;0;9364;9364;1;18729;0;0;0.160
1048576;2226;0;0;0;0;948;948;1;1897;0;0;0.145
4194304;1587848;0;0;0;0;1717736;1717736;1;3435473;0;0;4.237
1048576;18180;0;0;0;0;6852;6852;1;13705;0;0;0.145
4194304;141520;0;0;0;0;569380;569380;1;1138761;0;0;1.834
1048576;17608;0;0;0;0;13588;13588;1;27177;0;0;0.170
1048576;27720;0;0;0;0;22456;22456;1;44913;0;0;0.180
4194304;439074;0;0;0;0;129060;129060;1;258121;0;0;0.940
4194304;40960;0;0;0;0;168100;168100;1;336201;0;0;1.014
1048576;275409;0;0;0;0;246100;246100;1;492201;0;0;0.659
1048576;3772;0;0;0;0;4196;4196;1;8393;0;0;0.152
1048576;53865;0;0;0;0;27328;27328;1;54657;0;0;0.190
4194304;60885;0;0;0;0;53148;53148;1;106297;0;0;0.731
262144;3432;0;0;0;0;5232;5232;1;10465;0;0;0.074
1048576;169927;0;0;0;0;15508;15508;1;31017;0;0;0.175
1048576;21637;0;0;0;0;32144;32144;1;64289;0;0;0.194
4194304;13659;0;0;0;0;20220;20220;1;40441;0;0;0.652
1048576;22425;0;0;0;0;64032;64032;1;128065;0;0;0.263
1048576;28616;0;0;0;0;21848;21848;1;43697;0;0;0.177
4194304;653581;0;0;0;0;504544;504544;1;1009089;0;0;1.659
262144;26352;0;0;0;0;10108;10108;1;20217;0;0;0.077
1048576;8155;0;0;0;0;23832;23832;1;47665;0;0;0.181
1048576;466320;0;0;0;0;1301628;1301628;1;2603257;0;0;3.168
262144;28512;0;0;0;0;19040;19040;1;38081;0;0;0.125
262144;11978;0;0;0;0;3280;3280;1;6561;0;0;0.072
4194304;16465;0;0;0;0;35128;35128;1;70257;0;0;0.698
4194304;24048;0;0;0;0;97440;97440;1;194881;0;0;0.845
4194304;429403;0;0;0;0;973120;973120;1;1946241;0;0;2.673
262144;3648;0;0;0;0;4540;4540;1;9081;0;0;0.065
262144;30720;0;0;0;0;9416;9416;1;18833;0;0;0.078
262144;660;0;0;0;0;204;204;1;409;0;0;0.056
1048576;70616;0;0;0;0;25240;25240;1;50481;0;0;0.185
262144;280;0;0;0;0;1296;1296;1;2593;0;0;0.130
262144;67017;0;0;0;0;8848;8848;1;17697;0;0;0.074
1048576;14518;0;0;0;0;6476;6476;1;12953;0;0;0.185
1048576;18480;0;0;0;0;32720;32720;1;65441;0;0;0.205
262144;8040;0;0;0;0;15424;15424;1;30849;0;0;0.098
262144;14000;0;0;0;0;2796;2796;1;5593;0;0;0.093
4194304;1332;0;0;0;0;5700;5700;1;11401;0;0;0.620
1048576;53328;0;0;0;0;11024;11024;1;22049;0;0;0.183
1048576;27072;0;0;0;0;3816;3816;1;7633;0;0;0.168
262144;189;0;0;0;0;812;812;1;1625;0;0;0.060
4194304;24140;0;0;0;0;98256;98256;1;196513;0;0;0.801
4194304;10045;0;0;0;0;26080;26080;1;52161;0;0;0.660
1048576;103684;0;0;0;0;88580;88580;1;177161;0;0;0.323
262144;65688;0;0;0;0;19648;19648;1;39297;0;0;0.094
1048576;121597;0;0;0;0;24688;24688;1;49377;0;0;0.178
4194304;410220;0;0;0;0;8624;8624;1;17249;0;0;0.633
4194304;179322;0;0;0;0;338596;338596;1;677193;0;0;1.343
4194304;26128;0;0;0;0;106272;106272;1;212545;0;0;0.822
262144;13176;0;0;0;0;6916;6916;1;13833;0;0;0.070
1048576;67600;0;0;0;0;27736;27736;1;55473;0;0;0.193
1048576;44;0;0;0;0;240;240;1;481;0;0;0.134
4194304;191290;0;0;0;0;466160;466160;1;932321;0;0;1.609
4194304;6486;0;0;0;0;13148;13148;1;26297;0;0;0.640
262144;3122;0;0;0;0;4260;4260;1;8521;0;0;0.064
262144;45477;0;0;0;0;6940;6940;1;13881;0;0;0.068
1048576;37072;0;0;0;0;150984;150984;1;301969;0;0;0.458
1048576;142485;0;0;0;0;114616;114616;1;229233;0;0;0.497
1048576;26565;0;0;0;0;16852;16852;1;33705;0;0;0.415
262144;8140;0;0;0;0;7152;7152;1;14305;0;0;0.084
262144;6109;0;0;0;0;11124;11124;1;22249;0;0;0.083
4194304;226610;0;0;0;0;174844;174844;1;349689;0;0;1.034
4194304;10101;0;0;0;0;42416;42416;1;84833;0;0;0.654
262144;43228;0;0;0;0;4616;4616;1;9233;0;0;0.063
1048576;80360;0;0;0;0;57776;57776;1;115553;0;0;0.271
4194304;162810;0;0;0;0;484708;484708;1;969417;0;0;1.667
1048576;7416;0;0;0;0;9288;9288;1;18577;0;0;0.146
1048576;1120;0;0;0;0;4756;4756;1;9513;0;0;0.137
4194304;190080;0;0;0;0;515944;515944;1;1031889;0;0;1.706
1048576;2108;0;0;0;0;2712;2712;1;5425;0;0;0.185
1048576;73704;0;0;0;0;54260;54260;1;108521;0;0;0.239
4194304;2950;0;0;0;0;12376;12376;1;24753;0;0;0.630
1048576;578312;0;0;0;0;104660;104660;1;209321;0;0;0.346
262144;5494;0;0;0;0;7536;7536;1;15073;0;0;0.074
1048576;23862;0;0;0;0;17552;17552;1;35105;0;0;0.167
4194304;29748;0;0;0;0;121040;121040;1;242081;0;0;0.920
1048576;29750;0;0;0;0;56752;56752;1;113505;0;0;0.245
4194304;187812;0;0;0;0;722696;722696;1;1445393;0;0;2.123
262144;7350;0;0;0;0;8164;8164;1;16329;0;0;0.074
262144;1716;0;0;0;0;616;616;1;1233;0;0;0.057
262144;390;0;0;0;0;1652;1652;1;3305;0;0;0.060
4194304;4351;0;0;0;0;11956;11956;1;23913;0;0;0.629
4194304;436826;0;0;0;0;887528;887528;1;1775057;0;0;2.466
1048576;3870;0;0;0;0;6648;6648;1;13297;0;0;0.157
4194304;278628;0;0;0;0;593496;593496;1;1186993;0;0;1.893
1048576;64200;0;0;0;0;75268;75268;1;150537;0;0;0.288
1048576;51480;0;0;0;0;74520;74520;1;149041;0;0;0.286
4194304;424110;0;0;0;0;810432;810432;1;1620865;0;0;2.511
1048576;55594;0;0;0;0;5372;5372;1;10745;0;0;0.169
1048576;57482;0;0;0;0;17964;17964;1;35929;0;0;0.168
4194304;180063;0;0;0;0;622408;622408;1;1244817;0;0;1.881
4194304;450776;0;0;0;0;640236;640236;1;1280473;0;0;1.956
4194304;545811;0;0;0;0;1604136;1604136;1;3208273;0;0;3.977
4194304;68224;0;0;0;0;6684;6684;1;13369;0;0;0.612
1048576;4620;0;0;0;0;19256;19256;1;38513;0;0;0.164
4194304;35264;0;0;0;0;143220;143220;1;286441;0;0;0.915
1048576;40950;0;0;0;0;165440;165440;1;330881;0;0;0.478
4194304;334466;0;0;0;0;123532;123532;1;247065;0;0;0.844
262144;6600;0;0;0;0;4024;4024;1;8049;0;0;0.062
262144;212;0;0;0;0;800;800;1;1601;0;0;0.060
1048576;920;0;0;0;0;2604;2604;1;5209;0;0;0.136
262144;5782;0;0;0;0;10152;10152;1;20305;0;0;0.076
4194304;75621;0;0;0;0;304688;304688;1;609377;0;0;1.228
1048576;18995;0;0;0;0;33580;33580;1;67161;0;0;0.205
1048576;8688;0;0;0;0;7016;7016;1;14033;0;0;0.151
1048576;89324;0;0;0;0;9372;9372;1;18745;0;0;0.170
1048576;32522;0;0;0;0;9384;9384;1;18769;0;0;0.163
1048576;14820;0;0;0;0;30220;30220;1;60441;0;0;0.188
4194304;6716;0;0;0;0;27528;27528;1;55057;0;0;0.683
4194304;753792;0;0;0;0;445144;445144;1;890289;0;0;1.534
1048576;138764;0;0;0;0;245564;245564;1;491129;0;0;0.746
262144;10400;0;0;0;0;3696;3696;1;7393;0;0;0.067
1048576;16522;0;0;0;0;39016;39016;1;78033;0;0;0.214
4194304;903712;0;0;0;0;436160;436160;1;872321;0;0;1.544
1048576;14400;0;0;0;0;6896;6896;1;13793;0;0;0.139
4194304;45942;0;0;0;0;186984;186984;1;373969;0;0;0.973
4194304;134793;0;0;0;0;510576;510576;1;1021153;0;0;1.716
1048576;3695;0;0;0;0;1912;1912;1;3825;0;0;0.129
1048576;140157;0;0;0;0;87216;87216;1;174433;0;0;0.309
1048576;18656;0;0;0;0;400;400;1;801;0;0;0.132
1048576;22440;0;0;0;0;18352;18352;1;36705;0;0;0.171
262144;7084;0;0;0;0;8816;8816;1;17633;0;0;0.075
262144;106596;0;0;0;0;10788;10788;1;21577;0;0;0.079
4194304;30192;0;0;0;0;105764;105764;1;211529;0;0;1.118
1048576;6150;0;0;0;0;7712;7712;1;15425;0;0;0.222
4194304;1373876;0;0;0;0;3108364;3108364;1;6216729;0;0;7.279
4194304;778696;0;0;0;0;952576;952576;1;1905153;0;0;2.650
1048576;1050;0;0;0;0;5064;5064;1;10129;0;0;0.168
4194304;656370;0;0;0;0;1317472;1317472;1;2634945;0;0;3.390
1048576;17658;0;0;0;0;5012;5012;1;10025;0;0;0.171
1048576;115768;0;0;0;0;194820;194820;1;389641;0;0;0.547
4194304;244816;0;0;0;0;658384;658384;1;1316769;0;0;2.010
4194304;9130;0;0;0;0;1964;1964;1;3929;0;0;0.641
262144;2504;0;0;0;0;2564;2564;1;5129;0;0;0.060
4194304;19932;0;0;0;0;80864;80864;1;161729;0;0;0.809
4194304;337330;0;0;0;0;186932;186932;1;373865;0;0;1.036
4194304;41595;0;0;0;0;41224;41224;1;82449;0;0;0.710
4194304;339020;0;0;0;0;504768;504768;1;1009537;0;0;1.704
1048576;20114;0;0;0;0;32760;32760;1;65521;0;0;0.201
1048576;53357;0;0;0;0;6916;6916;1;13833;0;0;0.159
262144;10512;0;0;0;0;2172;2172;1;4345;0;0;0.059
262144;23493;0;0;0;0;8796;8796;1;17593;0;0;0.113
1048576;36632;0;0;0;0;13564;13564;1;27129;0;0;0.175
262144;42813;0;0;0;0;12740;12740;1;25481;0;0;0.084
1048576;2790;0;0;0;0;8052;8052;1;16105;0;0;0.177
4194304;404286;0;0;0;0;955216;955216;1;1910433;0;0;2.647
4194304;1154636;0;0;0;0;1707188;1707188;1;3414377;0;0;4.269
4194304;50464;0;0;0;0;204624;204624;1;409249;0;0;1.009
4194304;945280;0;0;0;0;445656;445656;1;891313;0;0;1.566
1048576;5320;0;0;0;0;156;156;1;313;0;0;0.160
262144;33499;0;0;0;0;7280;7280;1;14561;0;0;0.082
4194304;145860;0;0;0;0;586976;586976;1;1173953;0;0;1.835
1048576;6624;0;0;0;0;3060;3060;1;6121;0;0;0.150
262144;110;0;0;0;0;672;672;1;1345;0;0;0.056
1048576;6216;0;0;0;0;25536;25536;1;51073;0;0;0.205
4194304;85536;0;0;0;0;126012;126012;1;252025;0;0;0.871
262144;22950;0;0;0;0;9284;9284;1;18569;0;0;0.076
4194304;47045;0;0;0;0;52068;52068;1;104137;0;0;0.716
262144;228;0;0;0;0;280;280;1;561;0;0;0.055
4194304;805068;0;0;0;0;976016;976016;1;1952033;0;0;2.653
1048576;65880;0;0;0;0;49464;49464;1;98929;0;0;0.235
4194304;350519;0;0;0;0;155504;155504;1;311009;0;0;0.909
1048576;2665;0;0;0;0;3508;3508;1;7017;0;0;0.137
1048576;24336;0;0;0;0;30244;30244;1;60489;0;0;0.193
1048576;118502;0;0;0;0;8144;8144;1;16289;0;0;0.196
1048576;2350;0;0;0;0;2444;2444;1;4889;0;0;0.181
4194304;127677;0;0;0;0;75612;75612;1;151225;0;0;0.847
4194304;79808;0;0;0;0;321780;321780;1;643561;0;0;1.344
1048576;31678;0;0;0;0;1120;1120;1;2241;0;0;0.161
1048576;96276;0;0;0;0;19604;19604;1;39209;0;0;0.201
262144;18900;0;0;0;0;5676;5676;1;11353;0;0;0.070
4194304;1785;0;0;0;0;6920;6920;1;13841;0;0;0.584
4194304;9180;0;0;0;0;38068;38068;1;76137;0;0;0.721
1048576;1491;0;0;0;0;3256;3256;1;6513;0;0;0.138
262144;14260;0;0;0;0;6824;6824;1;13649;0;0;0.070
1048576;74;0;0;0;0;456;456;1;913;0;0;0.127
4194304;60588;0;0;0;0;244608;244608;1;489217;0;0;1.158
262144;52716;0;0;0;0;8440;8440;1;16881;0;0;0.076
4194304;27784;0;0;0;0;112716;112716;1;225433;0;0;0.850
4194304;7950;0;0;0;0;32640;32640;1;65281;0;0;0.734
1048576;127007;0;0;0;0;105560;105560;1;211121;0;0;0.355
1048576;35970;0;0;0;0;7224;7224;1;14449;0;0;0.157
1048576;101702;0;0;0;0;39640;39640;1;79281;0;0;0.217
1048576;303660;0;0;0;0;26152;26152;1;52305;0;0;0.196
4194304;54997;0;0;0;0;16740;16740;1;33481;0;0;0.600
4194304;721680;0;0;0;0;625428;625428;1;1250857;0;0;1.934
4194304;281994;0;0;0;0;275292;275292;1;550585;0;0;1.207
262144;11270;0;0;0;0;32112;32112;1;64225;0;0;0.123
262144;4130;0;0;0;0;4228;4228;1;8457;0;0;0.066
1048576;80987;0;0;0;0;47724;47724;1;95449;0;0;0.237
1048576;54948;0;0;0;0;134064;134064;1;268129;0;0;0.437
1048576;5394;0;0;0;0;5728;5728;1;11457;0;0;0.175
4194304;25201;0;0;0;0;75044;75044;1;150089;0;0;0.816
4194304;120400;0;0;0;0;47656;47656;1;95313;0;0;0.725
262144;1813;0;0;0;0;7600;7600;1;15201;0;0;0.069
4194304;14338;0;0;0;0;58320;58320;1;116641;0;0;0.721
1048576;30720;0;0;0;0;18924;18924;1;37849;0;0;0.161
262144;15953;0;0;0;0;2540;2540;1;5081;0;0;0.058
262144;872;0;0;0;0;1724;1724;1;3449;0;0;0.060
1048576;180;0;0;0;0;516;516;1;1033;0;0;0.141
1048576;30212;0;0;0;0;1488;1488;1;2977;0;0;0.369
4194304;3510;0;0;0;0;14548;14548;1;29097;0;0;0.782
1048576;14268;0;0;0;0;37460;37460;1;74921;0;0;0.211
4194304;49383;0;0;0;0;199360;199360;1;398721;0;0;1.012
1048576;10246;0;0;0;0;5648;5648;1;11297;0;0;0.154
1048576;64214;0;0;0;0;147152;147152;1;294305;0;0;0.442
4194304;907100;0;0;0;0;616372;616372;1;1232745;0;0;1.930
4194304;228950;0;0;0;0;733244;733244;1;1466489;0;0;2.162
1048576;34706;0;0;0;0;816;816;1;1633;0;0;0.129
4194304;61495;0;0;0;0;204692;204692;1;409385;0;0;1.081
1048576;33711;0;0;0;0;14532;14532;1;29065;0;0;0.159
4194304;49496;0;0;0;0;200508;200508;1;401017;0;0;1.026
4194304;60710;0;0;0;0;163284;163284;1;326569;0;0;0.989
1048576;1908;0;0;0;0;6872;6872;1;13745;0;0;0.144
4194304;302234;0;0;0;0;127116;127116;1;254233;0;0;0.875
262144;58322;0;0;0;0;2328;2328;1;4657;0;0;0.059
4194304;15498;0;0;0;0;62992;62992;1;125985;0;0;0.758
1048576;9702;0;0;0;0;1388;1388;1;2777;0;0;0.159
1048576;126;0;0;0;0;768;768;1;1537;0;0;0.129
4194304;1679;0;0;0;0;7104;7104;1;14209;0;0;0.603
4194304;9936;0;0;0;0;2452;2452;1;4905;0;0;0.622
4194304;1666;0;0;0;0;7128;7128;1;14257;0;0;0.626
4194304;290444;0;0;0;0;469748;469748;1;939497;0;0;1.647
1048576;52;0;0;0;0;280;280;1;561;0;0;0.124
1048576;279212;0;0;0;0;34732;34732;1;69465;0;0;0.198
4194304;531180;0;0;0;0;304220;304220;1;608441;0;0;1.268
1048576;4023;0;0;0;0;4376;4376;1;8753;0;0;0.147
4194304;74727;0;0;0;0;228628;228628;1;457257;0;0;1.053
1048576;289296;0;0;0;0;9908;9908;1;19817;0;0;0.159
1048576;4940;0;0;0;0;2704;2704;1;5409;0;0;0.146
262144;5476;0;0;0;0;2064;2064;1;4129;0;0;0.058
4194304;249067;0;0;0;0;901320;901320;1;1802641;0;0;2.523
1048576;1872;0;0;0;0;7840;7840;1;15681;0;0;0.158
262144;57;0;0;0;0;308;308;1;617;0;0;0.055
262144;2310;0;0;0;0;660;660;1;1321;0;0;0.058
1048576;181818;0;0;0;0;12424;12424;1;24849;0;0;0.175
4194304;102046;0;0;0;0;159688;159688;1;319377;0;0;0.924
