4194304;1393742;1145547;184957531;510585020;0;504180;504111;1;1008223;1518682;57024937;4.693
1048576;8177;21777;7716478;22498177;0;7287;7281;1;14563;25999;1835005;0.260
4194304;365895;411553;77382117;216883914;0;173026;172865;1;345731;525071;22340248;2.188
4194304;191597;1732784;270606782;744426307;0;767791;767785;1;1535571;2310996;84641977;6.552
4194304;289968;49346;27457397;80632526;0;19619;19613;1;39227;64123;6272816;1.044
4194304;49914;159137;38236352;109975939;0;52148;51997;1;103995;162433;9699835;1.304
4194304;13083;120751;37668347;108506829;0;51029;51017;1;102035;158375;9563744;1.279
1048576;806;8412;5689674;16964764;0;1075;1045;1;2091;8197;1180513;0.215
1048576;70043;33203;9351162;26963928;0;12317;12302;1;24605;41462;2361077;0.298
1048576;6768;38377;9614393;27671568;0;13144;13057;1;26115;44403;2441806;0.301
4194304;1890304;2254758;342825481;941522592;0;989595;989515;1;1979031;2976712;107885292;8.188
262144;472;6618;1587752;4706989;0;535;529;1;1059;4798;341262;0.085
1048576;184175;69319;15767581;44440956;0;32336;32328;1;64657;105809;4424438;0.445
4194304;118950;1013759;165533270;457558830;0;444369;444289;1;888579;1340787;50765585;4.147
1048576;68747;112580;20017925;56065898;0;45090;45008;1;90017;139494;5791974;0.597
1048576;51574;23639;8003892;23286999;0;8170;8160;1;16321;28889;1927368;0.296
1048576;8240;36201;9791066;28160741;0;13672;13663;1;27327;44838;2503913;0.307
4194304;551131;1421004;223499166;615787227;0;622631;622510;1;1245021;1874533;69438378;5.462
1048576;111538;63746;13130021;37265880;0;23902;23838;1;47677;75970;3573258;0.378
1048576;28860;204392;33715988;93471012;0;87300;87253;1;174507;268520;10210330;0.927
1048576;759;13041;6423767;18971302;0;3331;3325;1;6651;15926;1417359;0.227
1048576;41170;150725;26257397;73113795;0;64336;64318;1;128637;197639;7809676;0.758
4194304;55314;182647;44653605;127543986;0;72367;72208;1;144417;222603;11796561;1.523
1048576;26847;196077;32853064;91119072;0;84639;84622;1;169245;258292;9936332;0.856
1048576;312;7631;5637891;16823490;0;893;877;1;1755;6270;1165417;0.222
4194304;140030;1131101;181282786;500535276;0;492669;492561;1;985123;1485359;55830221;4.624
4194304;91025;314271;64866582;182742833;0;134645;134592;1;269185;409598;18321971;1.864
4194304;146454;651401;102871431;286328014;0;250280;249869;1;499739;757740;30472757;2.726
1048576;160640;15218;6752312;19868181;0;4326;4306;1;8613;17118;1523965;0.243
1048576;28905;86854;16087098;45331898;0;32955;32880;1;65761;103187;4523041;0.447
1048576;9352;22024;7761736;22622744;0;7427;7421;1;14843;26694;1849345;0.267
1048576;377;7085;5533631;16540494;0;609;581;1;1163;7628;1130049;0.225
1048576;41658;107963;18989042;53250289;0;41892;41787;1;83575;129774;5456786;0.509
4194304;185036;198123;47621640;135657683;0;81536;81455;1;162911;250357;12758519;1.514
262144;11568;6911;1639386;4853870;0;690;681;1;1363;5893;357697;0.081
4194304;84216;268751;50659001;143836320;0;89955;89689;1;179379;276094;13672352;1.594
4194304;1814050;545163;97873150;272844362;0;236239;236098;1;472197;714695;28955558;2.644
1048576;107912;230512;37293142;103227830;0;98270;98203;1;196407;299095;11360716;0.929
4194304;18952;45166;24607362;72811218;0;10559;10509;1;21019;37882;5332628;1.002
262144;2884;13438;2482680;7149088;0;3291;3269;1;6539;13232;628792;0.102
1048576;8820;21659;7690798;22429304;0;7227;7196;1;14393;25643;1826554;0.288
4194304;45811;107737;31588971;91834443;0;31742;31682;1;63365;102382;7562545;1.153
4194304;340;8660;21530801;64453653;0;1375;1365;1;2731;8762;4363272;0.896
1048576;88596;278387;40186125;111061678;0;106631;106485;1;212971;324914;12256471;0.997
262144;3003;14827;2725329;7812607;0;4046;4021;1;8043;15408;707613;0.108
4194304;96580;517058;89254750;249242752;0;208991;208878;1;417757;633603;26136473;2.469
1048576;28000;32574;9281629;26771335;0;12103;12097;1;24195;40311;2339579;0.584
262144;17424;25412;4277319;12051866;0;8826;8797;1;17595;30147;1207435;0.145
1048576;3090;17838;7145168;20939395;0;5527;5521;1;11043;20716;1650890;0.268
1048576;15300;11094;6171376;18281551;0;2528;2522;1;5045;11449;1337300;0.258
262144;2530;16551;3035658;8661271;0;4991;4985;1;9971;18478;807852;0.121
262144;6984;15166;2824262;8085167;0;4337;4331;1;8663;16511;739817;0.113
4194304;33222;111647;34687682;100339748;0;41686;41592;1;83185;130558;8586306;1.188
1048576;26040;105230;17982272;50492457;0;38700;38596;1;77193;120531;5126697;0.500
4194304;725700;2826440;366321987;1004755119;0;1053245;1052574;1;2105149;3169110;114917425;8.714
1048576;146358;56274;12718580;36155040;0;22683;22672;1;45345;72191;3447110;0.376
262144;12012;31660;5052852;14164490;0;11207;11168;1;22337;37096;1456324;0.159
1048576;75504;122520;21624436;60453425;0;50051;49977;1;99955;154344;6310439;0.577
1048576;28294;61747;13285448;37696495;0;24433;24385;1;48771;77206;3627767;0.404
4194304;4272;44390;26677088;78502422;0;17214;17201;1;34403;56763;6021883;1.045
1048576;115239;537831;81820430;224791914;0;235264;235235;1;470471;710907;25714277;1.951
1048576;130536;73502;14995193;42365563;0;29678;29647;1;59295;93323;4178523;0.451
262144;1482;8797;1877643;5501623;0;1460;1451;1;2903;10212;433073;0.088
4194304;80630;129624;37941701;109234940;0;51795;51703;1;103407;160659;9641836;1.253
4194304;77406;142952;39980507;114800934;0;58030;58003;1;116007;180419;10298833;1.301
4194304;632337;954834;144610960;400241620;0;378279;377974;1;755949;1141655;43905627;3.740
4194304;503234;629125;109434776;304396856;0;271682;271584;1;543169;821054;32675861;2.891
262144;70176;12817;2514307;7243038;0;3387;3376;1;6753;14199;639479;0.101
4194304;31200;90902;30093197;87772947;0;27341;27205;1;54411;87658;7091293;1.095
4194304;153596;71792;30660441;89380282;0;29473;29456;1;58913;94098;7304649;1.119
1048576;8645;42202;10267476;29454988;0;15120;15069;1;30139;49339;2653574;0.320
262144;13398;5963;1435558;4293515;0;70;47;1;95;3431;291953;0.102
262144;4278;17700;3184356;9067316;0;5466;5439;1;10879;19823;855680;0.116
4194304;669372;1477944;211590275;582953167;0;583004;582743;1;1165487;1757201;65411391;5.226
262144;42636;82227;12553128;34643802;0;34336;34275;1;68551;106678;3875148;0.331
4194304;209710;69504;30278065;88334047;0;28320;28274;1;56549;90589;7180603;1.479
262144;26292;24080;4051211;11433222;0;8121;8097;1;16195;27939;1134245;0.180
4194304;377556;260626;57349523;162224284;0;111552;111496;1;222993;340090;15900636;1.762
1048576;1376;15709;6827097;20072356;0;4583;4577;1;9155;20289;1546951;0.275
1048576;19435;14771;6690690;19696855;0;4129;4122;1;8245;16106;1504608;0.242
4194304;501645;43481;26567656;78205412;0;16883;16864;1;33729;56116;5985602;1.069
4194304;10218;53629;27286455;80153060;0;19049;18965;1;37931;62270;6211051;1.064
4194304;22680;152683;41891534;120029668;0;64027;63953;1;127907;197736;10921423;1.423
1048576;3300;18025;7158603;20976344;0;5587;5558;1;11117;20683;1655229;0.248
262144;270;6810;1603211;4750286;0;579;573;1;1147;4897;346473;0.110
1048576;41760;23467;7974954;23207585;0;8081;8072;1;16145;28697;1918140;0.274
1048576;22458;18227;7212818;21126180;0;5738;5726;1;11453;21432;1672462;0.292
4194304;48150;114240;34491244;99789484;0;40954;40916;1;81833;129883;8516308;1.215
262144;1001;8777;1901612;5566566;0;1498;1492;1;2985;8045;442372;0.087
4194304;47302;90280;33233705;96398941;0;37388;37366;1;74733;117274;8133886;1.206
1048576;292;7172;5598767;16718656;0;765;759;1;1519;6223;1152688;0.250
4194304;12064;43859;25458693;75156027;0;13374;13277;1;26555;45247;5617872;1.022
4194304;12960;35164;23894176;70879568;0;8497;8417;1;16835;30792;5110611;0.979
262144;17836;24633;4205101;11853981;0;8589;8583;1;17167;29186;1184890;0.143
4194304;241248;468042;87845559;245488912;0;205487;205412;1;410825;622243;25734450;2.422
1048576;40670;59186;12727955;36172550;0;22685;22640;1;45281;72284;3446059;0.376
262144;28365;8266;1453428;4337737;0;101;52;1;105;3509;294795;0.106
262144;10989;30250;4927704;13824303;0;10809;10796;1;21593;36017;1416895;0.154
1048576;4389;21817;7727781;22529814;0;7321;7315;1;14631;26118;1838659;0.286
262144;2160;5708;1452159;4340676;0;111;105;1;211;3732;297698;0.076
262144;31719;6101;1435558;4293086;0;72;44;1;89;3408;291786;0.077
1048576;474;7008;5571221;16643747;0;679;673;1;1347;5982;1143767;0.294
4194304;118755;194727;48113161;137012792;0;83182;83121;1;166243;254880;12926127;1.499
4194304;986159;3292206;493672969;1353344736;0;1453859;1453826;1;2907653;4369812;156511473;11.421
4194304;303975;650423;113362793;315132632;0;283895;283815;1;567631;858682;33950371;2.952
4194304;1563925;3646604;541980680;1485188486;0;1602131;1602003;1;3204007;4814787;172058276;13.076
262144;210;6369;1514587;4507423;0;314;297;1;595;3972;317817;0.111
1048576;42558;15379;6708547;19746517;0;4196;4162;1;8325;16589;1509128;0.283
1048576;4901;24541;8125096;23615093;0;8543;8537;1;17075;29760;1966975;0.277
4194304;884442;3029325;457393370;1254333683;0;1342560;1342440;1;2684881;4034448;144835091;10.798
4194304;347508;221524;50183493;142637923;0;89302;89211;1;178423;273718;13576990;1.606
1048576;25596;58778;12978629;36863033;0;23477;23457;1;46915;74680;3529731;0.431
262144;216;6006;1489192;4439044;0;228;222;1;445;3768;309794;0.079
1048576;3010;10676;6095204;18073582;0;2299;2285;1;4571;10830;1312429;0.256
1048576;498949;2667169;387565441;1059436185;0;1175842;1175723;1;2351447;3533554;124238621;8.862
1048576;24510;30132;8934480;25826818;0;11030;11024;1;22049;37387;2227609;0.318
1048576;117024;17694;7146546;20944955;0;5531;5525;1;11051;20795;1651276;0.260
4194304;489190;1501237;190860615;525992622;0;515737;515182;1;1030365;1555475;58511215;4.729
1048576;22878;51922;11700141;33366364;0;19534;19482;1;38965;62546;3115686;0.354
1048576;780;7123;5601560;16727253;0;775;769;1;1539;6604;1153313;0.212
4194304;380433;609184;107707065;299702197;0;266502;266446;1;532893;805697;32131320;2.856
1048576;61841;150382;19445324;54396323;0;42412;42342;1;84685;134319;5548675;0.530
262144;91136;34519;5629336;15744295;0;12986;12962;1;25925;42860;1643305;0.173
1048576;26100;46110;11077694;31672191;0;17645;17598;1;35197;57105;2916647;0.338
1048576;51520;128822;21586064;60333275;0;49787;49716;1;99433;154080;6289390;0.590
262144;4704;20610;3603616;10211203;0;6738;6730;1;13461;23497;991232;0.125
4194304;1074537;498050;92064204;257004288;0;218416;218375;1;436751;661461;27092396;2.516
4194304;149422;284792;59185411;167209512;0;117005;116891;1;233783;356661;16477417;1.764
262144;9176;20672;3509414;9952372;0;6445;6425;1;12851;22918;959274;0.121
4194304;834718;1517750;233587968;643262055;0;653173;652957;1;1305915;1966422;72651350;5.724
4194304;44590;347789;69511774;195421605;0;148897;148857;1;297715;452662;19817569;2.071
1048576;11537;37226;9737544;28011191;0;13504;13467;1;26935;44372;2484569;0.303
4194304;226803;770000;128512467;356455911;0;330176;330099;1;660199;997185;38813453;3.341
1048576;128205;103545;19456245;54547240;0;43410;43390;1;86781;134831;5616960;0.526
4194304;56;5914;21135651;63374877;0;157;149;1;299;5038;4235883;0.907
1048576;261701;35953;9679408;27857000;0;13353;13303;1;26607;44280;2466193;0.342
1048576;18410;32035;9224116;26617354;0;11925;11919;1;23839;40331;2320684;0.304
4194304;2072367;4247127;623595773;1707911249;0;1852493;1852334;1;3704669;5565761;198313735;14.510
4194304;13534;80891;31173140;90762863;0;31020;30917;1;61835;98333;7463341;1.199
4194304;65879;107363;32566698;94525538;0;34929;34834;1;69669;110667;7888654;1.180
1048576;20104;35236;9315193;26856583;0;12183;12147;1;24295;40665;2347010;0.299
4194304;410618;924733;146525895;405562344;0;385142;384842;1;769685;1161171;44578664;3.719
1048576;59774;105600;19708052;55233232;0;44181;44160;1;88321;136859;5698587;0.541
262144;4095;10439;2135619;6206405;0;2234;2224;1;4449;11265;516997;0.092
4194304;144600;532767;89712644;250459877;0;210203;210004;1;420009;636674;26265637;2.435
4194304;36636;231626;53600030;151999170;0;100041;100025;1;200051;305909;14696918;1.627
1048576;20688;48959;9219193;26555829;0;11597;11545;1;23091;40049;2295657;0.291
4194304;97750;208859;44527308;127133116;0;71331;71223;1;142447;220665;11718033;1.402
1048576;2356;19919;7402422;21640092;0;6321;6306;1;12613;22692;1733956;0.254
262144;8096;13217;2514938;7239178;0;3395;3376;1;6753;13516;639867;0.099
1048576;76041;46199;11275858;32218937;0;18243;18233;1;36467;59378;2981799;0.378
4194304;401814;712231;122818803;340960226;0;313008;312980;1;625961;945302;37004036;3.198
4194304;721270;1097058;170884760;472054941;0;459904;459713;1;919427;1386182;52424807;4.336
1048576;81716;180209;29247950;81254538;0;73435;73327;1;146655;224665;8762028;0.750
1048576;35072;14192;6611982;19486361;0;3886;3874;1;7749;15908;1478915;0.238
1048576;1548;9488;5927572;17615565;0;1777;1771;1;3543;9258;1258574;0.223
262144;510;7574;1672638;4938195;0;798;782;1;1565;5517;368466;0.083
1048576;11169;7808;5713170;17030369;0;1147;1115;1;2231;7324;1189439;0.231
1048576;40656;39250;10122966;29066382;0;14708;14666;1;29333;48136;2609445;0.608
4194304;228480;884374;140020714;387796478;0;365025;364723;1;729447;1101780;42476909;3.815
262144;21070;18095;3207223;9129420;0;5538;5512;1;11025;20654;862119;0.130
4194304;880910;867551;143252749;396707346;0;375745;375545;1;751091;1132921;43569836;3.653
1048576;23595;48551;11190950;31974992;0;17967;17912;1;35825;57842;2950683;0.340
4194304;15540;51919;26988053;79336254;0;18110;18041;1;36083;59550;6113787;0.999
4194304;188307;468751;66931454;188060698;0;138114;137797;1;275595;421704;18800176;1.947
1048576;576;7334;5554904;16595691;0;633;617;1;1235;5591;1138114;0.214
4194304;24794;132424;39093870;112374480;0;55428;55419;1;110839;175638;10014907;1.265
262144;6499;9205;2016439;5879483;0;1887;1869;1;3739;10285;478489;0.091
1048576;6435;34035;9302866;26824577;0;12157;12136;1;24273;40508;2344617;0.307
4194304;65184;221689;51160635;145318120;0;92407;92374;1;184749;283456;13900022;1.629
4194304;136504;412339;67586656;189984895;0;141402;141189;1;282379;431152;19091708;2.013
1048576;33099;72636;14962418;42278012;0;29581;29560;1;59121;92977;4169343;0.419
1048576;25896;26737;8410140;24390564;0;9421;9412;1;18825;32089;2058643;0.280
262144;15244;21638;3576512;10134413;0;6674;6633;1;13267;24383;979612;0.124
1048576;124016;394459;56341572;155156394;0;156285;156098;1;312197;473832;17457991;1.437
4194304;373880;427616;75121376;210636483;0;165387;165197;1;330395;501944;21568672;2.151
4194304;426024;1636263;238164881;655563552;0;665514;665079;1;1330159;2003917;74012330;5.804
262144;10643;22230;3858064;10907399;0;7521;7515;1;15031;26280;1072759;0.129
262144;32494;27168;4576509;12867902;0;9733;9727;1;19455;32690;1304538;0.149
1048576;7277;24005;7250663;21208058;0;5764;5741;1;11483;22306;1676459;0.257
262144;20280;10417;2145068;6233428;0;2249;2238;1;4477;10561;520500;0.094
4194304;136713;358324;68226356;191866872;0;144653;144462;1;288925;439702;19376930;1.969
4194304;48175;126870;37049938;106788415;0;48931;48898;1;97797;153564;9348052;1.235
1048576;138552;70616;14772771;41761781;0;29004;28992;1;57985;91244;4109088;0.417
262144;17227;12253;2412855;6963779;0;3072;3064;1;6129;12929;607044;0.110
1048576;62062;37750;10048661;28867756;0;14467;14455;1;28911;47706;2586367;0.441
4194304;261726;989227;156768623;433538549;0;416742;416503;1;833007;1255852;47888105;4.093
1048576;34587;59387;13033607;37013057;0;23644;23621;1;47243;75299;3547116;0.393
262144;172;6301;1513307;4506961;0;335;329;1;659;6767;315739;0.158
1048576;41195;252212;40432579;111801495;0;107915;107865;1;215731;328392;12374484;1.048
1048576;7420;15671;6843296;20116357;0;4599;4593;1;9187;18193;1553383;0.264
1048576;8613;27575;8207744;23832746;0;8789;8739;1;17479;30294;1990043;0.274
4194304;8424;16989;22763336;67817852;0;5173;5167;1;10335;20890;4759807;0.923
1048576;28280;19360;7377029;21573418;0;6240;6233;1;12467;22723;1725749;0.288
4194304;61020;158891;42531767;121769154;0;65941;65890;1;131781;203824;11123508;1.392
4194304;104742;284307;50021117;142046921;0;87465;87285;1;174571;269381;13439290;1.715
262144;2808;8438;1855028;5441470;0;1351;1345;1;2691;7673;427369;0.087
1048576;91881;18043;7182697;21043585;0;5640;5634;1;11269;21057;1663115;0.612
1048576;236390;24989;8141038;23660550;0;8605;8573;1;17147;30308;1970720;0.297
4194304;7100;22367;22738043;67732403;0;5002;4973;1;9947;20669;4743852;0.909
4194304;76035;275766;59994310;169453472;0;119733;119707;1;239415;364907;16758358;1.825
262144;60295;38047;6157585;17185008;0;14605;14592;1;29185;47488;1813800;0.204
1048576;92682;51300;12018384;34246985;0;20526;20516;1;41033;66158;3221427;0.371
4194304;304020;604877;103799579;288976452;0;254166;253916;1;507833;768071;30840387;2.884
4194304;588714;2113207;324698985;892074195;0;934131;934091;1;1868183;2808845;102064613;7.891
4194304;98208;224179;51367333;145882265;0;93021;92984;1;185969;285485;13965597;1.548
4194304;923976;2612065;362338742;994293606;0;1044947;1044542;1;2089085;3143582;113879171;8.614
262144;576;9306;1948651;5695372;0;1676;1670;1;3341;10906;456009;0.088
4194304;2553;15635;22327212;66623567;0;3839;3785;1;7571;16324;4617745;0.965
1048576;27027;68540;14484009;40974160;0;28111;28105;1;56211;88469;4016538;0.457
4194304;158427;115324;35604312;102850238;0;44542;44465;1;88931;138802;8885221;1.231
4194304;54432;82085;31555027;91808443;0;32188;32124;1;64249;101891;7587576;1.133
4194304;1425403;2331856;356591140;979150884;0;1032500;1032264;1;2064529;3104469;112346765;8.524
1048576;6176;18173;7077471;20752117;0;5314;5295;1;10591;19936;1628053;0.248
1048576;144840;294521;44483169;122823031;0;120129;120009;1;240019;364853;13658879;1.122
4194304;95040;139245;39414511;113255107;0;56322;56251;1;112503;174491;10116048;1.349
1048576;7434;33995;9484355;27325185;0;12725;12719;1;25439;42144;2405068;0.298
1048576;240372;40407;10099608;28999749;0;14611;14563;1;29127;48090;2599513;0.447
262144;25283;13149;2511429;7231043;0;3389;3364;1;6729;13813;638249;0.105
4194304;264120;2188667;336503358;924322775;0;970559;970553;1;1941107;2919299;105880731;8.130
1048576;2000;10550;6085453;18048090;0;2261;2255;1;4511;10794;1309485;0.256
262144;3773;9323;1987616;5803135;0;1761;1755;1;3511;9014;469999;0.091
4194304;123032;295961;49222597;139826085;0;84623;84446;1;168893;261290;13158404;1.659
1048576;54280;7214;5385463;16134437;0;91;65;1;131;4126;1081987;0.237
1048576;81855;244854;34439020;95354853;0;88768;88672;1;177345;272324;10394743;0.890
4194304;81691;162935;34044425;98454178;0;38522;38369;1;76739;122421;8303972;1.195
4194304;245752;1268764;187285007;516702189;0;509345;508865;1;1017731;1535800;57636122;4.700
1048576;56840;88148;16733879;47104639;0;35017;34940;1;69881;109155;4735632;0.465
262144;34594;22156;3840395;10861617;0;7471;7455;1;14911;26303;1066852;0.132
4194304;71880;145384;40514511;116262440;0;59740;59667;1;119335;184745;10472613;1.342
1048576;91904;72091;14772177;41756385;0;28997;28958;1;57917;91202;4106971;0.418
4194304;16113;55493;26690014;78510277;0;17103;16997;1;33995;56592;6010540;1.066
1048576;98125;46888;10965066;31362148;0;17280;17232;1;34465;57229;2877416;0.339
4194304;224112;625571;106068484;295160949;0;260968;260785;1;521571;788877;31565781;2.833
1048576;89080;284725;38898433;107509362;0;102319;102188;1;204377;312774;11820430;0.968
4194304;33654;144319;41001772;117605755;0;61349;61260;1;122521;189359;10636376;1.372
262144;39445;28959;4804637;13491116;0;10443;10423;1;20847;34975;1377563;0.154
1048576;4991;52449;12125421;34534484;0;20851;20845;1;41691;66770;3256701;0.368
1048576;99666;156661;27001533;75139647;0;66623;66593;1;133187;203959;8048327;0.701
1048576;3180;7939;5691030;16971371;0;1083;1077;1;2155;9564;1180767;0.216
1048576;7218;29300;8293855;24060975;0;9011;8992;1;17985;31881;2015386;0.286
262144;238;6681;1554087;4616240;0;460;445;1;891;6109;328222;0.077
262144;7242;16036;2913648;8326768;0;4619;4603;1;9207;17194;768255;0.111
4194304;42158;105867;30834798;89772771;0;29377;29273;1;58547;94394;7316493;1.152
4194304;12224;105461;35326130;102110710;0;43820;43789;1;87579;136759;8807696;1.227
1048576;46686;55935;12196680;34720217;0;21048;20997;1;41995;67252;3274288;0.466
262144;45110;47185;7462480;20745643;0;18633;18607;1;37215;59495;2234098;0.235
262144;34008;34257;5399117;15110148;0;12273;12228;1;24457;40457;1567633;0.170
1048576;189435;8155;5747054;17127485;0;1224;1210;1;2421;8127;1199919;0.249
1048576;1296;10745;6056461;17965309;0;2194;2161;1;4323;10248;1299949;0.231
4194304;43056;166301;43960337;125678338;0;70415;70333;1;140667;216595;11588147;1.527
1048576;2295;14543;6455741;19052575;0;3407;3369;1;6739;14092;1427043;0.254
262144;106024;23853;4085772;11529905;0;8226;8212;1;16425;28431;1145854;0.140
1048576;11270;43792;10792773;30893985;0;16763;16733;1;33467;54361;2825876;0.337
1048576;32595;70591;14508942;41035421;0;28186;28142;1;56285;88491;4021565;0.422
4194304;1076634;368353;73457758;206211391;0;161173;161145;1;322291;489769;21096766;2.070
262144;16128;23730;4077795;11508523;0;8200;8189;1;16379;28312;1143676;0.136
262144;13068;14993;2783453;7973261;0;4216;4203;1;8407;16131;726338;0.111
4194304;73320;96104;32953280;95615557;0;36440;36329;1;72659;114475;8033034;1.187
262144;58080;16567;3051995;8710035;0;5042;5031;1;10063;19090;812759;0.114
1048576;102630;468119;71950203;197848360;0;204992;204899;1;409799;620328;22533913;1.720
262144;1470;11876;2345089;6776079;0;2866;2860;1;5721;12122;585296;0.096
1048576;37170;123847;22469809;62775036;0;52684;52678;1;105357;162359;6590525;0.598
1048576;6798;12156;6327638;18709696;0;3009;3001;1;6003;13155;1387364;0.262
262144;100936;17999;3212448;9145294;0;5544;5527;1;11055;20688;863843;0.119
4194304;203112;1840131;286105443;786737694;0;815479;815473;1;1630947;2454210;89637326;6.891
4194304;41340;89017;31437161;91465777;0;31647;31596;1;63193;100923;7538375;1.110
4194304;147610;385782;73923449;207445627;0;162412;162262;1;324525;492704;21228358;2.079
1048576;18270;78387;15604848;44027407;0;31560;31509;1;63019;98780;4374394;0.442
1048576;9694;19887;7156201;20963401;0;5543;5513;1;11027;20668;1651774;0.259
4194304;31104;273921;59874961;169131268;0;119367;119361;1;238723;363741;16721760;1.786
4194304;1750096;1787955;275555072;757876395;0;782624;782548;1;1565097;2354969;86204155;6.682
4194304;86196;235919;51398043;145939322;0;92896;92819;1;185639;284940;13960335;1.563
1048576;48480;156591;27193197;75667592;0;67222;67214;1;134429;205927;8112741;0.700
1048576;10295;19644;7421711;21696875;0;6376;6370;1;12741;23457;1739922;0.253
1048576;2499;14578;6470463;19091946;0;3438;3417;1;6835;14276;1431592;0.235
1048576;10608;38916;10201655;29282216;0;14937;14931;1;29863;49128;2635782;0.317
1048576;5850;33191;8920325;25776816;0;10992;10917;1;21835;36932;2219289;0.335
1048576;88616;64749;13846907;39233756;0;26165;26129;1;52259;82691;3809787;0.443
1048576;152205;8513;5398608;16168230;0;136;77;1;155;4278;1084528;0.239
1048576;130628;490481;69008741;189718960;0;195150;194887;1;389775;590533;21529570;1.728
4194304;9900;16401;22656472;67528806;0;4835;4827;1;9655;19505;4725725;0.990
4194304;72756;195677;46150920;131623527;0;76883;76759;1;153519;236338;12274642;1.503
262144;561;9234;1956440;5715722;0;1675;1669;1;3339;9036;459733;0.095
4194304;58362;234625;54230670;153718916;0;102014;102008;1;204017;312206;14901248;1.679
1048576;31330;65194;13917925;39427495;0;26378;26349;1;52699;83254;3832906;0.415
1048576;936;8783;5827268;17341336;0;1469;1463;1;2927;8196;1226403;0.223
1048576;37480;38113;9914145;28495863;0;14035;14017;1;28035;46566;2541254;0.325
262144;7107;22987;3970299;11212061;0;7869;7863;1;15727;27089;1109074;0.139
4194304;54834;246276;54282714;153835682;0;101979;101909;1;203819;311606;14903207;1.680
1048576;74256;159212;26683828;74261818;0;65607;65510;1;131021;201196;7939462;0.713
4194304;202160;771495;128927140;357593345;0;331627;331403;1;662807;1001604;38949907;3.428
4194304;1163580;1003465;164442833;454581034;0;441112;440988;1;881977;1329211;50413393;4.283
4194304;22638;60709;26638962;78342374;0;16786;16761;1;33523;59079;5982161;1.014
1048576;704;9732;5962542;17710421;0;1885;1879;1;3759;9375;1270072;0.228
262144;18711;24277;4036568;11390823;0;8086;8049;1;16099;27718;1129147;0.140
1048576;59860;54754;12317016;35055642;0;21457;21409;1;42819;68683;3315535;0.380
262144;459;8927;1887262;5524750;0;1470;1445;1;2891;7544;437960;0.089
262144;31200;32022;5044173;14140286;0;11177;11130;1;22261;37152;1452455;0.167
1048576;54108;223041;36659790;101509491;0;96343;96321;1;192643;293599;11161758;0.972
4194304;1318800;9441670;1369694821;3744698380;0;4147593;4147375;1;8294751;12453233;438750307;32.980
4194304;121146;501278;91820770;256328483;0;217587;217521;1;435043;659061;27009895;2.597
262144;6256;21703;3753560;10620378;0;7203;7190;1;14381;25024;1038971;0.141
1048576;213006;291313;44027987;121580956;0;118737;118609;1;237219;360712;13512210;1.131
4194304;2354;12875;21928192;65531554;0;2580;2565;1;5131;13102;4488352;0.891
4194304;45778;154302;40954416;117445144;0;60936;60907;1;121815;189836;10605647;1.345
4194304;34486;96461;31033753;90334382;0;30188;30145;1;60291;97982;7393205;1.123
1048576;33024;27161;8488136;24607367;0;9672;9648;1;19297;33241;2083244;0.315
4194304;13392;57701;27460529;80621372;0;19544;19437;1;38875;63829;6263216;1.045
4194304;480998;1489546;227347253;626193171;0;633703;633415;1;1266831;1908174;70620989;5.851
4194304;23921;113420;36575427;105512512;0;47685;47677;1;95355;150387;9207915;1.254
262144;24564;19940;3459993;9819761;0;6309;6278;1;12557;22566;943643;0.147
4194304;350152;730523;121488555;337261912;0;308422;308272;1;616545;931329;36537621;3.206
262144;5050;14485;2737520;7849049;0;4071;4065;1;8131;15842;711702;0.113
1048576;237272;26840;5510313;16432114;0;121;26;1;53;3803;1097690;0.255
262144;3125;11221;2212118;6411567;0;2477;2443;1;4887;10605;542327;0.101
4194304;10020;26867;23006164;68460189;0;5796;5733;1;11467;22665;4827261;0.971
1048576;143200;104034;19101331;53569322;0;42300;42234;1;84469;131274;5498412;0.529
1048576;56653;24918;8162348;23717373;0;8678;8646;1;17293;30184;1978252;0.402
1048576;219180;6077;5383030;16130992;0;90;82;1;165;4276;1082585;0.204
1048576;190162;165770;28499084;79232811;0;71250;71226;1;142453;218055;8532451;0.827
262144;4128;15550;2796020;8004600;0;4257;4234;1;8469;16091;729843;0.113
1048576;447993;47851;11508055;32853231;0;18980;18945;1;37891;61531;3056590;0.348
262144;3120;15980;2903450;8298744;0;4583;4572;1;9145;17097;765051;0.110
1048576;39183;18962;7302169;21370188;0;6014;5998;1;11997;22367;1700984;0.281
1048576;1323;10431;6071832;18009907;0;2221;2215;1;4431;10532;1305236;0.224
1048576;120085;235363;37708208;104359855;0;99531;99433;1;198867;303106;11492738;0.943
4194304;140668;235974;54204621;153649612;0;101911;101881;1;203763;311727;14891248;1.683
1048576;2679;12273;6039393;17913058;0;2100;2077;1;4155;10370;1291685;0.229
4194304;376138;3086756;461806796;1266324863;0;1355515;1355417;1;2710835;4073975;146224366;10.891
4194304;2036;10708;21878498;65402682;0;2457;2451;1;4903;13515;4473951;0.947
1048576;3045;13955;6260488;18515259;0;2776;2757;1;5515;12631;1362451;0.240
262144;17000;17857;3196052;9098839;0;5488;5474;1;10949;19966;859227;0.123
1048576;3294;36875;9865753;28367928;0;13927;13921;1;27843;48299;2526660;0.308
1048576;30591;60980;13406466;38031093;0;24799;24793;1;49587;78324;3669196;0.489
4194304;91881;228186;51886387;147298946;0;94642;94567;1;189135;289724;14132656;1.580
262144;629;8117;1753744;5159635;0;1049;1032;1;2065;6284;394579;0.084
4194304;353115;351193;70164068;197205559;0;150948;150883;1;301767;458819;20027735;1.998
4194304;20825;83416;31357368;91261090;0;31530;31458;1;62917;99837;7520279;1.132
262144;24846;24495;4180858;11789686;0;8532;8516;1;17033;29899;1175821;0.172
1048576;31428;90032;16982566;47782250;0;35784;35704;1;71409;111561;4815713;0.494
4194304;50552;116437;31262363;90920208;0;30515;30425;1;60851;98446;7443426;1.178
262144;20384;22033;3716153;10516813;0;7090;7062;1;14125;24812;1025855;0.224
1048576;316041;83119;16254032;45800416;0;33544;33498;1;66997;104971;4582651;0.483
1048576;87737;20901;7578117;22121590;0;6869;6849;1;13699;24703;1789952;0.302
262144;1826;9986;2076820;6044917;0;2037;2031;1;4063;9644;498848;0.097
1048576;8030;27838;8527670;24711784;0;9800;9765;1;19531;33331;2095988;0.292
1048576;221442;724843;108925510;298784287;0;318687;318655;1;637311;960751;34450229;2.558
1048576;8789;18996;7318018;21410993;0;6060;6054;1;12109;22280;1706589;0.255
262144;1566;10372;2129675;6188214;0;2201;2195;1;4391;10099;515873;0.093
4194304;542916;194990;46876575;133618212;0;79236;79115;1;158231;243148;12515586;1.486
1048576;286;6342;5438291;16278184;0;276;261;1;523;4411;1100891;0.241
4194304;122148;327041;54234273;153520102;0;100229;99937;1;199875;307346;14779750;1.631
1048576;43608;22801;7864794;22905678;0;7759;7731;1;15463;27448;1882472;0.295
4194304;552550;453967;84180251;235453964;0;193996;193883;1;387767;587708;24537747;2.350
4194304;63100;209262;45674281;130279306;0;75015;74926;1;149853;231803;12097098;1.443
1048576;163548;197071;32780688;90916315;0;84410;84367;1;168735;257757;9910412;0.852
4194304;69328;185829;44263181;126460953;0;70985;70883;1;141767;219030;11661095;1.437
1048576;13689;44885;9614555;27655239;0;13006;12901;1;25803;43205;2433498;0.317
262144;918;10411;2122587;6168275;0;2177;2171;1;4343;9721;513936;0.092
1048576;142766;425589;64539903;177598155;0;181999;181898;1;363797;550851;20134731;1.563
1048576;18328;67398;12536542;35626915;0;21970;21841;1;43683;70192;3372213;0.399
262144;18819;15904;2762721;7906593;0;4178;4127;1;8255;16170;716748;0.107
1048576;20140;65816;12006373;34174027;0;20259;20165;1;40331;65228;3198295;0.374
262144;27720;45359;7182793;19983729;0;17779;17742;1;35485;57079;2144055;0.207
1048576;268578;25172;8213461;23859334;0;8813;8803;1;17607;30902;1994815;0.311
1048576;66750;565664;86129680;236560741;0;248556;248541;1;497083;750860;27106988;2.058
1048576;2300;10760;5857617;17417998;0;1550;1521;1;3043;8506;1233600;0.240
262144;470;8462;1850836;5426738;0;1343;1337;1;2675;7493;426038;0.087
4194304;11300;70285;30061364;87727737;0;27593;27580;1;55161;89348;7106705;1.135
4194304;80276;185610;38024017;109324847;0;50835;50738;1;101477;160413;9591800;1.345
262144;45150;8896;1925434;5634164;0;1568;1562;1;3125;8458;449985;0.091
1048576;86328;185072;31048375;86187811;0;79064;79037;1;158075;241662;9352231;0.814
1048576;34969;77140;15337683;43297615;0;30711;30673;1;61347;96384;4287731;0.509
1048576;1344;10717;5998089;17802345;0;1992;1981;1;3963;10221;1279830;0.232
1048576;152640;36353;9838727;28295102;0;13822;13807;1;27615;45840;2518571;0.328
4194304;10450;46380;26762012;78729965;0;17480;17431;1;34863;57403;6046934;1.035
1048576;6314;33927;9197676;26529609;0;11828;11817;1;23635;40867;2308151;0.305
262144;4833;17544;3117471;8883157;0;5242;5229;1;10459;19244;833615;0.116
262144;10508;5660;1422220;4256067;0;19;13;1;27;3075;288161;0.079
262144;18486;12514;2446513;7052585;0;3177;3171;1;6343;12807;618154;0.101
4194304;4732;15599;21993423;65706302;0;2764;2709;1;5419;13257;4506868;0.926
1048576;90136;254205;39680674;109728989;0;105518;105390;1;210781;320807;12121195;0.985
1048576;96624;47042;11306118;32297239;0;18350;18314;1;36629;59326;2990539;0.419
262144;3192;29194;4775831;13409307;0;10354;10329;1;20659;34413;1368496;0.154
4194304;80696;203457;49728709;141433905;0;88147;88141;1;176283;269818;13451436;1.537
4194304;24570;53465;28082327;82337211;0;21557;21551;1;43103;71490;6472813;1.063
4194304;190125;286590;61791932;174362830;0;125288;125282;1;250565;382072;17338880;1.925
4194304;442944;1114725;132013658;365295293;0;334170;333645;1;667291;1011221;39517009;3.480
4194304;26820;99527;33444907;96936399;0;37917;37903;1;75807;123444;8185350;1.199
1048576;1863;22969;7868714;22913701;0;7751;7745;1;15491;27039;1884578;0.264
1048576;33464;58016;12553732;35696875;0;22146;22104;1;44209;70612;3390308;0.376
4194304;407176;1070325;157058899;434151954;0;415995;415620;1;831241;1254686;47876442;3.965
1048576;23288;22162;7770320;22645711;0;7456;7443;1;14887;26346;1852147;0.292
1048576;1176;9785;5868593;17449702;0;1593;1581;1;3163;8850;1238363;0.218
262144;115;6496;1538682;4575865;0;421;405;1;811;6857;323942;0.080
4194304;153972;214217;50494582;143508544;0;90449;90380;1;180761;276632;13690233;1.568
1048576;27176;56299;12576439;35764383;0;22240;22213;1;44427;71018;3399613;0.377
1048576;15120;15040;6751585;19868660;0;4311;4305;1;8611;17269;1524025;0.254
1048576;59495;211655;31479751;87309229;0;80039;79838;1;159677;244810;9459504;0.806
4194304;188200;383133;53139289;150380622;0;95353;95153;1;190307;294638;14340198;1.639
1048576;6804;28369;8190998;23781888;0;8698;8677;1;17355;30693;1982835;0.288
1048576;9240;23439;7645715;22299427;0;7062;7014;1;14029;24908;1809714;0.279
4194304;278;9351;21632367;64731251;0;1687;1681;1;3363;10125;4396097;0.941
1048576;79024;214104;32242509;89396935;0;82374;82250;1;164501;251839;9708237;0.817
4194304;1184658;583422;103185062;287339140;0;252531;252411;1;504823;763479;30664793;2.893
1048576;54662;17607;7124749;20887186;0;5464;5454;1;10909;20796;1644094;0.325
4194304;136395;1179977;189782955;523761678;0;518972;518941;1;1037883;1563920;58582440;4.768
262144;6486;13621;2597211;7465069;0;3639;3632;1;7265;14370;666668;0.104
4194304;48208;213797;47316117;134783397;0;80361;80117;1;160235;246963;12637708;1.524
4194304;4026;27512;24258154;71895378;0;9776;9769;1;19539;34853;5241066;0.965
4194304;38272;180119;43403397;124117014;0;68415;68225;1;136451;210960;11385472;1.450
4194304;857478;1548514;244162318;672233660;0;686510;686435;1;1372871;2066511;76117008;6.019
4194304;98;6921;21282421;63775815;0;607;601;1;1203;6473;4283317;0.926
4194304;42500;106290;35524077;102650557;0;44445;44412;1;88825;138665;8871343;1.235
4194304;423016;670029;110944943;308449138;0;275802;275553;1;551107;833860;33122547;2.934
1048576;84803;136555;23039799;64308161;0;54307;54239;1;108479;167475;6761006;0.616
262144;92;5934;1462084;4364257;0;146;137;1;275;3460;300987;0.077
1048576;133956;206180;33166790;91955658;0;85530;85410;1;170821;261056;10026163;0.849
4194304;15544;72599;30181394;88058072;0;27989;27897;1;55795;89101;7145457;1.125
1048576;14981;38586;10114186;29043654;0;14708;14651;1;29303;48041;2607362;0.328
1048576;76782;86594;17105935;48131669;0;36181;36175;1;72351;112671;4861553;0.485
4194304;49379;211691;47463132;135184780;0;80708;80660;1;161321;249533;12686640;1.512
1048576;110279;224432;35907066;99436159;0;93926;93861;1;187723;286313;10909352;0.914
4194304;18974;47115;24913760;73648967;0;11509;11453;1;22907;40536;5431864;1.014
1048576;35990;21346;7577816;22119630;0;6862;6839;1;13679;24629;1789574;0.274
1048576;16;5724;5374967;16106179;0;77;69;1;139;3734;1080851;0.214
4194304;8874;87791;32966090;95671549;0;36563;36557;1;73115;115106;8049115;1.187
4194304;155105;972248;159357027;440691654;0;425306;425254;1;850509;1282806;48770682;4.045
262144;17760;12960;2491666;7177433;0;3322;3304;1;6609;13602;632036;0.160
4194304;8160;25649;23094323;68705173;0;6097;6045;1;12091;23525;4858158;0.998
1048576;6960;24233;8033773;23364731;0;8266;8255;1;16511;29168;1936604;0.293
262144;9154;16426;3022440;8627731;0;4947;4941;1;9883;18570;803490;0.126
4194304;527850;1595366;219617554;604727382;0;606459;606041;1;1212083;1826789;67916414;5.493
262144;11400;8152;1812048;5322464;0;1221;1215;1;2431;7117;413590;0.089
1048576;100440;98775;18153545;50977093;0;39354;39295;1;78591;122493;5191810;0.559
4194304;175750;696808;118081527;327983326;0;298078;298025;1;596051;901229;35452387;3.102
1048576;2304;11762;6008383;17830172;0;2019;1985;1;3971;9885;1282397;0.225
1048576;11193;6877;5583361;16679747;0;718;711;1;1423;6477;1147464;0.291
1048576;247314;836720;116930282;320511980;0;342294;342026;1;684053;1033232;36955115;2.831
1048576;69938;19611;7430143;21720689;0;6420;6396;1;12793;23605;1742494;0.271
4194304;18292;85740;32233194;93661230;0;34264;34237;1;68475;108152;7807723;1.195
262144;19305;16928;3227697;9179662;0;5622;5610;1;11221;20934;868732;0.152
1048576;5123;37819;9782370;28132763;0;13625;13601;1;27203;44902;2498747;0.311
4194304;3952;15556;22513853;67136793;0;4407;4389;1;8779;17994;4679921;0.903
262144;13845;22354;3770803;10666454;0;7260;7231;1;14463;25310;1043618;0.239
1048576;362043;244772;39797299;110075100;0;106013;105974;1;211949;322929;12171806;1.021
4194304;28080;161200;43254804;123753410;0;68226;68169;1;136339;210415;11362044;1.370
262144;30150;37482;6066755;16934486;0;14321;14315;1;28631;46255;1784980;0.186
1048576;84534;121958;21325378;59632489;0;49098;49026;1;98053;151449;6212295;0.578
1048576;22344;62918;13514850;38325466;0;25166;25099;1;50199;79619;3702520;0.393
1048576;40128;151160;26282302;73178214;0;64410;64393;1;128787;197503;7817589;0.994
1048576;93940;8568;5887562;17508399;0;1667;1661;1;3323;9579;1245222;0.215
1048576;18513;22263;7710430;22480479;0;7268;7249;1;14499;25696;1832470;0.330
1048576;214049;104266;19704880;55229648;0;44183;44175;1;88351;137207;5698426;0.539
262144;6900;18937;3269585;9296866;0;5724;5689;1;11379;20446;882325;0.118
1048576;112054;88297;17348870;48797519;0;36948;36919;1;73839;115562;4938832;0.493
4194304;64714;191647;41208543;118063129;0;61089;60873;1;121747;189323;10641953;1.380
1048576;66654;250605;37296482;103190580;0;97870;97768;1;195537;298473;11335644;0.965
1048576;49818;28585;8721636;25246137;0;10378;10370;1;20741;35574;2158659;0.329
4194304;322;6805;21242761;63666327;0;488;477;1;955;6163;4270032;0.916
1048576;64713;132101;23300025;65034192;0;55206;55179;1;110359;170242;6853413;0.620
1048576;163964;448115;68684356;188924834;0;194850;194789;1;389579;589264;21478194;1.699
262144;35392;33142;5217673;14612498;0;11709;11668;1;23337;38489;1508752;0.165
4194304;29160;135209;39586380;113726873;0;56938;56929;1;113859;178817;10176025;1.317
4194304;37989;70427;30476099;88874081;0;28903;28895;1;57791;91790;7246232;1.104
1048576;242204;362997;55570415;153110261;0;154394;154310;1;308621;467837;17243675;1.377
1048576;147420;47478;11133052;31820637;0;17800;17746;1;35493;57587;2932923;0.344
262144;468;7730;1749694;5150577;0;1033;1027;1;2055;6656;393351;0.083
4194304;33276;270987;58828420;166264180;0;116086;116045;1;232091;353983;16378562;1.820
4194304;327910;437289;81091670;227010994;0;184467;184274;1;368549;559023;23536012;2.293
262144;308;6639;1580063;4687736;0;507;501;1;1003;4735;338989;0.083
1048576;55632;37403;9996542;28726190;0;14303;14294;1;28589;47327;2569664;0.322
1048576;5945;13144;6386637;18866932;0;3207;3173;1;6347;13352;1405966;0.233
262144;13915;17014;3087941;8805015;0;5162;5141;1;10283;19080;824316;0.116
262144;14210;30521;5002945;14031279;0;11052;11030;1;22061;36718;1441377;0.333
1048576;23647;12474;6494387;19161147;0;3549;3542;1;7085;15163;1440722;0.245
1048576;13589;33427;9015419;26037099;0;11278;11218;1;22437;37786;2250006;0.298
1048576;39102;128384;19503322;54613870;0;43097;43000;1;86001;134348;5599541;0.880
1048576;182886;760396;102102656;279971091;0;296069;295802;1;591605;894044;32140998;2.464
1048576;9230;71988;14673090;41484095;0;28683;28642;1;57285;90133;4074803;0.467
1048576;12530;36938;9897947;28453720;0;13998;13992;1;27985;46306;2537864;0.321
4194304;857317;1765465;266391297;732769332;0;753625;753426;1;1506853;2268049;83197483;6.478
1048576;9720;52998;12248737;34868028;0;21246;21240;1;42481;68589;3294994;0.377
4194304;15561;46420;25311696;74746462;0;12868;12745;1;25491;43841;5565686;1.080
4194304;53998;114132;36221095;104546591;0;46554;46488;1;92977;144839;9092216;1.282
4194304;6370;6061;21194376;63541390;0;333;327;1;655;6391;4254377;0.954
4194304;19008;55058;26177930;77104643;0;15454;15353;1;30707;51781;5841164;1.059
4194304;182700;940100;148468715;410866592;0;390955;390780;1;781561;1179715;45203786;3.795
262144;20470;21909;3720452;10528862;0;7119;7078;1;14157;24808;1027423;0.169
262144;4264;18762;3269503;9297620;0;5719;5692;1;11385;20555;882422;0.136
262144;15114;7355;1688140;4982910;0;840;834;1;1669;5761;373766;0.084
1048576;294954;62765;13567009;38469514;0;25297;25271;1;50543;80306;3719372;0.401
4194304;1507520;4579804;660586768;1808727636;0;1964957;1964422;1;3928845;5903420;210135360;15.358
1048576;3152;11810;6277855;18571991;0;2857;2851;1;5703;12524;1371495;0.233
1048576;70912;227458;34521826;95625370;0;89475;89316;1;178633;272923;10446625;0.874
1048576;12360;37185;9819197;28234339;0;13749;13738;1;27477;45791;2510977;0.337
262144;8260;7062;1656166;4894560;0;747;739;1;1479;5459;363421;0.083
4194304;62037;506075;92336380;257733881;0;219163;219081;1;438163;664002;27174618;2.575
1048576;36893;14499;6482622;19125786;0;3483;3456;1;6913;14201;1435831;0.248
4194304;294000;743191;109371152;303962593;0;269240;268813;1;537627;814336;32504136;2.897
1048576;42880;109252;19576256;54860662;0;43743;43656;1;87313;135416;5650142;0.538
1048576;73911;92307;17533983;49292252;0;37481;37432;1;74865;116619;4994973;0.493
1048576;764;6359;5480128;16396267;0;397;391;1;783;5170;1114442;0.251
4194304;1518525;2575312;353901728;971207741;0;1018625;1018095;1;2036191;3064030;111129788;8.458
4194304;105875;680375;113852561;316410955;0;284864;284717;1;569435;860795;34073990;2.995
4194304;5032;21166;22844077;68029578;0;5399;5333;1;10667;21127;4781560;1.020
4194304;7480;28142;23597361;70081431;0;7675;7613;1;15227;28106;5021823;0.955
4194304;26037;114107;35094886;101445354;0;42902;42876;1;85753;136110;8716102;1.237
1048576;30704;21820;7632267;22267531;0;7041;7005;1;14011;25171;1806893;0.323
262144;5535;13611;2550886;7336423;0;3502;3484;1;6969;13853;651121;0.103
4194304;20244;106575;35734206;103227744;0;45093;45087;1;90175;141429;8939794;1.369
4194304;143899;193878;48107492;137003329;0;83165;83119;1;166239;255282;12925837;1.521
4194304;19822;44484;24693964;73053365;0;10834;10796;1;21593;38143;5363044;1.065
4194304;496392;4092998;604896579;1656930208;0;1795459;1795349;1;3590699;5395675;192324258;14.090
1048576;432;6944;5501287;16450958;0;480;469;1;939;6421;1120044;0.211
1048576;14942;23921;8033865;23368096;0;8259;8253;1;16507;29153;1937259;0.285
4194304;6897;63281;29326224;85732939;0;25372;25341;1;50683;81348;6874901;1.083
1048576;65462;178755;23286908;64887305;0;54232;54101;1;108203;168274;6786634;0.612
4194304;122436;212523;47121382;134250275;0;79644;79518;1;159037;244983;12573726;1.469
1048576;93343;387263;59775781;164605284;0;167485;167357;1;334715;507177;18606606;1.444
1048576;68747;35082;9652271;27786498;0;13260;13232;1;26465;44147;2458471;0.344
4194304;484671;1888500;254899417;700943000;0;714020;713494;1;1426989;2150207;79225144;6.199
4194304;37800;186943;45162383;128930656;0;73858;73758;1;147517;227298;11958870;1.460
4194304;104340;171009;44659730;127586559;0;72525;72489;1;144979;222834;11813537;1.430
4194304;627480;2261438;333729874;916538140;0;960272;959949;1;1919899;2888430;104862263;8.064
1048576;748;8228;5753780;17140660;0;1245;1239;1;2479;7720;1202526;0.232
1048576;291412;536295;78082656;214527393;0;223346;223193;1;446387;675230;24476110;1.870
262144;148161;69741;10753831;29733454;0;28749;28737;1;57475;90187;3295071;0.288
4194304;3510;16676;22475983;67027397;0;4265;4249;1;8499;18083;4664932;0.918
1048576;112623;90085;16774544;47211426;0;35114;35027;1;70055;109554;4745684;0.471
1048576;41114;5719;5377048;16114947;0;113;71;1;143;4202;1081138;0.213
4194304;2324380;831262;131520869;364575534;0;338672;338438;1;676877;1022095;39727750;3.413
1048576;77616;26737;8452284;24509671;0;9552;9542;1;19085;32861;2072000;0.313
4194304;6072;31272;24437453;72381167;0;10290;10258;1;20517;36005;5295956;0.983
1048576;420;8344;5753688;17140056;0;1243;1235;1;2471;7396;1202733;0.227
4194304;24288;74138;29819419;87059784;0;26797;26693;1;53387;85495;7022953;1.152
4194304;20332;126525;37496465;108020994;0;50434;50333;1;100667;156731;9498850;1.351
1048576;201894;183328;30193328;83843883;0;76383;76311;1;152623;233519;9071002;0.779
1048576;10449;101795;19255298;53998692;0;42791;42785;1;85571;132749;5554655;0.527
1048576;6854;8910;5859846;17433256;0;1567;1561;1;3123;8830;1236731;0.216
262144;13452;15543;2787665;7982207;0;4231;4206;1;8413;16114;726962;0.124
1048576;35604;38178;10107428;29028402;0;14644;14636;1;29273;48387;2605297;0.321
4194304;148230;332494;68164181;191757340;0;144858;144841;1;289683;440303;19391667;1.972
4194304;82082;342977;62973401;177479467;0;128029;127829;1;255659;390373;17656054;1.892
1048576;95;6281;5443827;16296105;0;325;309;1;619;6800;1101376;0.215
4194304;842160;3388276;499402104;1368863373;0;1470590;1470169;1;2940339;4419006;158284163;11.692
1048576;40125;62938;13505127;38299189;0;25087;25067;1;50135;79735;3698535;0.389
4194304;21930;74217;28823835;84325557;0;23566;23477;1;46955;76263;6692700;1.095
4194304;4368;36137;25513415;75325882;0;13631;13625;1;27251;46051;5647076;1.034
1048576;82005;163983;28259253;78581559;0;70503;70489;1;140979;216340;8455602;0.736
262144;17160;23238;3917115;11066501;0;7711;7683;1;15367;26692;1090806;0.132
1048576;4872;9332;5918750;17594645;0;1747;1741;1;3483;9421;1255661;0.234
1048576;3434;13913;6184995;18309710;0;2546;2509;1;5019;11581;1337942;0.219
1048576;252160;47175;11251165;32147809;0;18171;18131;1;36263;58716;2972688;0.392
4194304;334191;2445289;363734965;998509863;0;1052968;1052813;1;2105627;3167217;114566550;8.626
4194304;424089;204570;49062957;139601021;0;86044;85968;1;171937;263691;13228281;1.564
1048576;33728;68082;12889459;36592918;0;23025;22971;1;45943;73820;3487419;0.413
4194304;207203;724642;121144405;336331217;0;307539;307291;1;614583;928553;36431869;3.157
1048576;112950;233816;37205574;102982227;0;97949;97843;1;195687;298216;11328005;0.947
1048576;6479;19663;7416379;21679234;0;6365;6359;1;12719;23456;1738078;0.259
4194304;169750;385743;76107615;213447011;0;169325;169319;1;338639;513846;21952927;2.213
1048576;39566;112543;20809611;58242494;0;47596;47563;1;95127;147168;6054099;0.563
4194304;18512;78296;30000309;87547805;0;27315;27185;1;54371;87264;7077716;1.124
1048576;8366;55264;12101273;34461460;0;20798;20717;1;41435;67462;3243818;0.374
1048576;130062;138676;24380363;67985562;0;58560;58522;1;117045;180080;7203411;0.634
1048576;364968;729817;109493974;300334556;0;320422;320377;1;640755;966047;34631209;2.581
4194304;304868;1952848;288681391;793554190;0;821545;821261;1;1642523;2472711;90340640;7.002
4194304;8876;26748;23437050;69641949;0;7161;7133;1;14267;27066;4969735;0.942
4194304;179835;237714;52214474;148176435;0;95551;95414;1;190829;292151;14228739;1.622
1048576;156600;117471;21604043;60413584;0;50051;50018;1;100037;154678;6310506;0.644
4194304;121107;94818;33288665;96537593;0;37503;37444;1;74889;117743;8145042;1.224
4194304;6771;41242;25923653;76439418;0;14887;14837;1;29675;49617;5775756;1.021
4194304;144432;557173;100281743;279429465;0;243664;243619;1;487239;737323;29739543;2.733
1048576;788;8265;5748619;17126694;0;1227;1221;1;2443;7672;1200835;0.272
4194304;36846;112170;34154127;98873701;0;39970;39855;1;79711;125414;8408776;1.188
4194304;39270;184912;47117715;134291179;0;80169;80163;1;160327;248993;12606082;1.513
1048576;87516;294548;46957084;129620348;0;128034;128001;1;256003;388841;14480424;1.154
1048576;25824;89130;17366539;48839879;0;36983;36963;1;73927;114965;4944447;0.490
1048576;45140;95600;15908357;44818517;0;32216;32110;1;64221;101126;4451358;0.452
1048576;2015;13356;6468314;19091190;0;3465;3432;1;6865;14168;1432830;0.238
1048576;130755;38177;10042205;28848714;0;14461;14425;1;28851;47686;2583504;0.327
1048576;4602;28680;8709124;25207859;0;10342;10335;1;20671;35282;2154679;0.291
262144;9246;15201;2812696;8051960;0;4317;4294;1;8589;16332;735661;0.117
4194304;416196;1436568;227815124;627599290;0;636132;636116;1;1272233;1915010;70847669;5.588
262144;378;8091;1789714;5258621;0;1155;1149;1;2299;6678;406502;0.084
1048576;226772;47618;11447707;32687351;0;18779;18755;1;37511;60898;3036616;0.382
4194304;1794;16685;22606945;67389640;0;4699;4665;1;9331;18880;4709214;0.945
4194304;117832;290891;57660670;163005976;0;111940;111834;1;223669;342285;15962250;1.740
1048576;27141;39931;10195164;29263598;0;14917;14883;1;29767;48931;2632386;0.318
1048576;301950;327226;51508761;142040711;0;142076;141981;1;283963;430750;15944248;1.297
4194304;294930;1903099;292537392;804251059;0;834931;834848;1;1669697;2512205;91683816;7.111
4194304;27693;109572;36137662;104328974;0;46327;46321;1;92643;144362;9071148;1.249
262144;13140;20020;3469764;9845466;0;6329;6310;1;12621;22600;946910;0.125
