4194304;56248;0;0;0;0;224447690;20385618;29819493;29090430;0;0;3.954
4194304;42717;0;0;0;0;126489752;12022562;13591670;20788434;0;0;2.531
262144;21736;0;0;0;0;22721087;1082629;676496;9123816;0;0;0.522
1048576;16055;0;0;0;0;21647978;1789940;682212;6898686;0;0;0.706
262144;6335;0;0;0;0;7433179;493384;200810;2716482;0;0;0.192
4194304;312021;0;0;0;0;1239040830;102659840;199499289;143206794;0;0;17.699
262144;22253;0;0;0;0;26329707;1590416;1287747;9352296;0;0;0.537
1048576;144076;0;0;0;0;159472725;8276756;7080843;60292626;0;0;3.109
1048576;453096;0;0;0;0;848942021;74897491;88909620;189489804;0;0;13.728
4194304;141280;0;0;0;0;205245392;15840713;12292205;60594954;0;0;4.090
1048576;62959;0;0;0;0;88109367;6513961;5723589;26310612;0;0;1.638
1048576;156400;0;0;0;0;274999859;21448741;27436130;66393144;0;0;4.580
1048576;1032;0;0;0;0;5999042;1131319;111309;636600;0;0;0.183
262144;32;0;0;0;0;1164135;269411;16822;26028;0;0;0.062
1048576;21030;0;0;0;0;24744195;1778276;551694;8928078;0;0;0.566
4194304;72384;0;0;0;0;108877297;8806302;5635512;31957842;0;0;2.358
4194304;160384;0;0;0;0;671967405;57925736;100209580;82207428;0;0;10.249
1048576;20560;0;0;0;0;28780335;2238787;1448488;8810778;0;0;0.636
4194304;160992;0;0;0;0;459568403;39349373;58770644;74017542;0;0;7.367
4194304;9682;0;0;0;0;32592920;4986594;1143351;5038818;0;0;0.938
262144;2320;0;0;0;0;4174165;410369;202274;1084992;0;0;0.121
262144;1392;0;0;0;0;2976021;351671;123471;676788;0;0;0.095
4194304;2165916;0;0;0;0;5116966541;566966748;651968173;900042306;0;0;79.358
1048576;12412;0;0;0;0;25799829;2214062;1765567;6444378;0;0;0.528
1048576;50610;0;0;0;0;125968329;11867882;15128332;22786104;0;0;2.036
1048576;510;0;0;0;0;5163179;1097683;74711;307038;0;0;0.164
1048576;36925;0;0;0;0;55794552;3708255;3638307;16593072;0;0;1.059
1048576;46879;0;0;0;0;91451564;7551165;8623408;21088824;0;0;1.580
1048576;11691;0;0;0;0;21240690;1993296;1395128;5262402;0;0;0.498
4194304;400710;0;0;0;0;1048673193;74880503;151977832;175236222;0;0;16.308
4194304;316126;0;0;0;0;1783667754;157227444;291713052;161952354;0;0;25.321
1048576;77418;0;0;0;0;185358745;14029675;21426859;38082942;0;0;3.020
4194304;557783;0;0;0;0;2019742603;222630731;299381923;240114750;0;0;29.913
4194304;104804;0;0;0;0;217682502;18069644;21614214;48151566;0;0;3.942
262144;7830;0;0;0;0;9737791;665358;373554;3404676;0;0;0.227
4194304;5200;0;0;0;0;23466552;4528782;374658;2379168;0;0;0.838
4194304;10878;0;0;0;0;40288582;5691293;2533589;5352264;0;0;1.086
4194304;201685;0;0;0;0;682746210;61309191;95488152;95389704;0;0;10.498
1048576;232176;0;0;0;0;512217783;46628876;59551958;99021924;0;0;7.923
4194304;514976;0;0;0;0;2240805736;250959044;332058361;218810928;0;0;31.004
1048576;95227;0;0;0;0;179477813;14357133;18739298;41716080;0;0;3.003
4194304;133635;0;0;0;0;365269563;31806698;44474241;65182608;0;0;6.088
1048576;55845;0;0;0;0;74172473;4934336;4117378;23992152;0;0;1.415
4194304;1137192;0;0;0;0;4985759438;567560609;798764983;488221590;0;0;69.704
1048576;63126;0;0;0;0;98732730;7898052;8273306;27070716;0;0;1.776
4194304;159783;0;0;0;0;502474070;46142928;69074800;76324170;0;0;7.886
1048576;289256;0;0;0;0;303199034;13869930;11385225;120241290;0;0;5.867
4194304;353056;0;0;0;0;514188679;39195127;38106064;148206528;0;0;9.313
4194304;2352;0;0;0;0;20997883;4424383;351551;1267878;0;0;0.721
4194304;805211;0;0;0;0;4425309191;412319299;741667385;395451264;0;0;62.706
4194304;38368;0;0;0;0;96361399;9404583;8547420;18898374;0;0;1.935
1048576;8428;0;0;0;0;12936368;1348634;251638;3763002;0;0;0.341
1048576;16050;0;0;0;0;23156821;1851647;854838;7280166;0;0;0.507
4194304;37037;0;0;0;0;141535572;13762204;17153057;19022304;0;0;2.537
1048576;68820;0;0;0;0;76733346;4077034;3085920;28636212;0;0;1.557
4194304;447636;0;0;0;0;1795736728;157446131;273808259;210086562;0;0;26.039
262144;38181;0;0;0;0;38314075;1623968;1098952;15883560;0;0;0.785
1048576;39120;0;0;0;0;76666732;5983779;6952303;18625524;0;0;1.357
4194304;188728;0;0;0;0;641201983;54867412;87703801;94463544;0;0;9.839
262144;4725;0;0;0;0;6748800;520304;285584;2143242;0;0;0.260
1048576;135320;0;0;0;0;169031153;10657186;9132576;57019548;0;0;3.128
1048576;35088;0;0;0;0;49640868;3555928;3066077;14987388;0;0;0.956
4194304;156804;0;0;0;0;545557233;48781504;77041883;76488798;0;0;8.368
4194304;389752;0;0;0;0;1565847934;134435980;241063920;184992420;0;0;24.570
4194304;279000;0;0;0;0;1078438432;91518377;161746260;137927682;0;0;15.846
1048576;43384;0;0;0;0;63111009;4837911;4212596;19090848;0;0;1.212
262144;360;0;0;0;0;1599586;283958;30717;200754;0;0;0.070
4194304;26207;0;0;0;0;83563742;8722080;7860483;13586418;0;0;1.721
4194304;340771;0;0;0;0;1717254314;159083203;285248475;169540032;0;0;23.906
1048576;1554;0;0;0;0;10852000;1570979;935229;1188828;0;0;0.270
1048576;162506;0;0;0;0;174993698;8975656;7129775;67201812;0;0;3.714
1048576;29820;0;0;0;0;41047112;3152333;2224084;12624762;0;0;0.932
1048576;37510;0;0;0;0;55197246;3971821;3518799;16426608;0;0;1.107
262144;114;0;0;0;0;1248368;271676;17759;65298;0;0;0.070
262144;9593;0;0;0;0;11615782;744553;469726;4143258;0;0;0.285
1048576;4664;0;0;0;0;12002497;1433422;569862;2437920;0;0;0.287
262144;1666;0;0;0;0;3393195;365949;134318;850902;0;0;0.101
4194304;295296;0;0;0;0;1859292523;169200457;316672055;151189518;0;0;25.805
262144;20904;0;0;0;0;23105145;1292335;921406;8764062;0;0;0.479
1048576;55620;0;0;0;0;60770153;3346928;1912789;23192268;0;0;1.259
262144;4032;0;0;0;0;7094558;581200;454162;1936488;0;0;0.172
1048576;8918;0;0;0;0;19910379;1910547;1314767;4655808;0;0;0.410
4194304;42453;0;0;0;0;71844070;7234569;3698290;18379908;0;0;1.680
4194304;763;0;0;0;0;18038996;4250600;76291;448818;0;0;0.704
262144;730;0;0;0;0;1848010;288184;28152;334884;0;0;0.081
262144;15048;0;0;0;0;16778474;905321;561059;6392052;0;0;0.363
262144;60255;0;0;0;0;68027607;3724109;3331469;25132002;0;0;1.326
1048576;590;0;0;0;0;5112548;1086224;49495;336618;0;0;0.169
1048576;6072;0;0;0;0;11093959;1312295;275541;2763300;0;0;0.304
4194304;238370;0;0;0;0;831773287;67134684;120083352;115092432;0;0;12.893
4194304;201135;0;0;0;0;313167712;24060668;24162871;84564852;0;0;5.797
1048576;158;0;0;0;0;4586626;1067754;31215;122418;0;0;0.155
4194304;2550;0;0;0;0;25722252;4816266;1102396;1681794;0;0;0.819
1048576;45820;0;0;0;0;62593268;4258616;3453173;19970904;0;0;1.223
1048576;3645;0;0;0;0;10176414;1353323;450455;1846626;0;0;0.246
4194304;352291;0;0;0;0;1438776298;130926515;218863438;166771548;0;0;20.865
4194304;7392;0;0;0;0;31503423;5152483;1586953;3676608;0;0;0.995
262144;1512;0;0;0;0;3003401;345731;99137;744108;0;0;0.125
4194304;196911;0;0;0;0;394923086;37178497;42113210;86725314;0;0;6.771
4194304;50112;0;0;0;0;146852754;14062391;16816866;25522968;0;0;2.825
1048576;9322;0;0;0;0;14083445;1446315;338153;4029120;0;0;0.398
1048576;677784;0;0;0;0;765026612;44611697;38911180;277446648;0;0;14.535
1048576;115;0;0;0;0;4431008;1059104;19123;73458;0;0;0.169
1048576;2665;0;0;0;0;8202660;1226650;232593;1408944;0;0;0.222
1048576;7102;0;0;0;0;13713022;1491664;532475;3411408;0;0;0.356
4194304;109395;0;0;0;0;458346536;40355349;67058957;55607766;0;0;7.151
4194304;14490;0;0;0;0;60924015;7660814;6260359;7619418;0;0;1.368
4194304;4329;0;0;0;0;23561832;4507116;428007;2286858;0;0;0.920
4194304;294320;0;0;0;0;1103800076;94955986;165913927;144843792;0;0;16.463
1048576;34408;0;0;0;0;45274877;3222648;2536966;14471778;0;0;0.923
4194304;90086;0;0;0;0;398895591;38043811;65475321;42078282;0;0;5.965
1048576;362340;0;0;0;0;490800731;30174861;34092611;154485954;0;0;8.941
4194304;96348;0;0;0;0;401971707;34990097;57218455;49597518;0;0;6.425
1048576;82244;0;0;0;0;339645537;31248136;49463056;40511868;0;0;5.033
262144;18012;0;0;0;0;18064237;823208;407188;7477332;0;0;0.408
4194304;245160;0;0;0;0;396968228;29583901;33064158;106367862;0;0;7.207
1048576;1332;0;0;0;0;6136453;1127631;99003;717078;0;0;0.194
1048576;20769;0;0;0;0;52792042;4271970;5488188;10388718;0;0;0.940
1048576;6228;0;0;0;0;14235286;1690334;942634;2816544;0;0;0.321
262144;15337;0;0;0;0;16507319;885810;509837;6443664;0;0;0.370
4194304;218148;0;0;0;0;807425670;96700918;107470822;92795844;0;0;12.277
1048576;33880;0;0;0;0;37658143;2298080;1009446;14132118;0;0;0.843
1048576;117912;0;0;0;0;149080305;9834861;9282062;49842318;0;0;2.832
1048576;4600;0;0;0;0;9696202;1266306;230174;2158134;0;0;0.385
4194304;72314;0;0;0;0;133986587;12403006;10281225;32884104;0;0;2.693
262144;72;0;0;0;0;1225238;270801;17598;48468;0;0;0.062
4194304;327760;0;0;0;0;864197178;104196738;113596652;136622796;0;0;13.783
1048576;191347;0;0;0;0;232726320;14358103;13352999;79362240;0;0;4.377
262144;12096;0;0;0;0;16471045;1046071;963103;5315748;0;0;0.340
4194304;587124;0;0;0;0;1001830608;82672089;94681965;245971794;0;0;17.217
4194304;176704;0;0;0;0;625498997;51761368;90455926;85218774;0;0;9.746
4194304;142262;0;0;0;0;215692262;18045323;13959266;60127080;0;0;4.226
4194304;34188;0;0;0;0;48171500;5069656;577673;14391402;0;0;1.297
1048576;21150;0;0;0;0;28446952;2089382;1126728;9306804;0;0;0.613
1048576;413090;0;0;0;0;571755691;43305844;42983469;170399688;0;0;10.351
4194304;323140;0;0;0;0;372276282;21433219;15973443;134798628;0;0;7.356
4194304;815517;0;0;0;0;2039361203;168173077;257139121;368567328;0;0;31.113
1048576;39195;0;0;0;0;59357476;4659636;4172080;17316558;0;0;1.112
4194304;808962;0;0;0;0;1640783136;166100173;193910466;343330080;0;0;26.128
1048576;798;0;0;0;0;5415189;1100602;68827;443718;0;0;0.175
1048576;8732;0;0;0;0;13579617;1397394;318096;3878976;0;0;0.362
262144;2457;0;0;0;0;3639964;339351;61357;1150680;0;0;0.120
1048576;46208;0;0;0;0;93152272;7390794;9608414;20111154;0;0;1.571
262144;49593;0;0;0;0;49043581;2076343;1427416;20563524;0;0;1.001
1048576;157180;0;0;0;0;230940355;17919019;16872106;65768496;0;0;4.032
1048576;14064;0;0;0;0;26235132;2271015;1781272;6726816;0;0;0.525
262144;12535;0;0;0;0;14952068;832828;569987;5548716;0;0;0.322
1048576;7104;0;0;0;0;14224645;1576442;742322;3253410;0;0;0.321
262144;26752;0;0;0;0;29247077;1536575;1161872;11260206;0;0;0.596
262144;675;0;0;0;0;1935328;294638;37094;349062;0;0;0.075
4194304;255684;0;0;0;0;420191170;35018713;36216181;107924892;0;0;7.374
4194304;1967823;0;0;0;0;1765570445;52768598;31089346;804023790;0;0;35.877
4194304;54194;0;0;0;0;269502421;26917883;42947743;28228518;0;0;4.155
1048576;194920;0;0;0;0;203998930;9959921;7690892;80642034;0;0;3.992
262144;35802;0;0;0;0;36326988;1650041;1125733;14848362;0;0;0.744
262144;3740;0;0;0;0;5002012;396282;118519;1676490;0;0;0.217
1048576;2670;0;0;0;0;8631136;1266254;320235;1410984;0;0;0.226
1048576;130009;0;0;0;0;122227525;4522247;2353329;53379372;0;0;2.512
262144;11154;0;0;0;0;11800013;607170;252720;4731900;0;0;0.275
262144;826;0;0;0;0;2210598;312550;67941;421278;0;0;0.092
1048576;39744;0;0;0;0;102446734;7814354;11661288;20229576;0;0;1.673
4194304;111252;0;0;0;0;214691547;18446289;19791052;49607310;0;0;3.880
4194304;26871;0;0;0;0;42553026;5096651;691766;11134746;0;0;1.146
4194304;4255;0;0;0;0;23940462;4567154;550332;2246262;0;0;0.805
1048576;1304;0;0;0;0;6354449;1151495;144011;732480;0;0;0.207
4194304;355630;0;0;0;0;661587903;59145869;68044984;153733194;0;0;11.751
1048576;19530;0;0;0;0;29314604;2527174;1675073;8364018;0;0;0.686
4194304;275947;0;0;0;0;1370594588;124012856;223849276;136288440;0;0;19.793
4194304;33642;0;0;0;0;102236127;10038534;10159935;17358378;0;0;2.110
1048576;380;0;0;0;0;4834782;1077387;41502;226458;0;0;0.162
4194304;588051;0;0;0;0;840907147;59865767;65877584;248026176;0;0;15.395
1048576;41757;0;0;0;0;50504657;3163932;2045193;17891328;0;0;1.043
1048576;3000;0;0;0;0;7372082;1137614;66202;1432608;0;0;0.235
1048576;41846;0;0;0;0;41733461;2066084;649468;17266884;0;0;0.923
4194304;18080;0;0;0;0;50143654;6433377;3697209;8204286;0;0;1.336
4194304;484783;0;0;0;0;1977956808;170918963;303893736;236870742;0;0;29.285
1048576;16044;0;0;0;0;46021255;4117765;5397296;8399208;0;0;0.813
1048576;39960;0;0;0;0;45123385;2719867;1472769;16741992;0;0;0.994
4194304;102858;0;0;0;0;336646151;30513371;46981466;48760914;0;0;5.453
262144;2310;0;0;0;0;3290264;329392;55877;995640;0;0;0.105
4194304;8448;0;0;0;0;32551845;5101155;1427700;4408968;0;0;0.946
262144;5250;0;0;0;0;6763350;483116;212051;2321742;0;0;0.181
262144;7560;0;0;0;0;8867813;568122;273157;3255756;0;0;0.246
4194304;24934;0;0;0;0;70308051;7647042;5768295;12903018;0;0;1.564
262144;2970;0;0;0;0;3938248;353726;74442;1270836;0;0;0.119
4194304;301644;0;0;0;0;725459433;72990441;88807042;130331436;0;0;11.949
262144;4920;0;0;0;0;6627454;472567;208817;2261766;0;0;0.169
262144;3700;0;0;0;0;4836368;396253;115294;1609782;0;0;0.137
4194304;1904;0;0;0;0;19669427;4319379;164574;1017468;0;0;0.719
1048576;18224;0;0;0;0;32066852;2626875;2116740;8595864;0;0;0.655
262144;15696;0;0;0;0;17285397;854469;562382;6710496;0;0;0.420
1048576;19800;0;0;0;0;47119005;3847335;4694295;10258158;0;0;0.868
4194304;6615;0;0;0;0;32604796;5211632;1728979;3512898;0;0;0.956
4194304;801328;0;0;0;0;2389207656;252974772;322460916;339051180;0;0;36.161
4194304;329565;0;0;0;0;1282961830;111891853;194974944;151176258;0;0;19.459
262144;39744;0;0;0;0;47098521;3008884;2591577;16490256;0;0;0.945
4194304;123648;0;0;0;0;438476779;38472317;61199794;62825592;0;0;7.106
1048576;271780;0;0;0;0;427776297;34710855;39119492;115003590;0;0;7.479
4194304;85324;0;0;0;0;185445083;18390547;19575480;37083036;0;0;3.449
4194304;1121490;0;0;0;0;7087317879;705913477;1240039763;530732130;0;0;98.130
4194304;142710;0;0;0;0;485175073;42634608;69402004;70464984;0;0;7.647
4194304;74905;0;0;0;0;101102972;8098464;3980691;32139606;0;0;2.443
262144;19856;0;0;0;0;24393682;1524815;1221466;8362794;0;0;0.658
4194304;4980;0;0;0;0;28470267;4992403;1361567;2677518;0;0;0.926
1048576;5016;0;0;0;0;8915786;1187721;103320;2120190;0;0;0.262
1048576;30870;0;0;0;0;48253538;4221686;3553195;13098858;0;0;0.948
262144;96083;0;0;0;0;102847043;5124442;4451936;39899256;0;0;2.007
1048576;142234;0;0;0;0;143206766;6147295;4060833;59004366;0;0;2.876
1048576;90168;0;0;0;0;134860445;9846292;10303443;39362430;0;0;2.425
1048576;13287;0;0;0;0;22362544;1968450;1222590;5992926;0;0;0.472
4194304;1161;0;0;0;0;18734436;4281612;120615;663018;0;0;0.727
1048576;45325;0;0;0;0;52343309;3306949;2048175;18906126;0;0;1.114
4194304;11718;0;0;0;0;41540213;5838640;2754235;5962326;0;0;1.038
4194304;71968;0;0;0;0;244136128;21171758;30683842;37110168;0;0;4.121
262144;3996;0;0;0;0;5451693;403226;124404;1884774;0;0;0.146
262144;140;0;0;0;0;1307874;273569;19720;84474;0;0;0.064
4194304;42822;0;0;0;0;115042130;10739854;11147711;22052418;0;0;2.236
1048576;14960;0;0;0;0;28730424;2537267;2139630;7101666;0;0;0.567
1048576;27090;0;0;0;0;40640282;3008982;2499857;11919840;0;0;0.810
1048576;59700;0;0;0;0;82504397;6128692;5350638;26037864;0;0;1.556
1048576;279;0;0;0;0;4606050;1063690;20585;158220;0;0;0.191
4194304;691509;0;0;0;0;1378274973;124977030;144756601;288376968;0;0;22.219
262144;2730;0;0;0;0;4234454;392291;136967;1241460;0;0;0.122
1048576;162097;0;0;0;0;212266100;15000280;13178754;66958836;0;0;3.851
1048576;4725;0;0;0;0;12117908;1458836;603187;2496978;0;0;0.302
262144;5160;0;0;0;0;6801582;476769;205438;2350812;0;0;0.170
262144;12093;0;0;0;0;13376321;736589;403657;5146938;0;0;0.309
1048576;32204;0;0;0;0;37234432;2510072;1230596;13499616;0;0;0.815
4194304;444576;0;0;0;0;1129475353;117124261;150943684;190333242;0;0;17.511
4194304;2727820;0;0;0;0;7970126377;963372917;1113046792;1128060960;0;0;117.457
262144;5502;0;0;0;0;8007598;577895;402774;2517684;0;0;0.190
262144;2030;0;0;0;0;3494505;356668;93835;974832;0;0;0.108
262144;82716;0;0;0;0;85066849;3721867;2957410;34377282;0;0;1.676
1048576;40655;0;0;0;0;45661886;2627669;1373378;17165904;0;0;0.951
1048576;149160;0;0;0;0;389937688;34939380;48967439;70008228;0;0;6.085
4194304;213712;0;0;0;0;381508923;28896454;35349508;95008632;0;0;6.710
1048576;79032;0;0;0;0;246581046;21379363;33952861;36218586;0;0;3.854
4194304;10035;0;0;0;0;38451508;5615291;2395707;4804830;0;0;1.182
4194304;145844;0;0;0;0;452509367;37229437;61275282;73218066;0;0;7.147
4194304;47872;0;0;0;0;123885699;11539951;12197292;23570688;0;0;2.398
1048576;134616;0;0;0;0;406691245;34315464;55600437;64565202;0;0;6.083
1048576;386044;0;0;0;0;1503062728;148474127;234961214;176949924;0;0;21.044
4194304;65648;0;0;0;0;227014253;20397404;29257059;32288016;0;0;3.726
1048576;47190;0;0;0;0;56819626;3482490;2510816;19975800;0;0;1.143
4194304;325962;0;0;0;0;637220943;54062488;66465293;141639156;0;0;10.560
4194304;222705;0;0;0;0;678070650;55192840;92675081;108649602;0;0;10.353
4194304;67890;0;0;0;0;187318903;17344298;22879342;32006496;0;0;3.241
1048576;1664;0;0;0;0;6843814;1174225;174457;897414;0;0;0.193
4194304;22401;0;0;0;0;56308958;6692552;3823313;10642290;0;0;1.326
262144;44608;0;0;0;0;42175720;1580715;945893;18393168;0;0;1.030
1048576;9990;0;0;0;0;15883076;1507152;485772;4621332;0;0;0.368
4194304;79184;0;0;0;0;345373027;32800931;53605303;40835718;0;0;5.185
1048576;8748;0;0;0;0;32398171;3295835;4069524;4776780;0;0;0.562
4194304;123888;0;0;0;0;374922840;32240895;50441139;53977296;0;0;5.933
4194304;501329;0;0;0;0;3615432552;349733736;668440527;256470858;0;0;48.395
4194304;10850;0;0;0;0;47823435;6377063;3860875;5768118;0;0;1.314
4194304;7728;0;0;0;0;28148642;4763523;754486;3792786;0;0;0.888
4194304;34947;0;0;0;0;174703022;17125327;24241554;18102264;0;0;2.889
262144;9933;0;0;0;0;11972884;702832;424623;4379082;0;0;0.267
262144;33425;0;0;0;0;34234087;1455619;1030742;14062860;0;0;0.705
1048576;217170;0;0;0;0;243222295;12912349;11706283;90713004;0;0;4.651
4194304;1031184;0;0;0;0;5856120911;614745772;979495199;502331352;0;0;79.992
4194304;147496;0;0;0;0;358041922;30579712;40720488;69408570;0;0;5.967
4194304;184616;0;0;0;0;432979720;40493405;49960886;80938038;0;0;7.147
1048576;9996;0;0;0;0;15669105;1517055;473970;4505970;0;0;0.397
4194304;417818;0;0;0;0;719537442;55236391;67878462;181129170;0;0;12.186
262144;802;0;0;0;0;2516076;326600;91030;508896;0;0;0.085
1048576;19126;0;0;0;0;29822751;2428189;1622484;8738562;0;0;0.602
4194304;34178;0;0;0;0;139971850;14537234;19107991;17833698;0;0;2.405
262144;12528;0;0;0;0;17127536;1124399;963925;5545962;0;0;0.351
1048576;81200;0;0;0;0;117538779;7870153;8065940;35625048;0;0;2.366
4194304;17434;0;0;0;0;64212739;7907445;6671664;8462550;0;0;1.568
1048576;68445;0;0;0;0;67936607;3090846;1455857;28304712;0;0;1.453
4194304;630912;0;0;0;0;4631062038;428126434;830995939;322250862;0;0;61.569
4194304;797121;0;0;0;0;1391993104;124926688;142199564;335045538;0;0;23.430
1048576;2262;0;0;0;0;7621172;1199996;199483;1211778;0;0;0.219
1048576;211494;0;0;0;0;707301300;58899173;100694433;103161900;0;0;10.527
1048576;246;0;0;0;0;4668030;1072662;35861;157812;0;0;0.174
262144;3528;0;0;0;0;4848166;394652;128671;1578468;0;0;0.132
1048576;47432;0;0;0;0;186494813;15476976;26697651;24510618;0;0;2.821
4194304;229482;0;0;0;0;862058828;78222648;129426465;110630850;0;0;12.831
1048576;164088;0;0;0;0;178152588;9245329;7504045;67918248;0;0;3.566
1048576;52327;0;0;0;0;62200135;3448009;2630249;22509072;0;0;1.253
1048576;27390;0;0;0;0;98988524;8876143;14449027;14260332;0;0;1.539
1048576;336;0;0;0;0;4717359;1068690;27726;192288;0;0;0.159
4194304;255717;0;0;0;0;678652353;55987189;90999444;120611958;0;0;10.786
4194304;615000;0;0;0;0;1198979181;105833111;129832072;260661018;0;0;19.678
262144;203;0;0;0;0;1402578;277138;23716;122418;0;0;0.065
262144;76;0;0;0;0;1241726;272045;19409;53262;0;0;0.156
1048576;224721;0;0;0;0;227721889;10710814;7998600;92469240;0;0;4.497
262144;2100;0;0;0;0;3079294;324430;52444;897618;0;0;0.101
262144;780;0;0;0;0;2040980;296312;37851;400266;0;0;0.107
262144;37080;0;0;0;0;48762382;3190694;3207699;15850002;0;0;0.916
1048576;3799;0;0;0;0;9440721;1325750;333282;1752378;0;0;0.245
1048576;13237;0;0;0;0;25068328;2202880;1709948;6376752;0;0;0.506
4194304;3285;0;0;0;0;21840926;4422804;307887;1736058;0;0;0.743
4194304;42168;0;0;0;0;136058206;12690207;15070994;21804456;0;0;2.512
4194304;287184;0;0;0;0;1264702528;114136804;204104567;144155496;0;0;18.206
4194304;6811;0;0;0;0;43581940;6438254;4131303;3964860;0;0;1.224
1048576;29083;0;0;0;0;60156369;4747737;5380947;14280018;0;0;1.082
1048576;1272;0;0;0;0;6017790;1128103;104408;661896;0;0;0.184
1048576;5670;0;0;0;0;9875422;1233366;147959;2469744;0;0;0.254
4194304;22368;0;0;0;0;47790205;5695954;1990028;10410444;0;0;1.250
1048576;56916;0;0;0;0;101067920;6984191;9010161;25819686;0;0;1.776
4194304;42354;0;0;0;0;165227366;17239134;23313213;20333718;0;0;3.156
1048576;30576;0;0;0;0;40343230;2869463;2114440;12935250;0;0;0.900
1048576;2772;0;0;0;0;7617805;1172773;131552;1385178;0;0;0.256
1048576;6320;0;0;0;0;15394345;1667289;946782;3324708;0;0;0.421
262144;2450;0;0;0;0;4493979;405230;184692;1247172;0;0;0.134
4194304;14973;0;0;0;0;35795521;5166150;1228409;6575346;0;0;1.124
1048576;153223;0;0;0;0;163273681;8032402;6121987;63641082;0;0;3.213
262144;37800;0;0;0;0;38719938;1679441;1233209;15755142;0;0;0.798
1048576;26164;0;0;0;0;35880408;2629502;1711237;11481750;0;0;0.733
4194304;123992;0;0;0;0;167065667;12233657;8662114;53386410;0;0;3.511
4194304;71668;0;0;0;0;233322696;22099158;31455708;34851072;0;0;4.013
4194304;1046609;0;0;0;0;1661955259;131566653;152602176;440592996;0;0;28.461
4194304;11925;0;0;0;0;37583712;5368860;1841525;5732622;0;0;1.010
1048576;14690;0;0;0;0;27254609;2322238;1767724;7095648;0;0;0.560
1048576;88000;0;0;0;0;154861312;10123034;13758690;40373760;0;0;2.676
262144;4235;0;0;0;0;5941548;462899;223901;1918332;0;0;0.153
4194304;494120;0;0;0;0;2146556759;191129431;333435003;245206998;0;0;31.419
262144;2107;0;0;0;0;4022308;393568;162789;1071630;0;0;0.117
4194304;13776;0;0;0;0;55775932;7218882;5414505;7049952;0;0;1.291
4194304;685893;0;0;0;0;1618307187;180043807;195903026;283473318;0;0;25.218
1048576;5896;0;0;0;0;11395977;1349720;363340;2751876;0;0;0.400
262144;2407;0;0;0;0;3943978;380891;117860;1136808;0;0;0.116
1048576;4554;0;0;0;0;12354727;1472984;637879;2439858;0;0;0.293
1048576;176880;0;0;0;0;191856720;9786053;8541603;72875346;0;0;3.695
4194304;47288;0;0;0;0;107819334;11037850;9462530;21637992;0;0;2.156
4194304;185895;0;0;0;0;572076146;48977491;77427909;86714604;0;0;8.923
262144;5072;0;0;0;0;6830295;524529;269918;2252382;0;0;0.170
1048576;55173;0;0;0;0;63800080;3733685;2600266;23316198;0;0;1.327
4194304;200718;0;0;0;0;980775633;87507378;157552959;102830298;0;0;14.091
4194304;32445;0;0;0;0;76986174;7956862;5773065;15593778;0;0;1.654
1048576;1880;0;0;0;0;7062017;1203459;228077;903636;0;0;0.195
262144;13176;0;0;0;0;15963957;946385;690696;5707020;0;0;0.341
262144;1998;0;0;0;0;3646984;370018;125807;970854;0;0;0.110
262144;7056;0;0;0;0;8736428;553347;295915;3128460;0;0;0.205
4194304;1312;0;0;0;0;18895441;4287515;128109;733704;0;0;0.724
1048576;2240;0;0;0;0;7387628;1191586;175012;1146906;0;0;0.260
1048576;155;0;0;0;0;4495916;1061708;22171;97938;0;0;0.159
1048576;13617;0;0;0;0;27634756;2281204;1845095;7068618;0;0;0.562
4194304;60624;0;0;0;0;358065996;36363445;61418107;31126542;0;0;5.614
1048576;97555;0;0;0;0;94173296;3985163;2090733;40102950;0;0;1.988
262144;5670;0;0;0;0;6901148;460966;176301;2489634;0;0;0.185
4194304;38340;0;0;0;0;78808781;8405194;5784218;17048298;0;0;1.793
262144;2004;0;0;0;0;3428852;349203;95997;948006;0;0;0.153
4194304;512;0;0;0;0;17532935;4223901;38172;286128;0;0;0.724
4194304;6314;0;0;0;0;29574659;4931372;1180399;3378258;0;0;0.920
1048576;12540;0;0;0;0;25909316;2190381;1712115;6518838;0;0;0.521
1048576;12397;0;0;0;0;24120152;2098179;1510003;6203352;0;0;0.495
4194304;105570;0;0;0;0;254539232;24828056;29189682;47909010;0;0;4.389
1048576;289296;0;0;0;0;264213716;8501374;4989208;118480362;0;0;5.354
262144;11857;0;0;0;0;13199220;737875;407064;5036268;0;0;0.305
262144;28731;0;0;0;0;30160160;1467360;987000;11947278;0;0;0.619
4194304;93297;0;0;0;0;118687546;8919722;4696636;39167916;0;0;2.601
4194304;151598;0;0;0;0;560718949;47233427;79218055;77769918;0;0;8.441
4194304;5609;0;0;0;0;26442532;4702716;761379;2937618;0;0;0.812
1048576;107236;0;0;0;0;251540429;21643279;31581562;48026718;0;0;3.931
4194304;35912;0;0;0;0;111098899;10784644;11549459;18518730;0;0;2.117
4194304;3300;0;0;0;0;23351677;4551808;560659;1861926;0;0;0.777
1048576;4224;0;0;0;0;8865846;1226493;174767;1907010;0;0;0.271
262144;380;0;0;0;0;1756959;296090;50222;240432;0;0;0.073
262144;992;0;0;0;0;2451274;315708;63864;535518;0;0;0.084
1048576;142569;0;0;0;0;150005248;7395173;5605592;58755486;0;0;2.945
262144;8855;0;0;0;0;10239412;587803;296350;3851334;0;0;0.242
4194304;345116;0;0;0;0;797600784;71088219;94527162;150501018;0;0;12.525
4194304;25380;0;0;0;0;61295481;6726633;3955168;12452280;0;0;1.441
1048576;12540;0;0;0;0;23965323;2266204;1666615;5730582;0;0;0.489
4194304;248346;0;0;0;0;944939325;79665728;139721359;127169538;0;0;13.885
1048576;3064;0;0;0;0;10128940;1378540;521565;1638546;0;0;0.259
4194304;53788;0;0;0;0;244154939;22841062;34997453;25999002;0;0;3.814
4194304;102557;0;0;0;0;296496364;24604124;36176131;52632018;0;0;5.014
1048576;102555;0;0;0;0;99282327;4224998;2284484;42158352;0;0;2.082
4194304;132305;0;0;0;0;283409809;22030067;31313714;60616578;0;0;4.986
1048576;54834;0;0;0;0;98624605;6929150;8730383;25261746;0;0;1.780
4194304;38755;0;0;0;0;159153649;16572583;22781256;19221204;0;0;2.724
4194304;11725;0;0;0;0;44288090;6048830;3175434;5770566;0;0;1.102
4194304;1632120;0;0;0;0;3249934437;312891262;346697864;673588128;0;0;52.158
262144;10580;0;0;0;0;18360262;1395185;1579525;4911828;0;0;0.357
4194304;92;0;0;0;0;17020892;4205529;20694;71940;0;0;0.977
262144;41808;0;0;0;0;52454100;3382177;3252105;17701608;0;0;1.123
262144;27328;0;0;0;0;28240629;1291397;823304;11568348;0;0;0.753
4194304;529046;0;0;0;0;2406838620;223673959;387977352;254920356;0;0;33.641
4194304;42050;0;0;0;0;170712846;17814613;25308850;19434486;0;0;2.814
4194304;259900;0;0;0;0;526719305;48687318;55376867;114568560;0;0;8.773
4194304;66616;0;0;0;0;146598382;12483877;13566849;30694674;0;0;2.793
4194304;307830;0;0;0;0;729964972;59957056;89837293;138934320;0;0;12.066
4194304;223380;0;0;0;0;266161300;16017688;12039055;94328700;0;0;5.466
262144;34352;0;0;0;0;34353053;1464505;937258;14358252;0;0;0.720
1048576;1150;0;0;0;0;5628708;1108567;70360;544188;0;0;0.176
4194304;18000;0;0;0;0;49120244;6043922;2830350;9217554;0;0;1.291
1048576;19184;0;0;0;0;22956458;1731851;533186;8071482;0;0;0.530
262144;5800;0;0;0;0;8061201;595308;340442;2642328;0;0;0.206
262144;19893;0;0;0;0;21047589;1018946;642564;8441436;0;0;0.451
1048576;3232;0;0;0;0;7900250;1182531;138586;1522980;0;0;0.226
1048576;2124;0;0;0;0;7162690;1178311;176637;1043682;0;0;0.239
4194304;2052036;0;0;0;0;6718244646;779713771;910812033;857058384;0;0;103.995
262144;90;0;0;0;0;1241751;271255;17759;56118;0;0;0.065
262144;867;0;0;0;0;2254031;307939;54965;463812;0;0;0.083
4194304;167693;0;0;0;0;324304058;25765644;30442786;74940540;0;0;6.018
1048576;75390;0;0;0;0;174057245;14298552;19969557;34562514;0;0;2.930
4194304;469908;0;0;0;0;665236915;48383657;50529254;197034846;0;0;12.066
1048576;2364;0;0;0;0;7876326;1221921;244581;1230648;0;0;0.248
1048576;4683;0;0;0;0;9441579;1241169;197662;2139366;0;0;0.265
4194304;3248;0;0;0;0;22606258;4500669;464706;1724736;0;0;0.763
4194304;334312;0;0;0;0;898796802;74965602;116937077;155800632;0;0;14.487
4194304;39919;0;0;0;0;103339266;9778056;9353657;20531598;0;0;2.149
4194304;432141;0;0;0;0;2592333260;231798572;435699535;221085018;0;0;38.204
4194304;43884;0;0;0;0;67630636;6152182;2355840;19549746;0;0;1.671
262144;140;0;0;0;0;1293631;273218;19119;83964;0;0;0.063
1048576;130893;0;0;0;0;132168731;5726360;3730045;54295638;0;0;2.708
1048576;70756;0;0;0;0;135205199;11310257;13661796;30074310;0;0;2.356
4194304;107824;0;0;0;0;374283294;32512586;51275049;53228718;0;0;5.929
262144;30744;0;0;0;0;32266978;1559419;1092808;12878334;0;0;0.768
4194304;1123044;0;0;0;0;5777886106;609737730;966905949;522057438;0;0;76.867
1048576;4290;0;0;0;0;10943671;1371175;450035;2255238;0;0;0.274
1048576;20174;0;0;0;0;29762463;2269280;1406045;9217248;0;0;0.675
262144;4650;0;0;0;0;5921743;433685;152874;2056950;0;0;0.163
262144;78778;0;0;0;0;75248361;2734632;1830310;32522004;0;0;1.547
1048576;472;0;0;0;0;5014057;1090519;59503;274908;0;0;0.167
4194304;18502;0;0;0;0;59252439;6915486;4596675;9628818;0;0;1.344
1048576;9991;0;0;0;0;16373632;1731849;712151;4272798;0;0;0.409
1048576;109383;0;0;0;0;132377029;7348466;6865473;46402776;0;0;2.521
262144;5418;0;0;0;0;9282880;670270;585781;2699754;0;0;0.206
262144;2561;0;0;0;0;3687841;345705;69977;1151904;0;0;0.114
4194304;1705274;0;0;0;0;2534765434;206772781;220242403;708352992;0;0;44.015
4194304;646532;0;0;0;0;2663774856;284346391;386223425;289886976;0;0;40.270
262144;42;0;0;0;0;1192291;270007;17111;33678;0;0;0.059
4194304;29636;0;0;0;0;102910740;10856204;11964706;15390288;0;0;1.985
262144;41128;0;0;0;0;44734049;2218343;1830021;17266986;0;0;0.893
4194304;26532;0;0;0;0;69070320;7345553;5154662;13117728;0;0;1.658
1048576;247776;0;0;0;0;443146524;39859200;43623053;102836622;0;0;7.381
4194304;594280;0;0;0;0;3424865875;394675794;608279942;265848024;0;0;46.832
4194304;844436;0;0;0;0;4508007475;453034120;748141583;395070906;0;0;62.890
262144;17484;0;0;0;0;19757817;1145106;809686;7332390;0;0;0.416
4194304;42750;0;0;0;0;110931321;10915473;10600019;21433788;0;0;2.208
4194304;729698;0;0;0;0;2859833172;256574111;441189629;349101240;0;0;41.287
1048576;574;0;0;0;0;4892859;1072109;26194;286128;0;0;0.163
4194304;649740;0;0;0;0;1363918742;133207054;144263705;269767476;0;0;21.755
1048576;12925;0;0;0;0;24483152;2162430;1589162;6132462;0;0;0.500
1048576;9880;0;0;0;0;13465355;1333576;210153;4132140;0;0;0.329
4194304;1493259;0;0;0;0;4684241043;553493908;657584031;623448804;0;0;68.773
1048576;447252;0;0;0;0;538844204;32328532;30975821;183846756;0;0;9.989
4194304;73308;0;0;0;0;142632479;12834967;12111036;33042714;0;0;2.841
1048576;3725;0;0;0;0;7985606;1169824;94007;1653030;0;0;0.236
4194304;111606;0;0;0;0;121978206;7412192;2448235;46849230;0;0;2.761
4194304;229680;0;0;0;0;687352945;55700697;90670797;110127174;0;0;11.334
4194304;111315;0;0;0;0;198239914;17462820;16343819;48880050;0;0;3.726
4194304;187298;0;0;0;0;537758135;44622995;69878402;85980714;0;0;8.583
4194304;1261920;0;0;0;0;2249382965;206321614;239115838;529553010;0;0;37.469
4194304;107508;0;0;0;0;139753563;10520534;6342303;45977130;0;0;3.012
4194304;49769;0;0;0;0;119349499;11498960;11643201;23367606;0;0;2.307
1048576;10500;0;0;0;0;16941893;1614948;612007;4764132;0;0;0.427
4194304;9178;0;0;0;0;27671612;4622733;457542;4261578;0;0;0.901
4194304;147609;0;0;0;0;690065948;64081272;113087007;75743178;0;0;10.037
262144;6875;0;0;0;0;8501532;537066;250958;3091230;0;0;0.205
4194304;93572;0;0;0;0;261793947;21682976;30740149;48020190;0;0;4.496
1048576;24708;0;0;0;0;38884265;3090376;2579927;10987050;0;0;0.760
1048576;755;0;0;0;0;5279024;1088279;47503;421686;0;0;0.181
4194304;121000;0;0;0;0;188886791;14457958;13259144;52934856;0;0;3.686
1048576;60760;0;0;0;0;95994887;6886650;7863027;26360796;0;0;1.738
262144;2268;0;0;0;0;3905864;374952;130297;1114470;0;0;0.113
4194304;9158;0;0;0;0;34045715;5205339;1599075;4813398;0;0;0.958
1048576;19071;0;0;0;0;49818258;4238154;5549208;8877894;0;0;0.871
4194304;72822;0;0;0;0;153965287;13276364;14096850;34318122;0;0;2.945
1048576;29749;0;0;0;0;36999779;2459583;1296062;12929436;0;0;0.774
262144;10100;0;0;0;0;12977648;867538;680866;4348596;0;0;0.514
4194304;78312;0;0;0;0;216242406;18554468;24739464;38526846;0;0;3.859
1048576;204786;0;0;0;0;259637012;17887701;16562148;84372378;0;0;4.752
4194304;221733;0;0;0;0;387275536;32240728;36133233;97172970;0;0;6.881
4194304;167006;0;0;0;0;407786733;37334076;48686758;75011940;0;0;6.709
1048576;147525;0;0;0;0;175765488;10219091;8909253;61853430;0;0;3.321
1048576;78244;0;0;0;0;83799708;4800687;3154130;32261190;0;0;1.714
4194304;39375;0;0;0;0;66361347;6521685;2867689;17661216;0;0;1.589
1048576;16371;0;0;0;0;22135586;1858196;755123;6994668;0;0;0.517
1048576;29192;0;0;0;0;42855101;3382431;2606333;12537348;0;0;0.859
4194304;6567;0;0;0;0;37334180;5659180;2611307;3659778;0;0;0.968
4194304;69256;0;0;0;0;162909991;14420329;16697475;33394716;0;0;3.108
1048576;310105;0;0;0;0;951451823;83093411;138411805;147378492;0;0;14.063
4194304;1437648;0;0;0;0;3814455118;468118545;516895474;595471530;0;0;57.937
4194304;50464;0;0;0;0;74449991;6868103;2867673;21667776;0;0;1.810
4194304;95341;0;0;0;0;749171950;69825077;126855811;48678192;0;0;12.886
4194304;15577;0;0;0;0;54099864;6806312;4501951;8178378;0;0;1.236
262144;602;0;0;0;0;1878560;293787;39165;320196;0;0;0.075
1048576;6720;0;0;0;0;12458703;1403086;428171;3098472;0;0;0.303
4194304;884569;0;0;0;0;4528978486;420232058;745802515;422051130;0;0;61.811
1048576;19642;0;0;0;0;44998759;3598397;4205647;10162278;0;0;0.825
4194304;756;0;0;0;0;18595857;4286216;140840;548472;0;0;0.707
1048576;872;0;0;0;0;5857211;1134756;128503;527358;0;0;0.202
4194304;983810;0;0;0;0;5225728652;541571743;885987356;448711788;0;0;71.036
4194304;42896;0;0;0;0;68050649;6489093;2830555;18727524;0;0;1.638
4194304;1099560;0;0;0;0;3769807828;402646785;573019709;493508658;0;0;54.638
1048576;836;0;0;0;0;5204750;1085324;40921;405978;0;0;0.202
4194304;359100;0;0;0;0;1602700700;148866094;264673200;176171256;0;0;22.435
262144;9128;0;0;0;0;10880451;655226;381097;3958740;0;0;0.249
4194304;74529;0;0;0;0;161622121;14428830;15664992;34339644;0;0;2.975
4194304;123552;0;0;0;0;376910362;31393859;48807220;63373128;0;0;6.075
4194304;364182;0;0;0;0;1240959104;118421471;180853066;166348146;0;0;18.052
1048576;65000;0;0;0;0;63157634;2724345;1112917;26956578;0;0;1.353
1048576;56200;0;0;0;0;61630375;3338157;2028220;23741028;0;0;1.386
262144;318;0;0;0;0;1595829;285879;34710;190452;0;0;0.094
1048576;720;0;0;0;0;5093974;1079043;34359;365178;0;0;0.190
4194304;257985;0;0;0;0;1243443448;112557967;203338284;131341032;0;0;17.545
262144;1239;0;0;0;0;2415886;307717;46295;571932;0;0;0.092
4194304;6557;0;0;0;0;25179763;4594697;446147;3066546;0;0;0.866
4194304;2304;0;0;0;0;20179165;4340616;188238;1226568;0;0;0.761
1048576;228;0;0;0;0;4559479;1063132;22625;128742;0;0;0.165
4194304;47250;0;0;0;0;114587174;11109497;10873400;21475710;0;0;2.247
4194304;241965;0;0;0;0;518321259;49750555;54308242;101845386;0;0;8.862
262144;50610;0;0;0;0;59444283;3378522;3085986;21173178;0;0;1.208
4194304;142884;0;0;0;0;625078481;58022116;100259253;72623916;0;0;9.399
262144;1742;0;0;0;0;3602435;367955;146272;904962;0;0;0.107
1048576;282316;0;0;0;0;288489929;13046007;10084035;116356620;0;0;5.645
1048576;7378;0;0;0;0;11455388;1278066;174671;3216588;0;0;0.304
1048576;810;0;0;0;0;5258340;1081362;31967;454530;0;0;0.202
4194304;516936;0;0;0;0;1204865136;114314625;146101320;221217210;0;0;19.689
1048576;47871;0;0;0;0;66600211;5024605;4406092;20338614;0;0;1.278
1048576;135900;0;0;0;0;557030243;46116713;83987851;69693558;0;0;8.434
4194304;190256;0;0;0;0;253247824;17109182;14130389;81161724;0;0;4.972
1048576;6500;0;0;0;0;14871801;1585985;777415;3405798;0;0;0.341
4194304;546601;0;0;0;0;1058820083;88603470;116966775;229848144;0;0;17.867
4194304;215736;0;0;0;0;380009852;36837743;36081550;91536144;0;0;6.826
1048576;5848;0;0;0;0;16072861;1785815;1204546;3088068;0;0;0.345
4194304;10864;0;0;0;0;36953883;5327609;1771543;5647758;0;0;1.040
1048576;624;0;0;0;0;5051882;1080352;37962;338964;0;0;0.167
4194304;1102;0;0;0;0;18362379;4256186;74575;601818;0;0;0.744
4194304;80160;0;0;0;0;132617788;12537003;9032805;33903288;0;0;2.716
1048576;3720;0;0;0;0;9881059;1309238;350251;1974738;0;0;0.251
262144;9950;0;0;0;0;12964911;862964;635451;4276266;0;0;0.281
4194304;474;0;0;0;0;17570568;4227512;44875;285618;0;0;0.694
262144;9000;0;0;0;0;10576904;606901;308099;3981384;0;0;0.246
262144;41891;0;0;0;0;46385292;2386686;1960313;17584206;0;0;0.960
4194304;2088;0;0;0;0;25406810;4835694;1167105;1366308;0;0;0.834
262144;19175;0;0;0;0;18656620;769203;347193;7988250;0;0;0.418
1048576;72048;0;0;0;0;124762692;8660565;10437622;33513138;0;0;2.220
1048576;1946;0;0;0;0;6442234;1128209;78345;925668;0;0;0.189
262144;204;0;0;0;0;1461730;279993;28176;138024;0;0;0.067
4194304;1184;0;0;0;0;18629322;4277957;113650;650268;0;0;0.722
262144;3808;0;0;0;0;5526402;455659;210452;1704846;0;0;0.175
262144;360;0;0;0;0;1589765;283255;29058;199530;0;0;0.190
262144;2200;0;0;0;0;3529774;356189;87523;1011042;0;0;0.115
1048576;77690;0;0;0;0;94389269;5491951;4674051;33237228;0;0;1.844
1048576;438178;0;0;0;0;850446684;70503205;91565521;188598120;0;0;13.528
1048576;82005;0;0;0;0;105912488;7307973;6370762;34145232;0;0;1.962
262144;3465;0;0;0;0;4437670;382210;97936;1466064;0;0;0.135
1048576;10770;0;0;0;0;20321155;1864487;1150077;5294022;0;0;0.484
4194304;86597;0;0;0;0;119075499;9261147;5250474;37339056;0;0;2.609
262144;663;0;0;0;0;1937239;291278;29086;374766;0;0;0.075
262144;18360;0;0;0;0;23498428;1393191;1328752;7846674;0;0;0.458
4194304;62805;0;0;0;0;142176652;13502774;13570573;29283504;0;0;2.650
1048576;119716;0;0;0;0;153697619;9756290;9500112;50011230;0;0;2.796
4194304;40896;0;0;0;0;118713729;11104970;11960932;21123708;0;0;2.248
1048576;20328;0;0;0;0;32697882;2356286;2015202;9466128;0;0;0.667
262144;8820;0;0;0;0;10502868;615993;322051;3900498;0;0;0.237
4194304;227332;0;0;0;0;795096071;68507690;116270137;114035508;0;0;11.577
1048576;22042;0;0;0;0;34705998;2612425;1962477;10359036;0;0;0.699
1048576;118338;0;0;0;0;234672693;19058595;23721254;53419968;0;0;3.913
4194304;4038;0;0;0;0;27762188;5012237;1442820;2191692;0;0;0.850
4194304;707733;0;0;0;0;1138809414;89119117;106726133;297155598;0;0;19.474
1048576;32208;0;0;0;0;86245165;6546806;9894314;16319304;0;0;1.436
4194304;52320;0;0;0;0;93907925;9051586;6026318;24037032;0;0;2.009
4194304;764313;0;0;0;0;1565707865;162907517;183535652;317422080;0;0;25.124
1048576;28251;0;0;0;0;36423758;2717005;1655425;11902296;0;0;0.784
1048576;200998;0;0;0;0;209631246;10139441;7781073;82839114;0;0;4.079
1048576;46560;0;0;0;0;48448553;2518864;1111234;19376652;0;0;1.053
1048576;42180;0;0;0;0;93340518;6999674;9625497;20484168;0;0;1.590
1048576;243018;0;0;0;0;229197867;8325748;5137982;99721746;0;0;4.608
262144;2541;0;0;0;0;3954164;368658;108360;1175568;0;0;0.115
4194304;32918;0;0;0;0;100338164;9926604;9969435;16976898;0;0;1.967
1048576;16198;0;0;0;0;30210430;2706108;2194646;7521804;0;0;0.592
262144;94856;0;0;0;0;115325278;7231720;6428589;39187500;0;0;2.123
262144;352;0;0;0;0;1562463;282910;29693;187086;0;0;0.094
1048576;98464;0;0;0;0;209197329;17371738;24258935;43729968;0;0;3.427
1048576;10971;0;0;0;0;23055802;2226171;1848288;5089920;0;0;0.484
1048576;155220;0;0;0;0;557229218;49105260;80438108;76489104;0;0;8.156
262144;6440;0;0;0;0;8643328;570612;339334;2937210;0;0;0.201
1048576;3476;0;0;0;0;11008606;1448974;632827;1917210;0;0;0.368
1048576;32956;0;0;0;0;34738593;1954979;647495;13708104;0;0;0.877
1048576;32032;0;0;0;0;40919285;2822760;1725658;13759716;0;0;0.871
4194304;16430;0;0;0;0;46836475;5875146;2613879;8512938;0;0;1.182
262144;47775;0;0;0;0;47277666;1871538;1311271;19900116;0;0;0.986
1048576;334;0;0;0;0;4868441;1079310;43688;233394;0;0;0.160
4194304;104775;0;0;0;0;367742502;32416789;51674002;53790840;0;0;5.992
262144;26979;0;0;0;0;30819889;1621008;1436532;11294478;0;0;0.632
262144;6256;0;0;0;0;7562121;490066;195478;2761260;0;0;0.185
4194304;265182;0;0;0;0;1070808945;96155655;171174377;129606828;0;0;15.783
4194304;441945;0;0;0;0;783256081;63789258;73562870;190104864;0;0;13.354
1048576;119325;0;0;0;0;115045993;4444696;2492800;49401372;0;0;2.386
4194304;29007;0;0;0;0;57706733;6617456;2961517;12774804;0;0;1.424
1048576;59800;0;0;0;0;66357042;3849555;2477867;24990528;0;0;1.376
1048576;45144;0;0;0;0;61784318;4564799;3747026;19584732;0;0;1.190
4194304;37920;0;0;0;0;119793400;11921738;13722412;19622268;0;0;2.289
1048576;82840;0;0;0;0;113873255;7771914;7780023;35124636;0;0;2.110
262144;5921;0;0;0;0;6653847;430679;124061;2510952;0;0;0.171
262144;12383;0;0;0;0;14229242;768617;471937;5396940;0;0;0.315
4194304;708855;0;0;0;0;1491958756;128634599;170955014;302524572;0;0;24.939
262144;22017;0;0;0;0;26170786;1483954;1254268;9444912;0;0;0.529
262144;3075;0;0;0;0;4661868;393433;130391;1473816;0;0;0.129
4194304;219329;0;0;0;0;428188656;33208325;43679970;96667764;0;0;7.552
262144;100;0;0;0;0;1262689;272003;18595;64278;0;0;0.063
4194304;124187;0;0;0;0;298885432;24482469;33007677;58819440;0;0;5.162
4194304;409182;0;0;0;0;860670816;73702661;96097764;179394966;0;0;14.462
1048576;20617;0;0;0;0;41359489;3597593;3590156;9285996;0;0;0.761
1048576;17135;0;0;0;0;24716281;2002420;1142752;7524150;0;0;0.539
1048576;46848;0;0;0;0;54410997;3310528;2057095;19632264;0;0;1.135
4194304;186200;0;0;0;0;594682214;50469548;81423558;93182526;0;0;9.353
4194304;186864;0;0;0;0;622545122;62653150;90264544;84520074;0;0;9.538
262144;9240;0;0;0;0;9849493;520620;182128;3954252;0;0;0.331
1048576;2562;0;0;0;0;7368832;1166959;124717;1261554;0;0;0.221
4194304;715284;0;0;0;0;5194864293;502056325;955161263;362968446;0;0;70.311
4194304;876282;0;0;0;0;1861838108;169478920;215567272;371610192;0;0;29.977
4194304;86360;0;0;0;0;141101982;11705201;9672366;38142714;0;0;3.129
1048576;95304;0;0;0;0;111627888;6570620;5117495;39908538;0;0;2.171
4194304;664608;0;0;0;0;4086510878;360271361;714967644;332050920;0;0;54.003
1048576;55596;0;0;0;0;63364354;3756134;2506900;23150754;0;0;1.344
4194304;21484;0;0;0;0;73206007;8040269;6703795;11245518;0;0;1.542
4194304;73560;0;0;0;0;342971042;30769573;49786310;38171988;0;0;5.033
4194304;111566;0;0;0;0;467744061;42944113;72031993;56970078;0;0;6.866
4194304;174482;0;0;0;0;558030509;49188982;79887131;83159700;0;0;8.383
4194304;57750;0;0;0;0;124775930;11422208;10445437;27543894;0;0;2.466
1048576;25560;0;0;0;0;37887640;2851621;2142788;11608536;0;0;0.763
4194304;14399;0;0;0;0;66719614;7935632;6800179;7784658;0;0;1.412
1048576;41013;0;0;0;0;49829066;3762812;2383707;16954866;0;0;1.003
262144;30814;0;0;0;0;37804104;1963074;1939593;13473504;0;0;0.744
262144;30015;0;0;0;0;31363388;1407224;996921;12628536;0;0;0.647
1048576;2700;0;0;0;0;8255291;1227545;234457;1438728;0;0;0.224
1048576;4440;0;0;0;0;10589433;1383760;484095;2081838;0;0;0.263
4194304;27360;0;0;0;0;94276630;10121669;10593442;14269308;0;0;1.855
262144;4900;0;0;0;0;8006790;606768;444891;2342346;0;0;0.195
4194304;44726;0;0;0;0;81731934;7659945;4667580;20578008;0;0;1.852
262144;69687;0;0;0;0;78475938;4232229;3691404;28879584;0;0;1.503
262144;8640;0;0;0;0;9661084;525271;200047;3799620;0;0;0.229
1048576;4480;0;0;0;0;11183760;1376420;451852;2353668;0;0;0.369
4194304;575703;0;0;0;0;1856703507;160531947;267043124;272225574;0;0;27.974
4194304;1512;0;0;0;0;19078853;4292010;127731;816018;0;0;0.720
262144;36040;0;0;0;0;38358151;1797083;1473438;15107850;0;0;0.782
4194304;37668;0;0;0;0;108117491;10572044;10557578;19164084;0;0;2.110
4194304;283560;0;0;0;0;1825261205;163505594;305805196;145278108;0;0;25.585
1048576;62238;0;0;0;0;162384676;13256436;20016372;31178460;0;0;2.650
1048576;169974;0;0;0;0;177210298;8450098;6518854;70618392;0;0;3.502
262144;1651;0;0;0;0;3429342;370522;150595;809898;0;0;0.103
262144;4439;0;0;0;0;5700870;425764;133170;1974840;0;0;0.152
1048576;168870;0;0;0;0;182350596;8921580;7121746;70256088;0;0;3.545
262144;2834;0;0;0;0;3886497;346895;68174;1256760;0;0;0.116
262144;7540;0;0;0;0;8937497;563082;262790;3255756;0;0;0.219
262144;1836;0;0;0;0;3238777;357066;95854;861102;0;0;0.101
4194304;1122121;0;0;0;0;1813119900;139831276;166252122;469658508;0;0;30.893
4194304;435864;0;0;0;0;722900092;58480561;64845368;184818102;0;0;12.561
4194304;23688;0;0;0;0;62570642;6942918;4417242;12257880;0;0;1.806
4194304;140544;0;0;0;0;181379867;12196103;9270081;59099736;0;0;4.037
262144;38841;0;0;0;0;38547190;1639242;1073928;16093680;0;0;0.839
262144;23028;0;0;0;0;22397181;927842;469610;9563640;0;0;0.498
262144;6939;0;0;0;0;10353998;759164;666208;3071544;0;0;0.255
4194304;109483;0;0;0;0;236756144;19507497;23569542;52408536;0;0;4.271
4194304;26574;0;0;0;0;44856425;5306886;1087819;11383116;0;0;1.298
1048576;51100;0;0;0;0;51071577;2464547;968305;21166956;0;0;1.108
4194304;7000;0;0;0;0;30442064;4970940;1233643;3676506;0;0;0.963
4194304;159372;0;0;0;0;284393229;22070480;23564637;72225198;0;0;5.202
4194304;95116;0;0;0;0;370079171;32143695;51358249;48708996;0;0;5.832
4194304;82468;0;0;0;0;309449455;27104573;42084451;42365718;0;0;4.956
262144;23220;0;0;0;0;27026036;1476584;1158507;9914418;0;0;0.556
1048576;19448;0;0;0;0;45659181;3676131;4397509;9593118;0;0;0.837
262144;25608;0;0;0;0;30881362;1836268;1612169;10918710;0;0;0.618
1048576;65;0;0;0;0;4347366;1056764;17143;42858;0;0;0.151
4194304;184590;0;0;0;0;379691213;32306645;40565416;77856006;0;0;6.453
1048576;103156;0;0;0;0;110786183;5989596;4077847;42446400;0;0;2.199
1048576;4028;0;0;0;0;10331023;1321781;362776;2128248;0;0;0.265
1048576;2055;0;0;0;0;8278528;1263401;330302;1194846;0;0;0.227
262144;6480;0;0;0;0;10297086;749976;644210;3013710;0;0;0.225
4194304;690;0;0;0;0;18187049;4266852;113091;414138;0;0;0.701
1048576;50760;0;0;0;0;68427090;4917945;4318300;21371466;0;0;1.398
4194304;20987;0;0;0;0;59209254;6874478;4424120;10043448;0;0;1.376
262144;10486;0;0;0;0;10996005;592623;248024;4392750;0;0;0.259
4194304;2900;0;0;0;0;22777096;4556459;581392;1632528;0;0;0.819
1048576;7176;0;0;0;0;11188139;1266434;168897;3088170;0;0;0.291
1048576;34080;0;0;0;0;55063196;4148653;4268485;14733816;0;0;1.046
1048576;59940;0;0;0;0;103638860;7195394;8816618;27731574;0;0;1.851
4194304;96298;0;0;0;0;311857491;31046288;45083979;42686916;0;0;5.154
1048576;23045;0;0;0;0;38943811;3034159;2757314;10737864;0;0;0.759
1048576;98201;0;0;0;0;96278313;4078135;2265115;40459950;0;0;2.026
1048576;151704;0;0;0;0;210525759;15719455;15850055;63180552;0;0;3.770
1048576;47553;0;0;0;0;63208081;4422355;3476735;20096466;0;0;1.222
1048576;58280;0;0;0;0;151559950;11463590;18187435;29969658;0;0;2.466
262144;17136;0;0;0;0;26966561;1779710;1981198;7910118;0;0;0.516
4194304;707273;0;0;0;0;4275064656;500081173;768698858;327545274;0;0;57.856
1048576;121660;0;0;0;0;264807210;20090762;31244820;54099096;0;0;4.492
1048576;90480;0;0;0;0;107446359;6230260;5812475;37626186;0;0;2.104
4194304;22280;0;0;0;0;58648663;6682248;3957070;10905960;0;0;1.429
4194304;156291;0;0;0;0;328499626;27196365;34176286;70065144;0;0;5.625
262144;533;0;0;0;0;1803094;289492;33799;291942;0;0;0.077
4194304;56541;0;0;0;0;157189067;15971593;18035278;27339792;0;0;2.930
4194304;5425;0;0;0;0;41343655;6347335;4026427;3122748;0;0;1.058
4194304;553410;0;0;0;0;2441023163;240495021;384021856;254015310;0;0;34.800
1048576;5292;0;0;0;0;13461959;1551193;763295;2779518;0;0;0.314
1048576;19584;0;0;0;0;30315757;2241548;1715370;8835360;0;0;0.623
4194304;322728;0;0;0;0;520119689;43797063;43884689;133572894;0;0;9.292
1048576;2788;0;0;0;0;8443331;1248377;266006;1502580;0;0;0.228
4194304;40986;0;0;0;0;117184726;11539008;12541983;20574438;0;0;2.235
1048576;1276;0;0;0;0;6426314;1155914;155971;716058;0;0;0.195
4194304;2934;0;0;0;0;21276266;4384672;230929;1698930;0;0;0.747
262144;14250;0;0;0;0;19179598;1201112;1048797;6317694;0;0;0.390
4194304;62239;0;0;0;0;113903122;10046416;8608490;28063992;0;0;2.432
1048576;13205;0;0;0;0;19026168;1794354;671334;5746902;0;0;0.424
1048576;28680;0;0;0;0;42750334;3081368;2668807;12747060;0;0;0.839
262144;5842;0;0;0;0;7464935;512544;245257;2590818;0;0;0.185
4194304;1025892;0;0;0;0;4085507886;377265890;642222929;486084384;0;0;60.315
262144;22725;0;0;0;0;29203610;1896083;1833407;9665232;0;0;0.635
1048576;50362;0;0;0;0;66889679;4871655;4042399;21081990;0;0;1.309
262144;10080;0;0;0;0;10425320;524791;177603;4262496;0;0;0.252
4194304;52839;0;0;0;0;84857941;7672117;4445101;22885656;0;0;1.925
4194304;8046;0;0;0;0;34595491;5387039;2010338;4237404;0;0;0.925
4194304;19200;0;0;0;0;65856868;7758187;6247388;9986328;0;0;1.431
4194304;151240;0;0;0;0;282067327;20263330;26147709;67608372;0;0;5.024
4194304;146894;0;0;0;0;520723728;47420902;75852342;72544764;0;0;7.947
1048576;24735;0;0;0;0;40027245;3048504;2516304;11439114;0;0;0.796
262144;1674;0;0;0;0;3361970;360114;118979;853554;0;0;0.104
1048576;108832;0;0;0;0;110321473;5174956;3338436;44945706;0;0;2.240
1048576;2650;0;0;0;0;7435843;1165860;125525;1297662;0;0;0.245
262144;9752;0;0;0;0;10272873;548153;203244;4108068;0;0;0.279
1048576;173376;0;0;0;0;186062925;9063625;7903452;71610138;0;0;3.708
4194304;350946;0;0;0;0;794151347;68695788;93033427;160473966;0;0;12.813
1048576;63600;0;0;0;0;74067276;4348492;3383191;26567244;0;0;1.488
4194304;419748;0;0;0;0;633682052;44688988;51792582;177610068;0;0;11.277
262144;1776;0;0;0;0;3139455;335278;76142;857634;0;0;0.104
4194304;1527;0;0;0;0;19260758;4296387;132429;902820;0;0;0.711
1048576;104086;0;0;0;0;122125298;7376984;6552429;43201302;0;0;2.335
4194304;821590;0;0;0;0;2499731723;266290569;347413254;356317536;0;0;37.516
4194304;753056;0;0;0;0;1786959700;172277103;225161538;320855298;0;0;27.781
4194304;230272;0;0;0;0;1080948111;102144961;180502442;111538650;0;0;15.424
4194304;866121;0;0;0;0;6122187634;578327228;1109189251;442737138;0;0;83.607
4194304;134748;0;0;0;0;436195009;36946064;58548722;68229858;0;0;7.052
1048576;60377;0;0;0;0;144469324;11931833;17262551;28639068;0;0;2.340
4194304;32745;0;0;0;0;122265524;12674822;14898037;15266562;0;0;2.236
4194304;75774;0;0;0;0;107859875;9185459;4784405;32285262;0;0;2.342
1048576;18096;0;0;0;0;35893374;3087573;2897228;8813226;0;0;0.695
262144;37720;0;0;0;0;48702618;2886361;2941097;16289010;0;0;0.924
4194304;516615;0;0;0;0;3158680192;302605082;563541845;257747592;0;0;43.224
262144;684;0;0;0;0;1965349;297364;41555;363852;0;0;0.078
262144;7398;0;0;0;0;10083623;727229;507189;3214140;0;0;0.229
4194304;57528;0;0;0;0;175554462;16794985;22201513;27507786;0;0;3.075
1048576;2088;0;0;0;0;6484920;1122997;67794;971262;0;0;0.205
4194304;119185;0;0;0;0;195797593;15530227;14908336;51780318;0;0;3.746
4194304;7931;0;0;0;0;41833008;6262939;3798905;3919572;0;0;1.077
1048576;1760;0;0;0;0;6899468;1174722;173516;948108;0;0;0.200
1048576;20928;0;0;0;0;30427408;2469690;1552052;9131568;0;0;0.626
262144;4089;0;0;0;0;5011988;396828;108344;1726470;0;0;0.134
4194304;206232;0;0;0;0;444756305;34824316;48904993;94137450;0;0;7.583
1048576;113265;0;0;0;0;279830262;22493991;35602168;48830988;0;0;4.390
262144;18963;0;0;0;0;20895204;1016459;699723;8168688;0;0;0.442
4194304;24585;0;0;0;0;46296170;5530032;1540360;10871280;0;0;1.234
4194304;90228;0;0;0;0;186418612;15521584;17474780;41890704;0;0;3.555
4194304;4056;0;0;0;0;22543764;4445537;326362;2059500;0;0;0.790
1048576;82041;0;0;0;0;139629079;10494255;13672765;34821900;0;0;2.399
1048576;1380;0;0;0;0;6189792;1128352;98234;743088;0;0;0.198
