4194304;1400;0;22903422;68200626;0;0;0;0;0;21582;4805617;0.989
4194304;2695;0;24696580;73095895;0;0;0;0;0;38211;5383616;0.893
4194304;133155;0;67802611;190772917;0;0;0;0;0;437516;19274221;1.586
262144;37740;0;3131416;8919680;0;0;0;0;0;19254;837556;0.097
262144;495;0;2063435;6008484;0;0;0;0;0;11983;492075;0.129
1048576;4634;0;6467114;19090298;0;0;0;0;0;14868;1432045;0.206
262144;31000;0;3803569;10755797;0;0;0;0;0;25523;1054480;0.106
1048576;37070;0;11475479;32757454;0;0;0;0;0;60483;3045398;0.288
1048576;18285;0;8921529;25788175;0;0;0;0;0;36986;2223062;0.246
4194304;921498;0;666678014;1825246899;0;0;0;0;0;5956583;212036039;11.464
4194304;1182;0;22210978;66303624;0;0;0;0;0;16500;4580524;0.833
1048576;54244;0;8615485;24955915;0;0;0;0;0;34525;2124392;0.330
4194304;189051;0;36542612;105429442;0;0;0;0;0;148373;9196705;1.005
4194304;634734;0;507521043;1391078365;0;0;0;0;0;4495998;160929810;8.886
4194304;641580;0;271113275;745563227;0;0;0;0;0;2308604;84663290;4.912
1048576;817;0;5628375;16801217;0;0;0;0;0;9110;1160414;0.207
4194304;728;0;21337541;63924491;0;0;0;0;0;7034;4300202;0.802
262144;12566;0;3935437;11118504;0;0;0;0;0;26882;1097707;0.121
4194304;435960;0;154764864;428115525;0;0;0;0;0;1239196;47269598;2.988
262144;10619;0;2233081;6474321;0;0;0;0;0;11313;549086;0.093
262144;418;0;1669288;4930116;0;0;0;0;0;5481;367663;0.168
1048576;24068;0;17460968;49071904;0;0;0;0;0;116692;4961207;0.383
4194304;201798;0;81323911;227685704;0;0;0;0;0;562948;23633567;1.782
4194304;99216;0;28523969;83543877;0;0;0;0;0;73833;6616350;0.954
4194304;4991;0;21195357;63544463;0;0;0;0;0;6417;4254698;0.797
1048576;70950;0;14648609;41414142;0;0;0;0;0;89981;4065081;0.336
1048576;46550;0;14822950;41898851;0;0;0;0;0;91844;4124450;0.333
4194304;77284;0;111123934;309021824;0;0;0;0;0;837485;33228889;2.246
4194304;114114;0;70939279;199264886;0;0;0;0;0;464757;20246761;1.650
262144;28638;0;4034186;11388288;0;0;0;0;0;27848;1129298;0.110
4194304;8025;0;23636323;70186923;0;0;0;0;0;28477;5033811;0.814
4194304;372296;0;417691234;1145931543;0;0;0;0;0;3668129;132028600;7.530
262144;624;0;1837876;5390040;0;0;0;0;0;8236;420193;0.089
4194304;57222;0;39644639;113902329;0;0;0;0;0;176802;10200482;1.140
1048576;388075;0;123170011;337643371;0;0;0;0;0;1092458;39024847;2.118
1048576;10092;0;9619867;27688614;0;0;0;0;0;43395;2445598;0.331
4194304;469456;0;254986559;701602978;0;0;0;0;0;2161987;79503614;4.642
262144;1296;0;1934504;5656438;0;0;0;0;0;8289;453026;0.079
4194304;42423;0;29990881;87464846;0;0;0;0;0;86996;7042794;0.902
1048576;26624;0;7745510;22580171;0;0;0;0;0;26487;1843844;0.224
4194304;2546;0;21755312;65060138;0;0;0;0;0;11198;4432536;0.793
4194304;153307;0;44888350;128131614;0;0;0;0;0;223879;11841028;1.164
4194304;90;0;21203162;63560882;0;0;0;0;0;7361;4256572;0.767
4194304;126225;0;49173340;139684672;0;0;0;0;0;260403;13137898;1.221
1048576;115648;0;15486432;43701511;0;0;0;0;0;97907;4333818;0.352
4194304;612;0;21297627;63815457;0;0;0;0;0;6699;4287375;0.737
262144;45675;0;4447656;12515227;0;0;0;0;0;31591;1262267;0.197
4194304;924673;0;64527071;181798494;0;0;0;0;0;406170;18201713;1.513
262144;4000;0;2846445;8143943;0;0;0;0;0;16577;746608;0.097
262144;576;0;1872665;5486640;0;0;0;0;0;9016;432042;0.076
4194304;439076;0;147364180;407888062;0;0;0;0;0;1170388;44869776;2.845
262144;8642;0;2415986;6972233;0;0;0;0;0;12827;608129;0.084
262144;16762;0;4229964;11917788;0;0;0;0;0;30891;1190024;0.119
4194304;5183;0;22696784;67637412;0;0;0;0;0;19822;4738756;0.843
262144;9060;0;3343718;9502967;0;0;0;0;0;21320;907158;0.104
262144;715;0;1561169;4635569;0;0;0;0;0;4506;332899;0.069
4194304;1366098;0;1092932710;2989301381;0;0;0;0;0;9902074;349642371;18.491
262144;6204;0;1503596;4480727;0;0;0;0;0;5439;312518;0.068
4194304;89835;0;112512605;312831254;0;0;0;0;0;850710;33687400;2.303
4194304;66500;0;35788162;103330461;0;0;0;0;0;142628;8935198;1.037
1048576;100416;0;21679000;60603892;0;0;0;0;0;154943;6328433;0.444
4194304;622119;0;232705271;640831691;0;0;0;0;0;1957590;72354719;4.255
4194304;976144;0;295158370;811424238;0;0;0;0;0;2536802;92538783;5.262
1048576;8778;0;7134202;20888526;0;0;0;0;0;20720;1637370;0.325
262144;5832;0;4422386;12446872;0;0;0;0;0;31239;1254702;0.138
4194304;1493846;0;657392591;1799807421;0;0;0;0;0;5868538;208988747;11.323
1048576;19522;0;14651609;41427350;0;0;0;0;0;89889;4068804;0.368
4194304;322568;0;201095601;554519854;0;0;0;0;0;1665376;62155577;3.773
262144;27456;0;5542833;15504153;0;0;0;0;0;41689;1614911;0.134
1048576;90720;0;24891057;69386000;0;0;0;0;0;185099;7369451;0.491
262144;21235;0;5268548;14755234;0;0;0;0;0;38959;1527365;0.167
4194304;40320;0;22355377;66709934;0;0;0;0;0;17354;4628379;0.843
262144;658;0;1671583;4937893;0;0;0;0;0;5673;368423;0.073
4194304;75440;0;35512490;102610379;0;0;0;0;0;139150;8862863;1.022
4194304;10494;0;28988222;84810419;0;0;0;0;0;78961;6765594;0.929
4194304;2482;0;21772731;65107677;0;0;0;0;0;11403;4438202;0.798
262144;47328;0;3583129;10159618;0;0;0;0;0;23953;984007;0.152
4194304;2260888;0;84364690;235972712;0;0;0;0;0;589933;24605050;1.810
1048576;29535;0;8419536;24418673;0;0;0;0;0;32526;2060947;0.257
262144;90;0;1546128;4596109;0;0;0;0;0;6625;326607;0.065
4194304;7752;0;29629081;86558246;0;0;0;0;0;84016;6971667;0.946
1048576;45144;0;26906570;74875172;0;0;0;0;0;203083;8014537;0.528
4194304;311558;0;76186119;213633471;0;0;0;0;0;513908;21963623;1.705
4194304;193997;0;26943708;79230385;0;0;0;0;0;59448;6106346;0.903
1048576;2432;0;6707395;19744495;0;0;0;0;0;16440;1509795;0.202
4194304;171360;0;83008232;232028023;0;0;0;0;0;571964;24027901;1.782
4194304;834;0;21729263;64993238;0;0;0;0;0;10959;4426493;0.800
262144;4960;0;4109231;11590729;0;0;0;0;0;28267;1153980;0.114
4194304;102265;0;52541255;149087845;0;0;0;0;0;295766;14345326;1.310
262144;6039;0;1903313;5570091;0;0;0;0;0;7881;442867;0.074
1048576;7280;0;10028351;28802963;0;0;0;0;0;46988;2577007;0.280
1048576;11134;0;9032518;26091418;0;0;0;0;0;38487;2258852;0.236
1048576;252902;0;63708998;175349588;0;0;0;0;0;543909;19876918;1.133
4194304;73440;0;37155339;106970853;0;0;0;0;0;151446;9320100;1.027
4194304;244036;0;187761860;518008688;0;0;0;0;0;1539902;57792375;3.906
262144;1350;0;1932144;5649449;0;0;0;0;0;8170;452316;0.142
1048576;7160;0;7184443;21027824;0;0;0;0;0;21601;1655301;0.261
4194304;513471;0;127932104;354178802;0;0;0;0;0;975089;38219203;2.569
1048576;117552;0;17548330;49334164;0;0;0;0;0;116936;5000669;0.372
1048576;478135;0;9374424;27030468;0;0;0;0;0;41876;2368993;0.268
4194304;10602;0;27492553;80716119;0;0;0;0;0;64198;6278146;0.880
1048576;225;0;5707493;17013972;0;0;0;0;0;6930;1188071;0.202
1048576;34194;0;9637203;27738878;0;0;0;0;0;43605;2452356;0.273
4194304;24462;0;35581475;102799456;0;0;0;0;0;139249;8884803;1.034
4194304;254174;0;85581352;239012993;0;0;0;0;0;595743;24836894;1.878
4194304;800288;0;45216744;129092900;0;0;0;0;0;228011;11983608;1.244
1048576;5904;0;7681064;22401646;0;0;0;0;0;25497;1823531;0.214
262144;25844;0;5090717;14270591;0;0;0;0;0;37508;1469563;0.130
4194304;156600;0;78410228;219541229;0;0;0;0;0;532781;22586282;1.791
4194304;370440;0;147277100;407684742;0;0;0;0;0;1169812;44862210;2.854
262144;3332;0;2598972;7468096;0;0;0;0;0;14307;666799;0.125
1048576;8514;0;7440219;21723140;0;0;0;0;0;24016;1736155;0.207
262144;1804;0;1415530;4238745;0;0;0;0;0;4218;285225;0.070
1048576;145161;0;9328300;26897310;0;0;0;0;0;40757;2353268;0.251
4194304;62178;0;38492840;110721478;0;0;0;0;0;165418;9809349;1.079
4194304;6651;0;25516221;75329042;0;0;0;0;0;47110;5646260;0.847
4194304;1580508;0;724458429;1983384062;0;0;0;0;0;6501161;230892723;12.301
4194304;505322;0;275790260;757962199;0;0;0;0;0;2342799;85950928;4.951
1048576;115200;0;12318417;35064028;0;0;0;0;0;68892;3317687;0.294
1048576;25724;0;13987202;39614969;0;0;0;0;0;83938;3854700;0.328
262144;70;0;1506729;4487097;0;0;0;0;0;5264;314475;0.069
4194304;35280;0;55505866;157183599;0;0;0;0;0;323131;15301851;1.339
1048576;86496;0;8339254;24201788;0;0;0;0;0;32073;2035097;0.239
4194304;74784;0;41604564;119227756;0;0;0;0;0;194710;10818002;1.105
4194304;48399;0;33664596;97534305;0;0;0;0;0;121970;8250234;1.035
1048576;874;0;5545653;16570835;0;0;0;0;0;6751;1133897;0.216
4194304;181521;0;147851447;409250975;0;0;0;0;0;1175591;45045401;2.848
4194304;612704;0;91313687;254923565;0;0;0;0;0;653729;26834103;1.907
4194304;327658;0;154258877;426619978;0;0;0;0;0;1231884;47038321;2.977
4194304;19277;0;24935819;73706050;0;0;0;0;0;41310;5437969;0.829
1048576;6873;0;6844883;20102782;0;0;0;0;0;18018;1546373;0.207
4194304;152324;0;127445001;353441546;0;0;0;0;0;984942;38409346;2.625
1048576;700;0;5913036;17574736;0;0;0;0;0;9925;1252441;0.265
4194304;2563;0;22004235;65738520;0;0;0;0;0;13872;4512593;0.803
4194304;690948;0;32532655;94489740;0;0;0;0;0;111106;7908765;0.927
1048576;191219;0;26440958;73608355;0;0;0;0;0;199006;7865692;0.549
1048576;6500;0;6609506;19477251;0;0;0;0;0;15613;1478118;0.207
262144;10209;0;4333760;12204737;0;0;0;0;0;31386;1225164;0.117
4194304;14196;0;37551950;108186445;0;0;0;0;0;157317;9524713;1.033
1048576;16625;0;14195452;40162399;0;0;0;0;0;85622;3910775;0.333
4194304;181263;0;37502864;108056969;0;0;0;0;0;157325;9509305;1.033
1048576;37572;0;26764502;74475577;0;0;0;0;0;201790;7961928;0.525
262144;29025;0;6185707;17249990;0;0;0;0;0;47499;1817846;0.151
4194304;194550;0;169019254;467093542;0;0;0;0;0;1372891;51899974;3.192
1048576;32430;0;8345684;24212120;0;0;0;0;0;31596;2035764;0.226
1048576;141115;0;11554635;32977175;0;0;0;0;0;61606;3071795;0.281
1048576;51744;0;8230974;23903935;0;0;0;0;0;30969;1999527;0.373
4194304;262592;0;129857158;359973896;0;0;0;0;0;1005946;39156647;2.541
4194304;110700;0;22451636;66970575;0;0;0;0;0;17917;4659442;0.815
262144;1326;0;1627446;4817574;0;0;0;0;0;5354;354132;0.072
1048576;2708;0;6202385;18366465;0;0;0;0;0;12354;1346736;0.192
1048576;23184;0;15056188;42526089;0;0;0;0;0;93637;4195888;0.338
1048576;6402;0;7689320;22425701;0;0;0;0;0;26267;1825850;0.218
4194304;10443;0;29706485;86763438;0;0;0;0;0;84764;6993183;0.897
4194304;92250;0;38262893;109983731;0;0;0;0;0;161622;9671407;1.073
262144;1490;0;1696144;5005942;0;0;0;0;0;6377;376024;0.072
1048576;273372;0;14879830;42048255;0;0;0;0;0;92077;4140851;0.342
1048576;576;0;5622370;16780574;0;0;0;0;0;6168;1160050;0.213
4194304;619160;0;350752832;962441764;0;0;0;0;0;3030707;110011813;6.214
262144;1449;0;2088775;6073949;0;0;0;0;0;9493;502333;0.119
4194304;57840;0;94487408;263619028;0;0;0;0;0;684521;27875452;2.100
4194304;586420;0;150845100;417457807;0;0;0;0;0;1203635;46029798;2.908
1048576;3265;0;6387737;18871060;0;0;0;0;0;14053;1406428;0.221
4194304;16800;0;27067608;79561757;0;0;0;0;0;60802;6143860;0.888
262144;1775;0;2128851;6182541;0;0;0;0;0;9851;514710;0.082
262144;22000;0;4748840;13338477;0;0;0;0;0;34281;1360178;0.125
4194304;1231440;0;239194540;658671149;0;0;0;0;0;2020895;74515982;4.319
1048576;190490;0;44991400;124249591;0;0;0;0;0;370651;13843417;0.838
1048576;285;0;5625667;16788918;0;0;0;0;0;6414;1161179;0.173
4194304;243080;0;180128210;497157828;0;0;0;0;0;1468908;55325617;3.411
262144;127224;0;4133698;11660833;0;0;0;0;0;28789;1161666;0.113
1048576;13300;0;7658479;22342298;0;0;0;0;0;25518;1816194;0.211
1048576;325992;0;24771497;69062144;0;0;0;0;0;184064;7331474;0.493
262144;780;0;1951275;5700316;0;0;0;0;0;8198;458548;0.208
262144;3525;0;1992961;5816809;0;0;0;0;0;8834;471938;0.077
1048576;27948;0;13442490;38111739;0;0;0;0;0;78682;3670609;0.310
4194304;399105;0;216309243;595822037;0;0;0;0;0;1800100;66924363;3.979
4194304;265353;0;255484429;703124411;0;0;0;0;0;2170499;79757961;4.658
1048576;59365;0;23238260;64870057;0;0;0;0;0;169522;6836052;0.479
1048576;136752;0;10782090;30864577;0;0;0;0;0;54270;2821190;0.270
1048576;49070;0;5693127;16975001;0;0;0;0;0;7064;1183065;0.194
1048576;2461;0;6671558;19647802;0;0;0;0;0;16284;1498368;0.230
1048576;169260;0;13414095;38054588;0;0;0;0;0;78974;3670486;0.314
262144;4752;0;2719761;7798461;0;0;0;0;0;15547;705651;0.089
4194304;454571;0;485358609;1330669552;0;0;0;0;0;4293299;153842033;8.718
1048576;271117;0;15675628;44213676;0;0;0;0;0;99414;4392870;0.349
1048576;3672;0;6213646;18387346;0;0;0;0;0;11862;1346873;0.196
4194304;287364;0;270107399;742944984;0;0;0;0;0;2303273;84411928;4.861
4194304;34933;0;30711485;89453993;0;0;0;0;0;93255;7286496;0.932
4194304;56329;0;27863980;81738912;0;0;0;0;0;67503;6402696;0.878
4194304;233784;0;66854191;188182205;0;0;0;0;0;428865;18967592;1.552
1048576;10602;0;6475506;19110705;0;0;0;0;0;14118;1435444;0.192
4194304;737568;0;103873516;289200488;0;0;0;0;0;769200;30876034;2.258
1048576;715623;0;96964642;266081695;0;0;0;0;0;849475;30565454;1.886
1048576;10527;0;6583131;19404333;0;0;0;0;0;15084;1470151;0.266
262144;536;0;1867963;5472071;0;0;0;0;0;7413;431642;0.083
262144;15478;0;3174461;9040618;0;0;0;0;0;19821;852095;0.180
1048576;152482;0;58985758;162342946;0;0;0;0;0;497425;18292220;1.151
1048576;166380;0;54672960;150608321;0;0;0;0;0;458462;16924937;1.030
1048576;5106;0;7843313;22838806;0;0;0;0;0;26895;1873281;0.217
4194304;271259;0;90191755;251421825;0;0;0;0;0;632923;26214714;1.952
1048576;3312;0;8571234;24831638;0;0;0;0;0;33602;2110837;0.236
1048576;15203;0;12685594;36054071;0;0;0;0;0;72659;3432778;0.309
4194304;33100;0;54919954;155588131;0;0;0;0;0;317937;15115327;1.375
262144;741;0;2032432;5921135;0;0;0;0;0;8830;484812;0.079
262144;1584;0;2851639;8160440;0;0;0;0;0;19288;747036;0.090
4194304;28492;0;41578889;119182949;0;0;0;0;0;195187;10822959;1.133
1048576;341900;0;156597077;428631058;0;0;0;0;0;1394411;49641594;2.783
262144;20108;0;2870260;8208508;0;0;0;0;0;17479;753884;0.090
4194304;104416;0;45499100;129859165;0;0;0;0;0;230711;12073532;1.223
4194304;1003604;0;112925820;313879666;0;0;0;0;0;851987;33774413;2.346
4194304;494;0;21254406;63697850;0;0;0;0;0;6257;4273603;0.775
4194304;79200;0;38236720;109978453;0;0;0;0;0;163029;9701720;1.077
1048576;107514;0;7271311;21284094;0;0;0;0;0;21811;1691554;0.213
4194304;708;0;21318793;63872931;0;0;0;0;0;6923;4294061;0.744
4194304;847539;0;318288529;873948605;0;0;0;0;0;2734300;99628802;5.858
1048576;78376;0;5982671;17769283;0;0;0;0;0;10094;1276250;0.199
1048576;15165;0;5383675;16127901;0;0;0;0;0;3957;1080954;0.210
1048576;10988;0;8885509;25669853;0;0;0;0;0;36503;2201367;0.243
1048576;103246;0;14628438;41362953;0;0;0;0;0;89916;4059600;0.383
4194304;551;0;21252311;63692089;0;0;0;0;0;6227;4272878;0.812
1048576;3680;0;5990921;17791533;0;0;0;0;0;10200;1278845;0.233
4194304;443486;0;86211423;240985370;0;0;0;0;0;606076;25184955;1.894
4194304;1014908;0;645749638;1768162383;0;0;0;0;0;5764049;205320107;11.105
4194304;355096;0;98993573;275281784;0;0;0;0;0;710248;28952822;2.022
262144;240;0;1620922;4798841;0;0;0;0;0;5055;352208;0.076
4194304;1232;0;21630775;64722520;0;0;0;0;0;10153;4393873;0.775
262144;57054;0;3135771;8931977;0;0;0;0;0;19507;838001;0.098
1048576;9867;0;8407872;24384826;0;0;0;0;0;33736;2056097;0.278
262144;385;0;1771480;5209643;0;0;0;0;0;6901;400174;0.074
4194304;780;0;21828358;65261502;0;0;0;0;0;12426;4457890;0.786
1048576;5976;0;7461903;21805475;0;0;0;0;0;23624;1753021;0.211
1048576;310431;0;306817753;838943213;0;0;0;0;0;2786946;98182459;5.161
1048576;27560;0;14144311;40030935;0;0;0;0;0;85301;3898488;0.314
4194304;61268;0;47733240;135906070;0;0;0;0;0;250797;12763761;1.195
4194304;8800;0;23192412;68971163;0;0;0;0;0;24525;4888906;0.818
4194304;807366;0;363143053;995931647;0;0;0;0;0;3135550;113807768;6.364
1048576;13776;0;11008847;31476759;0;0;0;0;0;56498;2891365;0.263
4194304;38110;0;30705274;89442098;0;0;0;0;0;93845;7288321;0.925
4194304;409344;0;190701555;526170543;0;0;0;0;0;1570150;58820779;3.586
262144;11376;0;5406059;15131780;0;0;0;0;0;40380;1571701;0.133
4194304;23912;0;25919354;76436586;0;0;0;0;0;50076;5776882;0.833
1048576;14289;0;8009843;23302975;0;0;0;0;0;28903;1929512;0.467
4194304;1060;0;22596893;67366376;0;0;0;0;0;21328;4705278;0.841
1048576;432;0;5494663;16431630;0;0;0;0;0;4993;1118869;0.211
4194304;244167;0;59551626;168246053;0;0;0;0;0;361247;16614580;1.383
4194304;1708854;0;75548255;211869943;0;0;0;0;0;507567;21744878;1.713
1048576;86625;0;38088434;105390776;0;0;0;0;0;306470;11611719;0.732
1048576;43855;0;7672671;22380134;0;0;0;0;0;25638;1820392;0.223
4194304;80696;0;30374337;88591765;0;0;0;0;0;90888;7211145;0.905
262144;56;0;1448044;4326462;0;0;0;0;0;3322;296570;0.074
1048576;2235;0;6232172;18446510;0;0;0;0;0;12076;1356738;0.199
1048576;55363;0;5373290;16104273;0;0;0;0;0;4052;1080090;0.177
1048576;34916;0;12314329;35038628;0;0;0;0;0;68624;3310154;0.290
1048576;407862;0;92463198;253828408;0;0;0;0;0;808894;29135155;1.622
4194304;2331;0;22030507;65810364;0;0;0;0;0;14228;4521275;0.810
4194304;132468;0;50226428;142544743;0;0;0;0;0;270451;13469578;1.255
4194304;1024590;0;494599735;1355919827;0;0;0;0;0;4379413;156834806;8.607
1048576;22440;0;18476290;51850436;0;0;0;0;0;125025;5291657;0.393
4194304;712;0;22054665;65878266;0;0;0;0;0;14919;4530743;0.765
1048576;231073;0;22201312;62035354;0;0;0;0;0;160006;6499467;0.460
1048576;10013;0;7388250;21604503;0;0;0;0;0;24490;1728223;0.206
1048576;3388;0;5440351;16286669;0;0;0;0;0;4661;1101725;0.222
4194304;8700;0;23890971;70880364;0;0;0;0;0;30858;5115068;0.842
4194304;297788;0;66501639;187136555;0;0;0;0;0;423224;18808811;1.565
4194304;132150;0;42279721;121094087;0;0;0;0;0;201027;11048463;1.183
1048576;262;0;5511602;16480942;0;0;0;0;0;5497;1124525;0.179
4194304;596449;0;71932300;202038328;0;0;0;0;0;475135;20601227;1.632
4194304;1182572;0;1055435922;2886720719;0;0;0;0;0;9550028;337432296;17.863
4194304;2409134;0;617653358;1691702542;0;0;0;0;0;5512534;196405974;10.622
4194304;455520;0;537959467;1474175179;0;0;0;0;0;4777222;170739934;9.458
1048576;5184;0;6676551;19658433;0;0;0;0;0;16157;1499243;0.216
1048576;4775;0;6833126;20089419;0;0;0;0;0;17847;1550353;0.321
4194304;113900;0;66205287;186412660;0;0;0;0;0;422194;18761785;1.568
4194304;2774656;0;441485791;1210763496;0;0;0;0;0;3885377;139624216;8.069
4194304;21300;0;28072927;82276382;0;0;0;0;0;69263;6450944;0.869
262144;6594;0;2106374;6127707;0;0;0;0;0;10177;508223;0.083
1048576;1071;0;5849309;17402211;0;0;0;0;0;8974;1233031;0.187
4194304;88830;0;92710710;258775498;0;0;0;0;0;667851;27305414;2.003
1048576;8540;0;8520112;24694790;0;0;0;0;0;33633;2093967;0.230
262144;41238;0;3453641;9804963;0;0;0;0;0;22580;942465;0.103
1048576;70200;0;5876084;17479032;0;0;0;0;0;9464;1241543;0.181
4194304;14679;0;28939692;84671018;0;0;0;0;0;78561;6747571;0.893
4194304;1181920;0;210799044;581099347;0;0;0;0;0;1757136;65334938;3.874
1048576;17802;0;8010422;23301231;0;0;0;0;0;28633;1929609;0.218
4194304;378611;0;75854424;212629924;0;0;0;0;0;509222;21798715;1.752
1048576;12584;0;8187046;23778393;0;0;0;0;0;30011;1984965;0.219
262144;29920;0;3151579;8976351;0;0;0;0;0;19492;844563;0.127
262144;85968;0;3418881;9708467;0;0;0;0;0;22200;930664;0.155
4194304;8393;0;25902874;76377361;0;0;0;0;0;49448;5766008;0.841
4194304;493809;0;51594018;146513711;0;0;0;0;0;287103;14046681;1.244
4194304;1397480;0;147252160;407606993;0;0;0;0;0;1169252;44848507;2.965
1048576;91732;0;49089690;135407196;0;0;0;0;0;407539;15148903;0.896
1048576;319644;0;8480842;24587601;0;0;0;0;0;33314;2080410;0.248
4194304;85624;0;60350732;170298944;0;0;0;0;0;367716;16801827;1.499
4194304;689138;0;303213366;832948529;0;0;0;0;0;2599525;94861945;5.420
262144;39165;0;3558319;10092141;0;0;0;0;0;23756;976123;0.108
262144;9933;0;4042436;11408800;0;0;0;0;0;27618;1132409;0.114
4194304;1218918;0;173435002;478939800;0;0;0;0;0;1407982;53202168;3.329
262144;26376;0;7061999;19648791;0;0;0;0;0;55597;2103977;0.163
1048576;10602;0;8769109;25363611;0;0;0;0;0;35532;2170026;0.231
262144;65195;0;4982915;13978238;0;0;0;0;0;36721;1434752;0.129
1048576;4736;0;8698932;25181342;0;0;0;0;0;35070;2151684;0.241
4194304;3912;0;22740140;67752855;0;0;0;0;0;20818;4752022;0.763
4194304;131328;0;41762502;119553521;0;0;0;0;0;194006;10807891;1.147
4194304;759150;0;201728437;556210236;0;0;0;0;0;1669982;62339569;3.715
262144;6136;0;2450121;7062392;0;0;0;0;0;12964;618778;0.085
4194304;3339;0;22067757;65914492;0;0;0;0;0;15853;4531456;0.759
262144;208;0;1540428;4579163;0;0;0;0;0;4343;326206;0.071
4194304;1015;0;21422981;64160576;0;0;0;0;0;8598;4327839;0.820
4194304;18928;0;37163554;107130284;0;0;0;0;0;153800;9401892;1.064
1048576;85932;0;10943334;31307781;0;0;0;0;0;55990;2874094;0.268
262144;150;0;1495962;4456650;0;0;0;0;0;3814;311870;0.158
1048576;130416;0;20663387;57828029;0;0;0;0;0;145506;5999834;0.425
262144;360;0;1493097;4452462;0;0;0;0;0;4131;310875;0.067
1048576;324;0;5603973;16732868;0;0;0;0;0;6276;1154361;0.200
1048576;210733;0;33824948;93770747;0;0;0;0;0;267276;10248175;0.639
1048576;78496;0;14890330;42085506;0;0;0;0;0;92522;4146939;0.335
4194304;124956;0;87695770;245038811;0;0;0;0;0;619878;25664948;1.894
4194304;469026;0;594186070;1627751709;0;0;0;0;0;5298311;188908390;10.188
1048576;144;0;5459636;16336993;0;0;0;0;0;4579;1108016;0.207
1048576;60160;0;17638150;49582001;0;0;0;0;0;117477;5032281;0.378
4194304;814261;0;321291021;882522577;0;0;0;0;0;2771954;100818390;5.952
4194304;21888;0;28655815;83889453;0;0;0;0;0;75193;6651166;0.991
1048576;60386;0;6098187;18085177;0;0;0;0;0;11344;1313173;0.221
4194304;443332;0;173028483;478009370;0;0;0;0;0;1408343;53174990;3.427
262144;61920;0;11067017;30589249;0;0;0;0;0;93144;3395907;0.230
4194304;60903;0;34436355;99664561;0;0;0;0;0;128475;8510652;0.972
1048576;56363;0;16489812;46452130;0;0;0;0;0;107364;4662341;0.370
4194304;57376;0;54117694;153342995;0;0;0;0;0;309474;14824819;1.306
1048576;26910;0;14605091;41302309;0;0;0;0;0;89691;4053938;0.321
4194304;103824;0;38944833;111788262;0;0;0;0;0;167529;9858603;1.057
1048576;7600;0;7809702;22751425;0;0;0;0;0;26832;1864598;0.214
1048576;26103;0;12974151;36804229;0;0;0;0;0;74031;3503441;0.309
1048576;2322;0;5967355;17717244;0;0;0;0;0;9670;1268899;0.195
1048576;5152;0;8330403;24174568;0;0;0;0;0;34098;2030506;0.235
1048576;7701;0;9619034;27690539;0;0;0;0;0;43890;2447858;0.251
1048576;37200;0;38282889;105915868;0;0;0;0;0;308247;11671517;0.721
4194304;29925;0;26861064;79007477;0;0;0;0;0;58859;6080507;0.861
4194304;80775;0;36914741;106349279;0;0;0;0;0;151205;9264907;1.045
4194304;13832;0;24036108;71265484;0;0;0;0;0;32068;5155414;0.824
4194304;77973;0;47653130;135642942;0;0;0;0;0;248991;12711878;1.220
1048576;43935;0;13082691;37147541;0;0;0;0;0;75463;3564175;0.330
1048576;23892;0;10497312;30038575;0;0;0;0;0;52140;2704346;0.266
1048576;48465;0;6164508;18266549;0;0;0;0;0;11907;1334728;0.190
1048576;298410;0;14827165;41912283;0;0;0;0;0;92609;4125875;0.368
262144;145;0;1594302;4725355;0;0;0;0;0;4734;343695;0.072
4194304;73280;0;58253465;164646480;0;0;0;0;0;347659;16165882;1.378
262144;24192;0;3967175;11203471;0;0;0;0;0;27122;1107452;0.110
262144;2254;0;3170630;9028156;0;0;0;0;0;19722;851301;0.097
1048576;2730;0;6292217;18611845;0;0;0;0;0;13184;1375714;0.232
1048576;85698;0;27185589;75638735;0;0;0;0;0;205784;8105067;0.596
1048576;107156;0;100552538;275929224;0;0;0;0;0;884136;31751305;1.808
1048576;4004;0;9600491;27637851;0;0;0;0;0;44058;2441519;0.256
1048576;38080;0;34533765;95703679;0;0;0;0;0;274051;10475127;0.679
262144;25760;0;2612442;7506241;0;0;0;0;0;14639;671067;0.098
4194304;640374;0;320123299;879589913;0;0;0;0;0;2767495;100592019;5.682
4194304;72336;0;47790956;136125056;0;0;0;0;0;253495;12817959;1.240
1048576;50312;0;30129759;83669643;0;0;0;0;0;233052;9050519;0.588
1048576;152760;0;15117586;42697707;0;0;0;0;0;94351;4217109;0.356
4194304;74299;0;54137017;153413640;0;0;0;0;0;309639;14842150;1.376
4194304;74528;0;60715640;171368136;0;0;0;0;0;371097;16959810;1.422
262144;535;0;1797535;5281327;0;0;0;0;0;7822;408478;0.074
262144;27342;0;4367562;12299293;0;0;0;0;0;31061;1236777;0.114
1048576;98120;0;7581610;22132811;0;0;0;0;0;25115;1790281;0.224
4194304;57838;0;30173252;88044538;0;0;0;0;0;89101;7146536;0.943
1048576;74259;0;12010943;34219181;0;0;0;0;0;65817;3216280;0.284
1048576;4450;0;7040899;20640136;0;0;0;0;0;20750;1611979;0.202
4194304;10340;0;25073823;74123530;0;0;0;0;0;42726;5503977;0.825
262144;13860;0;3864338;10920257;0;0;0;0;0;26136;1073116;0.134
4194304;12213;0;23251847;69122315;0;0;0;0;0;26050;4903251;0.820
1048576;176085;0;51439307;141550357;0;0;0;0;0;423746;15747079;0.932
4194304;65800;0;52120658;147959592;0;0;0;0;0;293552;14220371;1.303
4194304;1672260;0;154445016;427296425;0;0;0;0;0;1237181;47196249;3.076
262144;1053;0;1964851;5737561;0;0;0;0;0;10725;460606;0.076
262144;5328;0;2601132;7477718;0;0;0;0;0;14861;667578;0.191
4194304;76992;0;51293192;145584585;0;0;0;0;0;282513;13886687;1.335
4194304;16512;0;26253105;77315916;0;0;0;0;0;52536;5868787;0.918
4194304;144704;0;43050843;123183604;0;0;0;0;0;207872;11288425;1.106
1048576;5344;0;6106770;18107797;0;0;0;0;0;11205;1316236;0.230
1048576;88536;0;8475106;24570409;0;0;0;0;0;33157;2078546;0.251
262144;47430;0;3610327;10228377;0;0;0;0;0;23844;991801;0.117
262144;4118;0;4171212;11759689;0;0;0;0;0;28720;1173972;0.116
4194304;230056;0;61999502;174490611;0;0;0;0;0;375140;17150639;1.424
4194304;19188;0;24983990;73837615;0;0;0;0;0;41796;5453607;0.856
1048576;7160;0;7102186;20820788;0;0;0;0;0;20785;1636326;0.208
4194304;16830;0;35671161;103055637;0;0;0;0;0;140089;8919510;1.029
1048576;66300;0;67489162;185636205;0;0;0;0;0;577869;21077808;1.207
262144;7385;0;3625859;10270165;0;0;0;0;0;23893;997211;0.107
1048576;155555;0;97634398;267969418;0;0;0;0;0;856608;30816073;1.702
1048576;9717;0;5862961;17439000;0;0;0;0;0;8654;1237532;0.198
1048576;217686;0;10034446;28823021;0;0;0;0;0;47497;2579010;0.281
4194304;1051578;0;158322865;437858388;0;0;0;0;0;1272237;48432682;3.024
4194304;246594;0;96795315;269513158;0;0;0;0;0;695552;28380745;2.011
262144;473;0;1674406;4946376;0;0;0;0;0;6624;368093;0.079
1048576;10350;0;7357711;21517619;0;0;0;0;0;22534;1718421;0.244
4194304;181158;0;94462487;263398819;0;0;0;0;0;680039;27779024;2.101
4194304;985985;0;328014825;900896331;0;0;0;0;0;2834338;102997780;5.806
4194304;145080;0;88581976;247324728;0;0;0;0;0;625283;25871679;1.881
262144;33264;0;4981596;13977171;0;0;0;0;0;36906;1434703;0.125
1048576;54995;0;21169972;59222313;0;0;0;0;0;150185;6170004;0.435
4194304;909216;0;93464838;260796243;0;0;0;0;0;673336;27528005;1.971
1048576;1944;0;5530585;16530275;0;0;0;0;0;5266;1130557;0.213
262144;2920;0;3216825;9156073;0;0;0;0;0;20148;866390;0.304
1048576;30624;0;10422812;29884295;0;0;0;0;0;50941;2705856;0.320
4194304;12312;0;25311243;74766248;0;0;0;0;0;44514;5577767;0.960
4194304;12425;0;24403561;72267733;0;0;0;0;0;36616;5274981;0.882
4194304;405275;0;250929990;690345325;0;0;0;0;0;2119794;78087273;4.641
4194304;31702;0;30518841;88978494;0;0;0;0;0;92186;7253011;0.965
262144;44254;0;3504097;9940612;0;0;0;0;0;22768;958938;0.105
1048576;3388;0;7237252;21187955;0;0;0;0;0;21387;1679925;0.209
4194304;200502;0;56291098;159248310;0;0;0;0;0;329279;15509079;1.401
262144;3052;0;1933834;5652947;0;0;0;0;0;8174;452472;0.075
262144;2470;0;1802544;5297506;0;0;0;0;0;7181;410434;0.076
262144;14140;0;1545916;4597371;0;0;0;0;0;4911;327613;0.072
4194304;191250;0;72544561;203386551;0;0;0;0;0;473722;20610819;1.585
262144;15323;0;2729312;7825715;0;0;0;0;0;15622;709183;0.123
1048576;1180;0;5728158;17071131;0;0;0;0;0;7874;1193957;0.181
1048576;20886;0;23909573;66701654;0;0;0;0;0;175584;7052992;0.476
1048576;19162;0;12722056;36149104;0;0;0;0;0;71980;3441079;0.287
1048576;26901;0;11143679;31849150;0;0;0;0;0;57389;2937704;0.271
1048576;6370;0;7547380;22036959;0;0;0;0;0;24106;1780823;0.219
1048576;4807;0;7603261;22183134;0;0;0;0;0;24896;1796034;0.249
4194304;42552;0;32269554;93690643;0;0;0;0;0;107306;7780069;0.985
262144;15222;0;5086838;14260074;0;0;0;0;0;37303;1468923;0.129
1048576;59007;0;13460182;38172480;0;0;0;0;0;79029;3682884;0.304
4194304;1717134;0;112037048;311430534;0;0;0;0;0;843384;33474042;2.293
1048576;113176;0;23537764;65688980;0;0;0;0;0;172319;6932824;0.511
1048576;229400;0;80109280;220106751;0;0;0;0;0;694492;25155858;1.417
1048576;61910;0;25433329;70847602;0;0;0;0;0;189510;7536035;0.500
4194304;114147;0;45179465;128914988;0;0;0;0;0;227193;11929539;1.545
4194304;29380;0;30799386;89731325;0;0;0;0;0;94999;7336500;0.988
262144;14008;0;4067387;11478407;0;0;0;0;0;27966;1140389;0.117
4194304;48480;0;51770384;146949770;0;0;0;0;0;287760;14077367;1.259
4194304;392311;0;192850903;532150454;0;0;0;0;0;1592078;59578095;3.598
1048576;9877;0;11483978;32784197;0;0;0;0;0;60916;3048964;0.271
1048576;259896;0;28918380;80373922;0;0;0;0;0;221941;8665308;0.560
1048576;60342;0;25180422;70174816;0;0;0;0;0;187357;7463978;0.501
262144;594;0;1783222;5242269;0;0;0;0;0;6669;404421;0.075
1048576;58240;0;10845929;31040125;0;0;0;0;0;54626;2843206;0.306
1048576;44408;0;16201460;45658557;0;0;0;0;0;104239;4568514;0.351
262144;2457;0;3042397;8678544;0;0;0;0;0;18313;809666;0.096
1048576;38908;0;29321719;81433156;0;0;0;0;0;225192;8772325;0.564
4194304;87108;0;123907358;343919627;0;0;0;0;0;955258;37348773;2.462
1048576;5550;0;7820523;22780474;0;0;0;0;0;26821;1867940;0.217
262144;924;0;2302552;6657980;0;0;0;0;0;11419;571608;0.083
4194304;432960;0;287801467;791278857;0;0;0;0;0;2467650;90131604;5.145
4194304;2032;0;22083180;65961601;0;0;0;0;0;14819;4540432;0.785
4194304;73440;0;42125631;120665944;0;0;0;0;0;199749;10994737;1.120
1048576;39200;0;16174317;45520438;0;0;0;0;0;103334;4523518;0.356
4194304;380250;0;106871979;297342139;0;0;0;0;0;796259;31816164;2.153
1048576;469310;0;179071439;490245135;0;0;0;0;0;1607995;57037456;3.016
4194304;786310;0;221759557;610884751;0;0;0;0;0;1854350;68789473;4.044
1048576;26520;0;29118899;80925752;0;0;0;0;0;224171;8732208;0.862
4194304;170632;0;196209189;541319262;0;0;0;0;0;1623524;60662733;3.823
262144;9728;0;4034847;11386627;0;0;0;0;0;28812;1127857;0.148
4194304;14608;0;34754088;100547968;0;0;0;0;0;131685;8622487;1.050
4194304;373746;0;126657321;351416706;0;0;0;0;0;980081;38229821;2.536
1048576;13800;0;8803186;25438565;0;0;0;0;0;35683;2171041;0.232
4194304;17700;0;32900623;95472408;0;0;0;0;0;114298;8016447;0.980
1048576;153000;0;15389870;43445830;0;0;0;0;0;96728;4308094;0.346
4194304;861735;0;83738324;234258251;0;0;0;0;0;583861;24401236;1.825
1048576;1720;0;6428886;18981058;0;0;0;0;0;13972;1419609;0.199
1048576;44096;0;50754959;139969782;0;0;0;0;0;423595;15694600;0.946
4194304;24420;0;39377401;113168642;0;0;0;0;0;174342;10112519;1.076
4194304;4730;0;27120614;79712882;0;0;0;0;0;60712;6164644;0.850
262144;5587;0;3156977;8991600;0;0;0;0;0;19477;846766;0.097
4194304;643489;0;98247639;273870938;0;0;0;0;0;717996;29080155;2.046
4194304;4325;0;26192186;77177606;0;0;0;0;0;52301;5865016;0.845
262144;5704;0;3434012;9748184;0;0;0;0;0;22088;936067;0.100
4194304;800;0;21683687;64867250;0;0;0;0;0;10841;4411341;0.789
4194304;2760;0;22294109;66528105;0;0;0;0;0;16995;4605597;0.781
262144;143541;0;4141838;11682753;0;0;0;0;0;29050;1163381;0.114
4194304;134848;0;88285909;246513272;0;0;0;0;0;622563;25774081;1.847
1048576;99425;0;45836266;126546815;0;0;0;0;0;378316;14111997;0.904
1048576;84;0;5396810;16166205;0;0;0;0;0;4755;1087241;0.176
262144;3069;0;2879451;8232927;0;0;0;0;0;16878;757057;0.093
1048576;10368;0;5938636;17646975;0;0;0;0;0;9697;1261973;0.183
1048576;37949;0;5386798;16137461;0;0;0;0;0;4129;1082079;0.247
262144;49995;0;6051017;16892680;0;0;0;0;0;46555;1778547;0.160
4194304;12546;0;29050375;84977144;0;0;0;0;0;79666;6785405;0.957
1048576;704;0;6315792;18674424;0;0;0;0;0;12634;1384079;0.191
1048576;36057;0;12731770;36186135;0;0;0;0;0;72355;3448846;0.300
4194304;3724;0;25645389;75684879;0;0;0;0;0;47045;5688880;0.871
4194304;486101;0;56776835;160669801;0;0;0;0;0;335175;15719742;1.397
262144;936;0;1668444;4930750;0;0;0;0;0;5867;367261;0.074
4194304;3984;0;22425739;66885249;0;0;0;0;0;18104;4646651;0.824
1048576;203500;0;12471680;35469109;0;0;0;0;0;69877;3361242;0.292
1048576;2065;0;6003832;17817001;0;0;0;0;0;10080;1280836;0.185
4194304;23780;0;51402676;146000949;0;0;0;0;0;285553;13990231;1.249
1048576;122120;0;11511362;32859832;0;0;0;0;0;61104;3058090;0.283
1048576;33853;0;16212527;45648716;0;0;0;0;0;104141;4549575;0.467
4194304;138484;0;62232928;175564401;0;0;0;0;0;385280;17478950;1.465
1048576;32472;0;8371907;24287673;0;0;0;0;0;32084;2045610;0.227
4194304;360060;0;111473166;309462473;0;0;0;0;0;828206;33041541;2.261
1048576;2622;0;7267839;21275268;0;0;0;0;0;21895;1690441;0.236
1048576;1632;0;6080648;18033358;0;0;0;0;0;10646;1307972;0.222
4194304;281652;0;148064227;409872336;0;0;0;0;0;1178168;45137264;2.873
4194304;132468;0;85194381;238214446;0;0;0;0;0;596825;24861021;1.822
1048576;10000;0;13107877;37216473;0;0;0;0;0;75866;3573369;0.303
1048576;8557;0;7623890;22237037;0;0;0;0;0;24923;1801220;0.211
1048576;439470;0;22930719;64036327;0;0;0;0;0;167048;6738068;0.468
1048576;95700;0;48126073;132762438;0;0;0;0;0;398551;14829623;0.884
4194304;561498;0;298891338;821263913;0;0;0;0;0;2562572;93536945;5.420
4194304;5580;0;23662725;70271373;0;0;0;0;0;29968;5048972;0.927
262144;6171;0;2022613;5895488;0;0;0;0;0;9259;481235;0.096
262144;2384;0;2301976;6658152;0;0;0;0;0;11794;571301;0.084
262144;5805;0;2706277;7763782;0;0;0;0;0;16053;701302;0.089
1048576;7436;0;9267075;26729761;0;0;0;0;0;40297;2333761;0.238
262144;3276;0;1960854;5727175;0;0;0;0;0;8585;461426;0.078
1048576;177905;0;8943277;25852458;0;0;0;0;0;37788;2230099;0.266
1048576;26901;0;11974520;34114238;0;0;0;0;0;65373;3202566;0.278
262144;15070;0;3522692;9990801;0;0;0;0;0;23053;964269;0.101
262144;38205;0;6204260;17308600;0;0;0;0;0;47771;1827651;0.145
1048576;53760;0;12217548;34783005;0;0;0;0;0;67484;3283905;0.285
4194304;18394;0;29350419;85796423;0;0;0;0;0;82534;6882027;0.918
262144;2795;0;1585051;4701943;0;0;0;0;0;4951;340428;0.069
262144;6214;0;3056672;8717150;0;0;0;0;0;18357;814834;0.095
262144;1470;0;1723915;5079550;0;0;0;0;0;5989;385414;0.169
4194304;255706;0;141501581;391658410;0;0;0;0;0;1110809;42847792;2.717
4194304;606288;0;106164877;295345741;0;0;0;0;0;788028;31550499;2.150
1048576;9077;0;7803960;22741778;0;0;0;0;0;27255;1862979;0.225
262144;413;0;1783003;5241632;0;0;0;0;0;6738;404293;0.074
1048576;3751;0;7880713;22942974;0;0;0;0;0;27362;1886395;0.218
1048576;219450;0;43951085;121397240;0;0;0;0;0;360642;13502260;0.910
1048576;7119;0;10097049;28989766;0;0;0;0;0;47791;2598829;0.254
1048576;2440;0;6635517;19545637;0;0;0;0;0;16353;1486219;0.216
1048576;2720;0;6121847;18137759;0;0;0;0;0;11236;1318175;0.189
262144;6771;0;3021306;8622737;0;0;0;0;0;18383;803132;0.092
1048576;10500;0;8311590;24122491;0;0;0;0;0;31395;2026351;0.220
262144;2670;0;2159332;6270587;0;0;0;0;0;10501;525354;0.199
1048576;165584;0;84185338;231137456;0;0;0;0;0;730242;26413505;1.486
4194304;69615;0;63577097;179167394;0;0;0;0;0;397006;17874211;1.492
4194304;674344;0;222801219;613694050;0;0;0;0;0;1864008;69104673;4.047
4194304;251286;0;165327847;456754826;0;0;0;0;0;1332061;50557497;3.175
4194304;36036;0;27634911;81052207;0;0;0;0;0;65044;6294050;0.891
4194304;48672;0;33679509;97528488;0;0;0;0;0;120655;8227607;0.989
1048576;16368;0;5837605;17372870;0;0;0;0;0;8668;1229575;0.197
4194304;117120;0;105449313;293515975;0;0;0;0;0;784379;31392676;2.145
4194304;52564;0;24135832;71563334;0;0;0;0;0;33043;5201943;0.828
1048576;8165;0;8986840;25966557;0;0;0;0;0;37645;2244307;0.235
4194304;222656;0;135378449;375091596;0;0;0;0;0;1057883;40961986;2.656
262144;39770;0;3203693;9118742;0;0;0;0;0;20016;860939;0.109
262144;14630;0;3664438;10375810;0;0;0;0;0;24268;1009631;0.104
1048576;110880;0;46951044;129607552;0;0;0;0;0;388694;14479778;0.870
262144;16434;0;5290527;14817930;0;0;0;0;0;39548;1534130;0.136
1048576;62122;0;14087575;39887074;0;0;0;0;0;84849;3885472;0.375
262144;41985;0;4901311;13750913;0;0;0;0;0;35682;1407383;0.126
1048576;120176;0;25044153;69787933;0;0;0;0;0;186096;7411415;0.503
1048576;1512;0;6500942;19177510;0;0;0;0;0;14435;1442665;0.209
1048576;39390;0;14812857;41871169;0;0;0;0;0;91532;4121921;0.333
262144;110;0;1498237;4463838;0;0;0;0;0;3887;312664;0.071
4194304;11060;0;25640146;75658454;0;0;0;0;0;47030;5680470;0.816
262144;8928;0;2881802;8240048;0;0;0;0;0;16933;757815;0.093
4194304;70848;0;47013249;133960646;0;0;0;0;0;243889;12542979;1.194
4194304;338960;0;76634497;214862868;0;0;0;0;0;518298;22111307;1.684
1048576;768;0;6341549;18747018;0;0;0;0;0;15704;1390445;0.197
4194304;20672;0;25092673;74135273;0;0;0;0;0;41850;5487871;0.796
4194304;77770;0;37879032;108936031;0;0;0;0;0;158733;9548561;1.420
1048576;265356;0;6032613;17906435;0;0;0;0;0;10805;1291790;0.293
4194304;11253;0;26568978;78195908;0;0;0;0;0;55590;5980764;0.910
4194304;3762;0;22433844;66918637;0;0;0;0;0;17289;4653950;0.831
4194304;16115;0;24431221;72358370;0;0;0;0;0;35951;5290588;0.801
4194304;21204;0;46701506;133164559;0;0;0;0;0;242207;12473725;1.207
4194304;13608;0;23479982;69772351;0;0;0;0;0;26929;4990334;0.853
4194304;42550;0;28242836;82688966;0;0;0;0;0;70901;6477376;0.906
4194304;13407;0;24346394;72114283;0;0;0;0;0;34934;5256355;0.802
4194304;729100;0;323389989;887760974;0;0;0;0;0;2778571;101206156;5.738
1048576;33212;0;20942385;58603744;0;0;0;0;0;148078;6098240;0.425
1048576;248;0;5755493;17145000;0;0;0;0;0;7424;1203553;0.184
4194304;367464;0;131055078;363431738;0;0;0;0;0;1020830;39652493;2.594
1048576;1351;0;5696920;16986231;0;0;0;0;0;7054;1184367;0.179
1048576;1440;0;6161060;18251467;0;0;0;0;0;13227;1331655;0.189
262144;3663;0;2380852;6874162;0;0;0;0;0;12303;596903;0.084
262144;6784;0;4341975;12227130;0;0;0;0;0;30559;1228599;0.116
1048576;5611;0;6623590;19503366;0;0;0;0;0;15766;1477492;0.222
1048576;5846;0;5368829;16091343;0;0;0;0;0;3927;1078627;0.208
1048576;77238;0;22590905;63046770;0;0;0;0;0;162890;6596488;0.466
1048576;13048;0;10020721;28776602;0;0;0;0;0;47201;2571381;0.246
4194304;216778;0;161097836;445370894;0;0;0;0;0;1297106;49290852;3.098
1048576;3960;0;6201692;18364257;0;0;0;0;0;11824;1346791;0.224
1048576;9295;0;6788322;19966839;0;0;0;0;0;17394;1535883;0.232
4194304;142870;0;196792356;542894972;0;0;0;0;0;1628622;60840247;3.652
1048576;143369;0;8697906;25179772;0;0;0;0;0;35284;2150587;0.261
4194304;47709;0;73326715;205837592;0;0;0;0;0;488854;21047013;1.649
1048576;936;0;5424262;16243620;0;0;0;0;0;4564;1096536;0.178
1048576;23010;0;14161788;40078835;0;0;0;0;0;85461;3904386;0.332
4194304;35774;0;21239228;63659568;0;0;0;0;0;6272;4269096;0.769
1048576;4324;0;7911717;23025127;0;0;0;0;0;27555;1895196;0.253
4194304;110366;0;67830932;190810426;0;0;0;0;0;436805;19262494;1.590
4194304;491249;0;519941609;1424951214;0;0;0;0;0;4609993;164912116;8.995
4194304;324;0;21601995;64648139;0;0;0;0;0;9539;4386317;0.804
1048576;40788;0;15763753;44452174;0;0;0;0;0;100154;4420811;0.377
4194304;497026;0;111661061;309672415;0;0;0;0;0;822352;32924033;2.204
1048576;92622;0;50150555;138271464;0;0;0;0;0;416719;15472454;0.924
1048576;4466;0;9436482;27191241;0;0;0;0;0;43113;2387105;0.250
1048576;147510;0;28230048;78494987;0;0;0;0;0;215687;8443246;0.599
1048576;61748;0;5394973;16166337;0;0;0;0;0;4708;1086660;0.211
262144;684;0;1670659;4934601;0;0;0;0;0;5540;368182;0.097
4194304;249630;0;90078413;251557105;0;0;0;0;0;642402;26440081;1.923
4194304;96868;0;66890552;188280711;0;0;0;0;0;428748;18979937;1.546
4194304;471975;0;32146719;93421227;0;0;0;0;0;107348;7776128;0.948
1048576;91052;0;73612753;202364014;0;0;0;0;0;634791;23057023;1.315
4194304;357006;0;283341602;779133427;0;0;0;0;0;2427047;88712979;5.135
4194304;84216;0;124523327;345609406;0;0;0;0;0;961561;37551917;2.510
1048576;2268;0;8095259;23534895;0;0;0;0;0;32315;1955875;0.221
1048576;108632;0;26615198;74091073;0;0;0;0;0;200796;7924968;0.533
262144;5883;0;1990015;5809007;0;0;0;0;0;8876;470894;0.076
4194304;86156;0;38062014;109565304;0;0;0;0;0;161957;9681259;1.040
4194304;59891;0;45752095;130517365;0;0;0;0;0;232156;12135979;1.152
1048576;1057;0;6566050;19359787;0;0;0;0;0;17820;1462806;0.227
1048576;4465;0;6957595;20426536;0;0;0;0;0;20902;1588001;0.201
262144;902;0;1950252;5696424;0;0;0;0;0;8779;457304;0.081
262144;14148;0;3076848;8772763;0;0;0;0;0;18877;820328;0.119
1048576;3600;0;6874368;20196848;0;0;0;0;0;18019;1562658;0.199
