4194304;34727;0;0;0;0;0;0;0;0;0;0;0.987
1048576;54528;0;0;0;0;0;0;0;0;0;0;0.166
1048576;22770;0;0;0;0;0;0;0;0;0;0;0.161
262144;65772;0;0;0;0;0;0;0;0;0;0;0.071
4194304;200340;0;0;0;0;0;0;0;0;0;0;1.825
4194304;2126271;0;0;0;0;0;0;0;0;0;0;2.238
262144;51745;0;0;0;0;0;0;0;0;0;0;0.067
1048576;2948;0;0;0;0;0;0;0;0;0;0;0.152
262144;2695;0;0;0;0;0;0;0;0;0;0;0.063
4194304;1368165;0;0;0;0;0;0;0;0;0;0;0.839
262144;270;0;0;0;0;0;0;0;0;0;0;0.054
4194304;465708;0;0;0;0;0;0;0;0;0;0;2.961
1048576;2952;0;0;0;0;0;0;0;0;0;0;0.151
1048576;244326;0;0;0;0;0;0;0;0;0;0;0.281
4194304;751450;0;0;0;0;0;0;0;0;0;0;1.494
262144;4305;0;0;0;0;0;0;0;0;0;0;0.069
4194304;4858;0;0;0;0;0;0;0;0;0;0;0.686
1048576;162514;0;0;0;0;0;0;0;0;0;0;0.408
4194304;81396;0;0;0;0;0;0;0;0;0;0;1.290
262144;12474;0;0;0;0;0;0;0;0;0;0;0.061
262144;4664;0;0;0;0;0;0;0;0;0;0;0.055
262144;1056;0;0;0;0;0;0;0;0;0;0;0.064
1048576;10229;0;0;0;0;0;0;0;0;0;0;0.136
1048576;139260;0;0;0;0;0;0;0;0;0;0;0.164
1048576;300;0;0;0;0;0;0;0;0;0;0;0.147
1048576;23895;0;0;0;0;0;0;0;0;0;0;0.179
1048576;20882;0;0;0;0;0;0;0;0;0;0;0.190
4194304;2820;0;0;0;0;0;0;0;0;0;0;0.626
262144;2288;0;0;0;0;0;0;0;0;0;0;0.060
1048576;50298;0;0;0;0;0;0;0;0;0;0;0.138
1048576;44200;0;0;0;0;0;0;0;0;0;0;0.185
4194304;94875;0;0;0;0;0;0;0;0;0;0;0.941
1048576;10660;0;0;0;0;0;0;0;0;0;0;0.248
4194304;196350;0;0;0;0;0;0;0;0;0;0;2.248
1048576;171626;0;0;0;0;0;0;0;0;0;0;0.485
262144;49268;0;0;0;0;0;0;0;0;0;0;0.090
262144;1850;0;0;0;0;0;0;0;0;0;0;0.073
1048576;165264;0;0;0;0;0;0;0;0;0;0;0.176
4194304;1333332;0;0;0;0;0;0;0;0;0;0;6.655
4194304;48120;0;0;0;0;0;0;0;0;0;0;0.993
4194304;28899;0;0;0;0;0;0;0;0;0;0;3.825
4194304;234;0;0;0;0;0;0;0;0;0;0;0.562
1048576;84048;0;0;0;0;0;0;0;0;0;0;0.210
4194304;33900;0;0;0;0;0;0;0;0;0;0;0.686
4194304;162918;0;0;0;0;0;0;0;0;0;0;1.157
262144;72086;0;0;0;0;0;0;0;0;0;0;0.079
4194304;466146;0;0;0;0;0;0;0;0;0;0;0.877
4194304;80580;0;0;0;0;0;0;0;0;0;0;1.009
262144;1984;0;0;0;0;0;0;0;0;0;0;0.065
1048576;158630;0;0;0;0;0;0;0;0;0;0;0.303
4194304;197190;0;0;0;0;0;0;0;0;0;0;1.795
4194304;67799;0;0;0;0;0;0;0;0;0;0;1.020
262144;13559;0;0;0;0;0;0;0;0;0;0;0.073
4194304;128719;0;0;0;0;0;0;0;0;0;0;1.651
1048576;13754;0;0;0;0;0;0;0;0;0;0;0.182
4194304;14336;0;0;0;0;0;0;0;0;0;0;0.725
262144;8613;0;0;0;0;0;0;0;0;0;0;0.080
4194304;791040;0;0;0;0;0;0;0;0;0;0;6.823
4194304;46109;0;0;0;0;0;0;0;0;0;0;0.670
1048576;58312;0;0;0;0;0;0;0;0;0;0;0.207
1048576;97566;0;0;0;0;0;0;0;0;0;0;0.211
4194304;973934;0;0;0;0;0;0;0;0;0;0;1.907
4194304;111672;0;0;0;0;0;0;0;0;0;0;1.589
262144;2146;0;0;0;0;0;0;0;0;0;0;0.087
1048576;92231;0;0;0;0;0;0;0;0;0;0;0.342
1048576;5590;0;0;0;0;0;0;0;0;0;0;0.142
1048576;148428;0;0;0;0;0;0;0;0;0;0;0.151
1048576;22848;0;0;0;0;0;0;0;0;0;0;0.209
4194304;144012;0;0;0;0;0;0;0;0;0;0;1.659
4194304;9576;0;0;0;0;0;0;0;0;0;0;0.681
1048576;337038;0;0;0;0;0;0;0;0;0;0;0.518
262144;156;0;0;0;0;0;0;0;0;0;0;0.054
4194304;76014;0;0;0;0;0;0;0;0;0;0;1.196
1048576;1024;0;0;0;0;0;0;0;0;0;0;0.165
4194304;46150;0;0;0;0;0;0;0;0;0;0;0.780
1048576;16317;0;0;0;0;0;0;0;0;0;0;0.150
1048576;14105;0;0;0;0;0;0;0;0;0;0;0.149
1048576;12218;0;0;0;0;0;0;0;0;0;0;0.160
4194304;134608;0;0;0;0;0;0;0;0;0;0;1.322
4194304;2952;0;0;0;0;0;0;0;0;0;0;0.622
1048576;287040;0;0;0;0;0;0;0;0;0;0;0.181
4194304;784771;0;0;0;0;0;0;0;0;0;0;1.151
4194304;151158;0;0;0;0;0;0;0;0;0;0;3.040
4194304;654900;0;0;0;0;0;0;0;0;0;0;2.799
1048576;232670;0;0;0;0;0;0;0;0;0;0;0.203
4194304;713151;0;0;0;0;0;0;0;0;0;0;4.098
1048576;744;0;0;0;0;0;0;0;0;0;0;0.164
4194304;540;0;0;0;0;0;0;0;0;0;0;0.610
1048576;21;0;0;0;0;0;0;0;0;0;0;0.143
262144;25520;0;0;0;0;0;0;0;0;0;0;0.063
4194304;212976;0;0;0;0;0;0;0;0;0;0;1.390
4194304;177012;0;0;0;0;0;0;0;0;0;0;1.652
1048576;10368;0;0;0;0;0;0;0;0;0;0;0.181
1048576;233814;0;0;0;0;0;0;0;0;0;0;0.160
1048576;405;0;0;0;0;0;0;0;0;0;0;0.131
4194304;347506;0;0;0;0;0;0;0;0;0;0;1.547
4194304;168435;0;0;0;0;0;0;0;0;0;0;2.031
4194304;91434;0;0;0;0;0;0;0;0;0;0;1.245
262144;5795;0;0;0;0;0;0;0;0;0;0;0.073
262144;14;0;0;0;0;0;0;0;0;0;0;0.062
1048576;147402;0;0;0;0;0;0;0;0;0;0;0.289
4194304;182213;0;0;0;0;0;0;0;0;0;0;1.359
1048576;3403;0;0;0;0;0;0;0;0;0;0;0.157
4194304;18180;0;0;0;0;0;0;0;0;0;0;0.620
262144;53088;0;0;0;0;0;0;0;0;0;0;0.098
4194304;35670;0;0;0;0;0;0;0;0;0;0;0.743
262144;17278;0;0;0;0;0;0;0;0;0;0;0.074
1048576;65142;0;0;0;0;0;0;0;0;0;0;0.147
4194304;50240;0;0;0;0;0;0;0;0;0;0;0.694
4194304;254248;0;0;0;0;0;0;0;0;0;0;2.663
262144;15478;0;0;0;0;0;0;0;0;0;0;0.074
4194304;231716;0;0;0;0;0;0;0;0;0;0;1.025
4194304;19210;0;0;0;0;0;0;0;0;0;0;0.735
262144;45150;0;0;0;0;0;0;0;0;0;0;0.070
1048576;46252;0;0;0;0;0;0;0;0;0;0;0.322
1048576;215788;0;0;0;0;0;0;0;0;0;0;0.297
262144;30672;0;0;0;0;0;0;0;0;0;0;0.065
262144;7497;0;0;0;0;0;0;0;0;0;0;0.057
4194304;262640;0;0;0;0;0;0;0;0;0;0;1.812
4194304;104648;0;0;0;0;0;0;0;0;0;0;1.104
4194304;49880;0;0;0;0;0;0;0;0;0;0;0.702
1048576;1856;0;0;0;0;0;0;0;0;0;0;0.171
4194304;591360;0;0;0;0;0;0;0;0;0;0;0.802
4194304;14155;0;0;0;0;0;0;0;0;0;0;0.684
4194304;1006998;0;0;0;0;0;0;0;0;0;0;1.996
4194304;3572;0;0;0;0;0;0;0;0;0;0;0.685
1048576;43774;0;0;0;0;0;0;0;0;0;0;0.179
4194304;397664;0;0;0;0;0;0;0;0;0;0;1.035
4194304;561374;0;0;0;0;0;0;0;0;0;0;3.802
1048576;127758;0;0;0;0;0;0;0;0;0;0;0.346
4194304;1355508;0;0;0;0;0;0;0;0;0;0;1.355
4194304;46879;0;0;0;0;0;0;0;0;0;0;0.859
4194304;841412;0;0;0;0;0;0;0;0;0;0;6.341
1048576;31360;0;0;0;0;0;0;0;0;0;0;0.399
262144;2821;0;0;0;0;0;0;0;0;0;0;0.072
1048576;136192;0;0;0;0;0;0;0;0;0;0;0.173
1048576;174069;0;0;0;0;0;0;0;0;0;0;0.195
1048576;83353;0;0;0;0;0;0;0;0;0;0;0.214
1048576;53746;0;0;0;0;0;0;0;0;0;0;0.269
4194304;337340;0;0;0;0;0;0;0;0;0;0;2.342
1048576;4500;0;0;0;0;0;0;0;0;0;0;0.151
1048576;188381;0;0;0;0;0;0;0;0;0;0;0.291
1048576;120150;0;0;0;0;0;0;0;0;0;0;0.169
4194304;596310;0;0;0;0;0;0;0;0;0;0;3.517
4194304;19089;0;0;0;0;0;0;0;0;0;0;0.725
4194304;30992;0;0;0;0;0;0;0;0;0;0;0.784
4194304;70928;0;0;0;0;0;0;0;0;0;0;0.747
4194304;78076;0;0;0;0;0;0;0;0;0;0;0.744
4194304;676086;0;0;0;0;0;0;0;0;0;0;1.474
4194304;308125;0;0;0;0;0;0;0;0;0;0;0.896
1048576;15328;0;0;0;0;0;0;0;0;0;0;0.227
4194304;335820;0;0;0;0;0;0;0;0;0;0;2.984
1048576;65790;0;0;0;0;0;0;0;0;0;0;0.662
4194304;121932;0;0;0;0;0;0;0;0;0;0;0.711
262144;105903;0;0;0;0;0;0;0;0;0;0;0.064
4194304;34692;0;0;0;0;0;0;0;0;0;0;0.838
4194304;29145;0;0;0;0;0;0;0;0;0;0;0.791
1048576;60499;0;0;0;0;0;0;0;0;0;0;0.414
1048576;16488;0;0;0;0;0;0;0;0;0;0;0.141
4194304;9690;0;0;0;0;0;0;0;0;0;0;0.692
1048576;99125;0;0;0;0;0;0;0;0;0;0;0.204
1048576;2916;0;0;0;0;0;0;0;0;0;0;0.148
262144;2952;0;0;0;0;0;0;0;0;0;0;0.054
4194304;67200;0;0;0;0;0;0;0;0;0;0;1.112
1048576;5157;0;0;0;0;0;0;0;0;0;0;0.133
1048576;946;0;0;0;0;0;0;0;0;0;0;0.162
4194304;271887;0;0;0;0;0;0;0;0;0;0;1.973
1048576;46332;0;0;0;0;0;0;0;0;0;0;0.148
1048576;70890;0;0;0;0;0;0;0;0;0;0;0.260
1048576;70200;0;0;0;0;0;0;0;0;0;0;0.429
262144;11521;0;0;0;0;0;0;0;0;0;0;0.070
4194304;385;0;0;0;0;0;0;0;0;0;0;0.571
4194304;32508;0;0;0;0;0;0;0;0;0;0;0.700
4194304;348005;0;0;0;0;0;0;0;0;0;0;0.826
262144;12371;0;0;0;0;0;0;0;0;0;0;0.078
4194304;11268;0;0;0;0;0;0;0;0;0;0;0.656
1048576;2412;0;0;0;0;0;0;0;0;0;0;0.122
4194304;120540;0;0;0;0;0;0;0;0;0;0;0.843
1048576;12604;0;0;0;0;0;0;0;0;0;0;0.202
4194304;290690;0;0;0;0;0;0;0;0;0;0;3.023
1048576;63899;0;0;0;0;0;0;0;0;0;0;0.361
1048576;28060;0;0;0;0;0;0;0;0;0;0;0.267
4194304;222384;0;0;0;0;0;0;0;0;0;0;1.686
1048576;18696;0;0;0;0;0;0;0;0;0;0;0.179
1048576;8773;0;0;0;0;0;0;0;0;0;0;0.214
262144;27639;0;0;0;0;0;0;0;0;0;0;0.078
1048576;39375;0;0;0;0;0;0;0;0;0;0;0.454
262144;3608;0;0;0;0;0;0;0;0;0;0;0.069
4194304;93533;0;0;0;0;0;0;0;0;0;0;1.434
4194304;1665;0;0;0;0;0;0;0;0;0;0;0.660
4194304;148200;0;0;0;0;0;0;0;0;0;0;2.701
262144;44304;0;0;0;0;0;0;0;0;0;0;0.078
4194304;128240;0;0;0;0;0;0;0;0;0;0;1.708
4194304;521560;0;0;0;0;0;0;0;0;0;0;3.945
262144;56430;0;0;0;0;0;0;0;0;0;0;0.075
4194304;225080;0;0;0;0;0;0;0;0;0;0;0.909
4194304;119973;0;0;0;0;0;0;0;0;0;0;1.591
4194304;92061;0;0;0;0;0;0;0;0;0;0;1.003
4194304;770875;0;0;0;0;0;0;0;0;0;0;3.548
4194304;1379385;0;0;0;0;0;0;0;0;0;0;0.973
1048576;28750;0;0;0;0;0;0;0;0;0;0;0.204
1048576;115344;0;0;0;0;0;0;0;0;0;0;0.160
4194304;13414;0;0;0;0;0;0;0;0;0;0;0.703
1048576;15525;0;0;0;0;0;0;0;0;0;0;0.244
262144;1728;0;0;0;0;0;0;0;0;0;0;0.070
4194304;350489;0;0;0;0;0;0;0;0;0;0;2.792
1048576;20910;0;0;0;0;0;0;0;0;0;0;0.143
1048576;8118;0;0;0;0;0;0;0;0;0;0;0.220
4194304;600642;0;0;0;0;0;0;0;0;0;0;0.956
4194304;53800;0;0;0;0;0;0;0;0;0;0;1.092
4194304;8040;0;0;0;0;0;0;0;0;0;0;0.938
262144;3146;0;0;0;0;0;0;0;0;0;0;0.106
4194304;211050;0;0;0;0;0;0;0;0;0;0;0.878
4194304;122396;0;0;0;0;0;0;0;0;0;0;1.409
1048576;122763;0;0;0;0;0;0;0;0;0;0;0.162
4194304;6370;0;0;0;0;0;0;0;0;0;0;0.679
1048576;637399;0;0;0;0;0;0;0;0;0;0;0.182
4194304;11674;0;0;0;0;0;0;0;0;0;0;0.629
1048576;17787;0;0;0;0;0;0;0;0;0;0;0.193
262144;27260;0;0;0;0;0;0;0;0;0;0;0.095
1048576;609108;0;0;0;0;0;0;0;0;0;0;0.786
4194304;39738;0;0;0;0;0;0;0;0;0;0;0.843
1048576;352716;0;0;0;0;0;0;0;0;0;0;3.577
4194304;822;0;0;0;0;0;0;0;0;0;0;0.636
262144;3857;0;0;0;0;0;0;0;0;0;0;0.055
4194304;930135;0;0;0;0;0;0;0;0;0;0;4.786
4194304;616968;0;0;0;0;0;0;0;0;0;0;1.766
262144;1032;0;0;0;0;0;0;0;0;0;0;0.057
262144;38056;0;0;0;0;0;0;0;0;0;0;0.075
4194304;250952;0;0;0;0;0;0;0;0;0;0;1.340
4194304;23270;0;0;0;0;0;0;0;0;0;0;0.661
4194304;368767;0;0;0;0;0;0;0;0;0;0;2.842
262144;8959;0;0;0;0;0;0;0;0;0;0;0.068
4194304;167440;0;0;0;0;0;0;0;0;0;0;0.978
1048576;16688;0;0;0;0;0;0;0;0;0;0;0.270
4194304;382058;0;0;0;0;0;0;0;0;0;0;1.058
4194304;63315;0;0;0;0;0;0;0;0;0;0;0.798
4194304;113884;0;0;0;0;0;0;0;0;0;0;1.100
4194304;69850;0;0;0;0;0;0;0;0;0;0;0.899
1048576;467992;0;0;0;0;0;0;0;0;0;0;0.268
1048576;59940;0;0;0;0;0;0;0;0;0;0;0.153
262144;51506;0;0;0;0;0;0;0;0;0;0;0.065
1048576;48597;0;0;0;0;0;0;0;0;0;0;0.371
1048576;36960;0;0;0;0;0;0;0;0;0;0;0.272
1048576;48165;0;0;0;0;0;0;0;0;0;0;0.508
4194304;848190;0;0;0;0;0;0;0;0;0;0;1.322
262144;1834;0;0;0;0;0;0;0;0;0;0;0.061
262144;1280;0;0;0;0;0;0;0;0;0;0;0.064
1048576;84870;0;0;0;0;0;0;0;0;0;0;0.197
4194304;43065;0;0;0;0;0;0;0;0;0;0;2.957
262144;1504;0;0;0;0;0;0;0;0;0;0;0.066
1048576;374784;0;0;0;0;0;0;0;0;0;0;0.293
4194304;175616;0;0;0;0;0;0;0;0;0;0;1.289
4194304;825174;0;0;0;0;0;0;0;0;0;0;8.699
262144;13824;0;0;0;0;0;0;0;0;0;0;0.092
262144;9630;0;0;0;0;0;0;0;0;0;0;0.060
262144;7860;0;0;0;0;0;0;0;0;0;0;0.053
4194304;71070;0;0;0;0;0;0;0;0;0;0;0.680
4194304;760944;0;0;0;0;0;0;0;0;0;0;1.215
4194304;31501;0;0;0;0;0;0;0;0;0;0;0.835
1048576;101656;0;0;0;0;0;0;0;0;0;0;0.356
262144;94080;0;0;0;0;0;0;0;0;0;0;0.069
1048576;200640;0;0;0;0;0;0;0;0;0;0;0.309
1048576;1920;0;0;0;0;0;0;0;0;0;0;0.139
1048576;5166;0;0;0;0;0;0;0;0;0;0;0.174
4194304;6150;0;0;0;0;0;0;0;0;0;0;0.625
262144;1722;0;0;0;0;0;0;0;0;0;0;0.053
1048576;176148;0;0;0;0;0;0;0;0;0;0;0.187
4194304;228735;0;0;0;0;0;0;0;0;0;0;1.563
4194304;343915;0;0;0;0;0;0;0;0;0;0;1.380
4194304;480636;0;0;0;0;0;0;0;0;0;0;3.416
4194304;369222;0;0;0;0;0;0;0;0;0;0;3.686
262144;26471;0;0;0;0;0;0;0;0;0;0;0.073
1048576;22969;0;0;0;0;0;0;0;0;0;0;0.191
4194304;443232;0;0;0;0;0;0;0;0;0;0;1.672
4194304;207214;0;0;0;0;0;0;0;0;0;0;2.033
262144;16254;0;0;0;0;0;0;0;0;0;0;0.058
1048576;44802;0;0;0;0;0;0;0;0;0;0;0.371
1048576;24050;0;0;0;0;0;0;0;0;0;0;0.163
262144;7805;0;0;0;0;0;0;0;0;0;0;0.235
4194304;66171;0;0;0;0;0;0;0;0;0;0;0.930
1048576;14924;0;0;0;0;0;0;0;0;0;0;0.221
262144;2880;0;0;0;0;0;0;0;0;0;0;0.058
1048576;987;0;0;0;0;0;0;0;0;0;0;0.164
1048576;2286;0;0;0;0;0;0;0;0;0;0;0.146
1048576;12300;0;0;0;0;0;0;0;0;0;0;0.217
4194304;8008;0;0;0;0;0;0;0;0;0;0;0.678
1048576;1144;0;0;0;0;0;0;0;0;0;0;0.149
1048576;153510;0;0;0;0;0;0;0;0;0;0;0.228
262144;10894;0;0;0;0;0;0;0;0;0;0;0.063
1048576;157079;0;0;0;0;0;0;0;0;0;0;0.274
1048576;56880;0;0;0;0;0;0;0;0;0;0;0.147
4194304;16590;0;0;0;0;0;0;0;0;0;0;0.717
262144;768;0;0;0;0;0;0;0;0;0;0;0.057
4194304;225760;0;0;0;0;0;0;0;0;0;0;2.463
4194304;199656;0;0;0;0;0;0;0;0;0;0;1.651
1048576;42;0;0;0;0;0;0;0;0;0;0;0.135
4194304;506760;0;0;0;0;0;0;0;0;0;0;0.918
1048576;51425;0;0;0;0;0;0;0;0;0;0;0.234
262144;2772;0;0;0;0;0;0;0;0;0;0;0.060
4194304;58695;0;0;0;0;0;0;0;0;0;0;0.609
262144;79281;0;0;0;0;0;0;0;0;0;0;0.066
4194304;530670;0;0;0;0;0;0;0;0;0;0;1.534
1048576;18392;0;0;0;0;0;0;0;0;0;0;0.192
1048576;188790;0;0;0;0;0;0;0;0;0;0;0.181
4194304;34404;0;0;0;0;0;0;0;0;0;0;0.891
4194304;748800;0;0;0;0;0;0;0;0;0;0;1.413
262144;33320;0;0;0;0;0;0;0;0;0;0;0.074
262144;9622;0;0;0;0;0;0;0;0;0;0;0.062
4194304;1923;0;0;0;0;0;0;0;0;0;0;0.597
1048576;3360;0;0;0;0;0;0;0;0;0;0;0.156
1048576;43420;0;0;0;0;0;0;0;0;0;0;0.296
1048576;57327;0;0;0;0;0;0;0;0;0;0;3.745
1048576;24816;0;0;0;0;0;0;0;0;0;0;0.339
4194304;49062;0;0;0;0;0;0;0;0;0;0;0.814
1048576;70056;0;0;0;0;0;0;0;0;0;0;0.230
1048576;131140;0;0;0;0;0;0;0;0;0;0;0.205
4194304;239400;0;0;0;0;0;0;0;0;0;0;0.933
4194304;976560;0;0;0;0;0;0;0;0;0;0;5.236
4194304;850000;0;0;0;0;0;0;0;0;0;0;7.658
4194304;390456;0;0;0;0;0;0;0;0;0;0;3.346
4194304;273834;0;0;0;0;0;0;0;0;0;0;2.558
4194304;404047;0;0;0;0;0;0;0;0;0;0;2.930
262144;66443;0;0;0;0;0;0;0;0;0;0;0.055
4194304;222973;0;0;0;0;0;0;0;0;0;0;1.680
4194304;110595;0;0;0;0;0;0;0;0;0;0;0.745
1048576;12160;0;0;0;0;0;0;0;0;0;0;0.187
4194304;1695246;0;0;0;0;0;0;0;0;0;0;1.404
4194304;340810;0;0;0;0;0;0;0;0;0;0;1.318
4194304;22540;0;0;0;0;0;0;0;0;0;0;0.756
262144;12036;0;0;0;0;0;0;0;0;0;0;0.130
1048576;314160;0;0;0;0;0;0;0;0;0;0;1.570
262144;294;0;0;0;0;0;0;0;0;0;0;0.093
262144;1972;0;0;0;0;0;0;0;0;0;0;0.058
4194304;7748;0;0;0;0;0;0;0;0;0;0;0.644
4194304;36636;0;0;0;0;0;0;0;0;0;0;0.696
4194304;59048;0;0;0;0;0;0;0;0;0;0;0.802
262144;1540;0;0;0;0;0;0;0;0;0;0;0.061
4194304;224814;0;0;0;0;0;0;0;0;0;0;1.463
262144;2408;0;0;0;0;0;0;0;0;0;0;0.055
4194304;81990;0;0;0;0;0;0;0;0;0;0;0.710
262144;11025;0;0;0;0;0;0;0;0;0;0;0.095
262144;22240;0;0;0;0;0;0;0;0;0;0;0.059
1048576;454825;0;0;0;0;0;0;0;0;0;0;0.173
4194304;70047;0;0;0;0;0;0;0;0;0;0;1.160
4194304;16368;0;0;0;0;0;0;0;0;0;0;0.699
4194304;52052;0;0;0;0;0;0;0;0;0;0;1.058
4194304;57904;0;0;0;0;0;0;0;0;0;0;2.372
4194304;56090;0;0;0;0;0;0;0;0;0;0;1.054
4194304;36652;0;0;0;0;0;0;0;0;0;0;0.680
1048576;64824;0;0;0;0;0;0;0;0;0;0;0.364
1048576;1659;0;0;0;0;0;0;0;0;0;0;0.146
1048576;363758;0;0;0;0;0;0;0;0;0;0;0.208
262144;80494;0;0;0;0;0;0;0;0;0;0;0.099
1048576;82446;0;0;0;0;0;0;0;0;0;0;0.235
262144;16434;0;0;0;0;0;0;0;0;0;0;0.277
1048576;374644;0;0;0;0;0;0;0;0;0;0;0.284
1048576;133328;0;0;0;0;0;0;0;0;0;0;0.200
1048576;45059;0;0;0;0;0;0;0;0;0;0;0.355
1048576;77184;0;0;0;0;0;0;0;0;0;0;0.202
1048576;3610;0;0;0;0;0;0;0;0;0;0;0.176
262144;16568;0;0;0;0;0;0;0;0;0;0;0.064
262144;10368;0;0;0;0;0;0;0;0;0;0;0.055
1048576;5852;0;0;0;0;0;0;0;0;0;0;0.146
4194304;410186;0;0;0;0;0;0;0;0;0;0;3.977
1048576;53418;0;0;0;0;0;0;0;0;0;0;0.198
1048576;208170;0;0;0;0;0;0;0;0;0;0;0.171
1048576;191730;0;0;0;0;0;0;0;0;0;0;1.178
4194304;388620;0;0;0;0;0;0;0;0;0;0;0.635
4194304;1036;0;0;0;0;0;0;0;0;0;0;0.596
1048576;6432;0;0;0;0;0;0;0;0;0;0;2.078
262144;6279;0;0;0;0;0;0;0;0;0;0;0.083
262144;19278;0;0;0;0;0;0;0;0;0;0;0.080
1048576;20020;0;0;0;0;0;0;0;0;0;0;0.248
1048576;15624;0;0;0;0;0;0;0;0;0;0;0.174
1048576;8004;0;0;0;0;0;0;0;0;0;0;0.196
1048576;1692;0;0;0;0;0;0;0;0;0;0;0.152
1048576;14362;0;0;0;0;0;0;0;0;0;0;0.184
1048576;56;0;0;0;0;0;0;0;0;0;0;0.127
1048576;744;0;0;0;0;0;0;0;0;0;0;0.142
1048576;75768;0;0;0;0;0;0;0;0;0;0;0.176
1048576;51724;0;0;0;0;0;0;0;0;0;0;0.226
1048576;82720;0;0;0;0;0;0;0;0;0;0;0.460
1048576;22656;0;0;0;0;0;0;0;0;0;0;0.316
262144;5225;0;0;0;0;0;0;0;0;0;0;2.227
1048576;112420;0;0;0;0;0;0;0;0;0;0;0.173
4194304;422695;0;0;0;0;0;0;0;0;0;0;2.594
1048576;12516;0;0;0;0;0;0;0;0;0;0;0.154
1048576;6407;0;0;0;0;0;0;0;0;0;0;0.193
1048576;47800;0;0;0;0;0;0;0;0;0;0;0.163
1048576;1200;0;0;0;0;0;0;0;0;0;0;0.153
4194304;200541;0;0;0;0;0;0;0;0;0;0;1.585
4194304;11008;0;0;0;0;0;0;0;0;0;0;0.715
1048576;14749;0;0;0;0;0;0;0;0;0;0;0.185
1048576;3502;0;0;0;0;0;0;0;0;0;0;0.208
4194304;1348335;0;0;0;0;0;0;0;0;0;0;1.330
1048576;40392;0;0;0;0;0;0;0;0;0;0;0.239
1048576;213565;0;0;0;0;0;0;0;0;0;0;1.014
1048576;11844;0;0;0;0;0;0;0;0;0;0;0.242
4194304;174509;0;0;0;0;0;0;0;0;0;0;1.302
1048576;112332;0;0;0;0;0;0;0;0;0;0;0.433
262144;7350;0;0;0;0;0;0;0;0;0;0;0.076
1048576;8514;0;0;0;0;0;0;0;0;0;0;0.206
4194304;38200;0;0;0;0;0;0;0;0;0;0;0.768
4194304;2173;0;0;0;0;0;0;0;0;0;0;0.623
4194304;50150;0;0;0;0;0;0;0;0;0;0;1.016
1048576;169158;0;0;0;0;0;0;0;0;0;0;0.230
1048576;21534;0;0;0;0;0;0;0;0;0;0;0.155
1048576;963;0;0;0;0;0;0;0;0;0;0;0.190
1048576;621504;0;0;0;0;0;0;0;0;0;0;0.401
4194304;4110;0;0;0;0;0;0;0;0;0;0;0.636
262144;2358;0;0;0;0;0;0;0;0;0;0;0.061
1048576;149330;0;0;0;0;0;0;0;0;0;0;0.175
4194304;375636;0;0;0;0;0;0;0;0;0;0;2.245
1048576;1550;0;0;0;0;0;0;0;0;0;0;0.157
1048576;55968;0;0;0;0;0;0;0;0;0;0;0.146
4194304;85116;0;0;0;0;0;0;0;0;0;0;3.038
1048576;164395;0;0;0;0;0;0;0;0;0;0;1.036
4194304;169490;0;0;0;0;0;0;0;0;0;0;1.004
262144;10324;0;0;0;0;0;0;0;0;0;0;0.075
1048576;429940;0;0;0;0;0;0;0;0;0;0;0.223
262144;6726;0;0;0;0;0;0;0;0;0;0;0.062
4194304;359988;0;0;0;0;0;0;0;0;0;0;1.135
1048576;14725;0;0;0;0;0;0;0;0;0;0;0.152
1048576;10925;0;0;0;0;0;0;0;0;0;0;0.172
4194304;26703;0;0;0;0;0;0;0;0;0;0;0.872
1048576;51959;0;0;0;0;0;0;0;0;0;0;0.209
4194304;13500;0;0;0;0;0;0;0;0;0;0;0.661
4194304;3160;0;0;0;0;0;0;0;0;0;0;0.624
1048576;2988;0;0;0;0;0;0;0;0;0;0;0.193
4194304;326625;0;0;0;0;0;0;0;0;0;0;2.965
4194304;22302;0;0;0;0;0;0;0;0;0;0;0.793
1048576;53741;0;0;0;0;0;0;0;0;0;0;0.178
1048576;101736;0;0;0;0;0;0;0;0;0;0;0.170
1048576;4925;0;0;0;0;0;0;0;0;0;0;0.170
4194304;28026;0;0;0;0;0;0;0;0;0;0;0.634
4194304;585234;0;0;0;0;0;0;0;0;0;0;3.016
4194304;118470;0;0;0;0;0;0;0;0;0;0;0.762
262144;10912;0;0;0;0;0;0;0;0;0;0;0.074
1048576;40488;0;0;0;0;0;0;0;0;0;0;2.162
1048576;3904;0;0;0;0;0;0;0;0;0;0;0.177
1048576;179124;0;0;0;0;0;0;0;0;0;0;0.228
4194304;8721;0;0;0;0;0;0;0;0;0;0;0.626
1048576;44756;0;0;0;0;0;0;0;0;0;0;0.181
4194304;301920;0;0;0;0;0;0;0;0;0;0;2.753
4194304;1214748;0;0;0;0;0;0;0;0;0;0;1.365
4194304;207836;0;0;0;0;0;0;0;0;0;0;1.736
1048576;14362;0;0;0;0;0;0;0;0;0;0;0.239
1048576;204232;0;0;0;0;0;0;0;0;0;0;0.173
1048576;936;0;0;0;0;0;0;0;0;0;0;0.132
4194304;3632;0;0;0;0;0;0;0;0;0;0;0.641
4194304;197175;0;0;0;0;0;0;0;0;0;0;3.641
262144;3125;0;0;0;0;0;0;0;0;0;0;0.065
1048576;10476;0;0;0;0;0;0;0;0;0;0;0.148
4194304;30576;0;0;0;0;0;0;0;0;0;0;0.900
1048576;3234;0;0;0;0;0;0;0;0;0;0;0.146
4194304;1123936;0;0;0;0;0;0;0;0;0;0;9.149
4194304;1999882;0;0;0;0;0;0;0;0;0;0;1.291
1048576;10695;0;0;0;0;0;0;0;0;0;0;0.131
1048576;4539;0;0;0;0;0;0;0;0;0;0;0.588
1048576;6390;0;0;0;0;0;0;0;0;0;0;0.145
1048576;147030;0;0;0;0;0;0;0;0;0;0;0.173
262144;42009;0;0;0;0;0;0;0;0;0;0;0.084
4194304;236691;0;0;0;0;0;0;0;0;0;0;1.251
4194304;898690;0;0;0;0;0;0;0;0;0;0;8.049
1048576;103500;0;0;0;0;0;0;0;0;0;0;1.077
1048576;106480;0;0;0;0;0;0;0;0;0;0;0.229
4194304;453375;0;0;0;0;0;0;0;0;0;0;1.751
4194304;16897;0;0;0;0;0;0;0;0;0;0;0.671
4194304;550240;0;0;0;0;0;0;0;0;0;0;1.588
1048576;42315;0;0;0;0;0;0;0;0;0;0;0.280
4194304;5719;0;0;0;0;0;0;0;0;0;0;0.639
4194304;173514;0;0;0;0;0;0;0;0;0;0;2.071
1048576;205424;0;0;0;0;0;0;0;0;0;0;0.194
262144;1271;0;0;0;0;0;0;0;0;0;0;0.060
1048576;1110;0;0;0;0;0;0;0;0;0;0;0.151
4194304;133152;0;0;0;0;0;0;0;0;0;0;0.630
4194304;23562;0;0;0;0;0;0;0;0;0;0;0.765
1048576;765;0;0;0;0;0;0;0;0;0;0;0.133
1048576;5304;0;0;0;0;0;0;0;0;0;0;0.189
1048576;128310;0;0;0;0;0;0;0;0;0;0;0.182
1048576;13158;0;0;0;0;0;0;0;0;0;0;0.201
262144;2150;0;0;0;0;0;0;0;0;0;0;0.056
1048576;352260;0;0;0;0;0;0;0;0;0;0;1.222
262144;20944;0;0;0;0;0;0;0;0;0;0;0.062
1048576;3626;0;0;0;0;0;0;0;0;0;0;0.159
1048576;756;0;0;0;0;0;0;0;0;0;0;0.196
4194304;35640;0;0;0;0;0;0;0;0;0;0;0.747
4194304;411510;0;0;0;0;0;0;0;0;0;0;3.166
1048576;5082;0;0;0;0;0;0;0;0;0;0;0.165
1048576;34648;0;0;0;0;0;0;0;0;0;0;0.364
1048576;6336;0;0;0;0;0;0;0;0;0;0;0.212
4194304;65569;0;0;0;0;0;0;0;0;0;0;1.029
4194304;16765;0;0;0;0;0;0;0;0;0;0;0.683
1048576;73152;0;0;0;0;0;0;0;0;0;0;0.723
262144;2453;0;0;0;0;0;0;0;0;0;0;0.052
1048576;53300;0;0;0;0;0;0;0;0;0;0;0.146
262144;23762;0;0;0;0;0;0;0;0;0;0;0.064
1048576;51156;0;0;0;0;0;0;0;0;0;0;0.189
4194304;1260;0;0;0;0;0;0;0;0;0;0;0.616
4194304;1026936;0;0;0;0;0;0;0;0;0;0;5.530
262144;2896;0;0;0;0;0;0;0;0;0;0;0.057
4194304;178;0;0;0;0;0;0;0;0;0;0;0.612
1048576;453;0;0;0;0;0;0;0;0;0;0;0.132
262144;4048;0;0;0;0;0;0;0;0;0;0;0.054
262144;1387;0;0;0;0;0;0;0;0;0;0;0.060
4194304;4980;0;0;0;0;0;0;0;0;0;0;0.652
1048576;21321;0;0;0;0;0;0;0;0;0;0;0.261
1048576;53704;0;0;0;0;0;0;0;0;0;0;0.186
262144;6580;0;0;0;0;0;0;0;0;0;0;0.104
4194304;100520;0;0;0;0;0;0;0;0;0;0;0.858
1048576;3066;0;0;0;0;0;0;0;0;0;0;0.167
4194304;544604;0;0;0;0;0;0;0;0;0;0;0.899
4194304;168432;0;0;0;0;0;0;0;0;0;0;0.587
4194304;323066;0;0;0;0;0;0;0;0;0;0;3.155
4194304;181026;0;0;0;0;0;0;0;0;0;0;1.609
4194304;1636905;0;0;0;0;0;0;0;0;0;0;5.291
262144;682;0;0;0;0;0;0;0;0;0;0;0.059
262144;374;0;0;0;0;0;0;0;0;0;0;0.055
1048576;204829;0;0;0;0;0;0;0;0;0;0;0.219
1048576;308;0;0;0;0;0;0;0;0;0;0;0.138
4194304;347725;0;0;0;0;0;0;0;0;0;0;1.641
262144;6240;0;0;0;0;0;0;0;0;0;0;0.069
4194304;11682;0;0;0;0;0;0;0;0;0;0;0.636
1048576;9225;0;0;0;0;0;0;0;0;0;0;0.176
4194304;2178613;0;0;0;0;0;0;0;0;0;0;15.443
4194304;589648;0;0;0;0;0;0;0;0;0;0;4.500
1048576;14885;0;0;0;0;0;0;0;0;0;0;0.224
4194304;246888;0;0;0;0;0;0;0;0;0;0;2.513
4194304;1411172;0;0;0;0;0;0;0;0;0;0;0.883
1048576;54530;0;0;0;0;0;0;0;0;0;0;0.618
1048576;6576;0;0;0;0;0;0;0;0;0;0;0.164
262144;1092;0;0;0;0;0;0;0;0;0;0;0.056
4194304;159630;0;0;0;0;0;0;0;0;0;0;1.258
1048576;84800;0;0;0;0;0;0;0;0;0;0;0.158
4194304;646;0;0;0;0;0;0;0;0;0;0;0.605
4194304;16116;0;0;0;0;0;0;0;0;0;0;0.644
4194304;3195;0;0;0;0;0;0;0;0;0;0;0.638
1048576;317560;0;0;0;0;0;0;0;0;0;0;0.240
1048576;13496;0;0;0;0;0;0;0;0;0;0;0.149
262144;11596;0;0;0;0;0;0;0;0;0;0;0.070
1048576;161006;0;0;0;0;0;0;0;0;0;0;0.225
4194304;3924;0;0;0;0;0;0;0;0;0;0;0.609
1048576;34398;0;0;0;0;0;0;0;0;0;0;0.198
262144;429;0;0;0;0;0;0;0;0;0;0;0.057
4194304;6320;0;0;0;0;0;0;0;0;0;0;0.646
262144;14575;0;0;0;0;0;0;0;0;0;0;0.085
1048576;186824;0;0;0;0;0;0;0;0;0;0;2.007
262144;72570;0;0;0;0;0;0;0;0;0;0;0.105
1048576;294;0;0;0;0;0;0;0;0;0;0;0.148
1048576;7824;0;0;0;0;0;0;0;0;0;0;0.147
4194304;220605;0;0;0;0;0;0;0;0;0;0;1.451
4194304;10140;0;0;0;0;0;0;0;0;0;0;0.620
262144;576;0;0;0;0;0;0;0;0;0;0;0.058
4194304;41830;0;0;0;0;0;0;0;0;0;0;0.981
1048576;28290;0;0;0;0;0;0;0;0;0;0;0.165
4194304;105844;0;0;0;0;0;0;0;0;0;0;1.529
1048576;42872;0;0;0;0;0;0;0;0;0;0;0.227
1048576;113776;0;0;0;0;0;0;0;0;0;0;0.602
4194304;776356;0;0;0;0;0;0;0;0;0;0;4.617
1048576;3680;0;0;0;0;0;0;0;0;0;0;0.171
1048576;10368;0;0;0;0;0;0;0;0;0;0;0.214
262144;19952;0;0;0;0;0;0;0;0;0;0;0.109
4194304;470;0;0;0;0;0;0;0;0;0;0;0.602
1048576;42586;0;0;0;0;0;0;0;0;0;0;0.244
1048576;3024;0;0;0;0;0;0;0;0;0;0;0.171
4194304;517517;0;0;0;0;0;0;0;0;0;0;4.702
4194304;87870;0;0;0;0;0;0;0;0;0;0;1.189
1048576;1056;0;0;0;0;0;0;0;0;0;0;3.525
262144;43329;0;0;0;0;0;0;0;0;0;0;0.078
1048576;259518;0;0;0;0;0;0;0;0;0;0;0.418
1048576;5696;0;0;0;0;0;0;0;0;0;0;0.164
262144;18626;0;0;0;0;0;0;0;0;0;0;0.064
1048576;27757;0;0;0;0;0;0;0;0;0;0;0.222
262144;200;0;0;0;0;0;0;0;0;0;0;0.057
1048576;113472;0;0;0;0;0;0;0;0;0;0;0.156
4194304;57608;0;0;0;0;0;0;0;0;0;0;0.879
1048576;128444;0;0;0;0;0;0;0;0;0;0;0.425
262144;11808;0;0;0;0;0;0;0;0;0;0;0.085
1048576;48081;0;0;0;0;0;0;0;0;0;0;0.246
262144;47736;0;0;0;0;0;0;0;0;0;0;0.091
4194304;12544;0;0;0;0;0;0;0;0;0;0;0.699
4194304;962010;0;0;0;0;0;0;0;0;0;0;3.036
4194304;71811;0;0;0;0;0;0;0;0;0;0;0.751
4194304;14360;0;0;0;0;0;0;0;0;0;0;0.678
1048576;6303;0;0;0;0;0;0;0;0;0;0;0.175
262144;95312;0;0;0;0;0;0;0;0;0;0;0.088
262144;12193;0;0;0;0;0;0;0;0;0;0;0.092
4194304;89125;0;0;0;0;0;0;0;0;0;0;0.899
1048576;4446;0;0;0;0;0;0;0;0;0;0;3.449
4194304;5940;0;0;0;0;0;0;0;0;0;0;0.631
4194304;3325;0;0;0;0;0;0;0;0;0;0;0.624
4194304;7912;0;0;0;0;0;0;0;0;0;0;0.670
1048576;101706;0;0;0;0;0;0;0;0;0;0;0.191
1048576;1900;0;0;0;0;0;0;0;0;0;0;0.152
262144;204;0;0;0;0;0;0;0;0;0;0;0.256
262144;45942;0;0;0;0;0;0;0;0;0;0;0.111
4194304;183752;0;0;0;0;0;0;0;0;0;0;0.666
1048576;42925;0;0;0;0;0;0;0;0;0;0;3.625
4194304;544580;0;0;0;0;0;0;0;0;0;0;1.175
262144;5709;0;0;0;0;0;0;0;0;0;0;0.063
4194304;88239;0;0;0;0;0;0;0;0;0;0;0.902
1048576;60204;0;0;0;0;0;0;0;0;0;0;0.339
1048576;38745;0;0;0;0;0;0;0;0;0;0;0.291
1048576;96;0;0;0;0;0;0;0;0;0;0;0.134
262144;396;0;0;0;0;0;0;0;0;0;0;0.056
4194304;91964;0;0;0;0;0;0;0;0;0;0;0.660
262144;2046;0;0;0;0;0;0;0;0;0;0;0.062
262144;31824;0;0;0;0;0;0;0;0;0;0;0.072
1048576;22356;0;0;0;0;0;0;0;0;0;0;0.163
1048576;7506;0;0;0;0;0;0;0;0;0;0;0.188
4194304;349646;0;0;0;0;0;0;0;0;0;0;2.524
1048576;387364;0;0;0;0;0;0;0;0;0;0;0.173
1048576;5775;0;0;0;0;0;0;0;0;0;0;0.174
4194304;210453;0;0;0;0;0;0;0;0;0;0;1.163
4194304;270;0;0;0;0;0;0;0;0;0;0;0.660
4194304;140679;0;0;0;0;0;0;0;0;0;0;1.146
262144;79534;0;0;0;0;0;0;0;0;0;0;0.081
1048576;44400;0;0;0;0;0;0;0;0;0;0;0.169
1048576;115624;0;0;0;0;0;0;0;0;0;0;0.187
1048576;840;0;0;0;0;0;0;0;0;0;0;0.157
4194304;51084;0;0;0;0;0;0;0;0;0;0;0.992
4194304;582784;0;0;0;0;0;0;0;0;0;0;1.677
4194304;100048;0;0;0;0;0;0;0;0;0;0;2.838
4194304;110637;0;0;0;0;0;0;0;0;0;0;1.567
4194304;252735;0;0;0;0;0;0;0;0;0;0;1.449
4194304;59304;0;0;0;0;0;0;0;0;0;0;1.403
1048576;15142;0;0;0;0;0;0;0;0;0;0;0.302
4194304;55738;0;0;0;0;0;0;0;0;0;0;0.683
262144;1470;0;0;0;0;0;0;0;0;0;0;0.082
1048576;186680;0;0;0;0;0;0;0;0;0;0;0.272
1048576;100740;0;0;0;0;0;0;0;0;0;0;0.176
1048576;272;0;0;0;0;0;0;0;0;0;0;0.142
1048576;377;0;0;0;0;0;0;0;0;0;0;0.136
1048576;308;0;0;0;0;0;0;0;0;0;0;0.138
1048576;8651;0;0;0;0;0;0;0;0;0;0;0.178
4194304;10423;0;0;0;0;0;0;0;0;0;0;0.661
4194304;19425;0;0;0;0;0;0;0;0;0;0;0.632
4194304;334404;0;0;0;0;0;0;0;0;0;0;0.952
1048576;231324;0;0;0;0;0;0;0;0;0;0;0.253
1048576;187404;0;0;0;0;0;0;0;0;0;0;0.257
262144;39100;0;0;0;0;0;0;0;0;0;0;0.148
1048576;13282;0;0;0;0;0;0;0;0;0;0;0.244
262144;27930;0;0;0;0;0;0;0;0;0;0;0.065
1048576;7688;0;0;0;0;0;0;0;0;0;0;0.175
4194304;196214;0;0;0;0;0;0;0;0;0;0;1.309
262144;2380;0;0;0;0;0;0;0;0;0;0;0.059
4194304;1617886;0;0;0;0;0;0;0;0;0;0;1.245
4194304;75088;0;0;0;0;0;0;0;0;0;0;0.828
1048576;6118;0;0;0;0;0;0;0;0;0;0;0.143
1048576;3960;0;0;0;0;0;0;0;0;0;0;0.162
262144;1388;0;0;0;0;0;0;0;0;0;0;0.055
4194304;1011780;0;0;0;0;0;0;0;0;0;0;2.326
1048576;552;0;0;0;0;0;0;0;0;0;0;0.130
1048576;9116;0;0;0;0;0;0;0;0;0;0;0.170
1048576;344;0;0;0;0;0;0;0;0;0;0;0.134
4194304;47908;0;0;0;0;0;0;0;0;0;0;0.761
1048576;67236;0;0;0;0;0;0;0;0;0;0;0.641
1048576;33604;0;0;0;0;0;0;0;0;0;0;0.299
1048576;71557;0;0;0;0;0;0;0;0;0;0;0.218
4194304;167464;0;0;0;0;0;0;0;0;0;0;1.194
1048576;533824;0;0;0;0;0;0;0;0;0;0;0.182
4194304;258430;0;0;0;0;0;0;0;0;0;0;0.815
1048576;539;0;0;0;0;0;0;0;0;0;0;0.169
4194304;72922;0;0;0;0;0;0;0;0;0;0;1.242
1048576;57128;0;0;0;0;0;0;0;0;0;0;0.168
1048576;240120;0;0;0;0;0;0;0;0;0;0;0.246
4194304;185356;0;0;0;0;0;0;0;0;0;0;1.021
262144;89760;0;0;0;0;0;0;0;0;0;0;0.054
4194304;38681;0;0;0;0;0;0;0;0;0;0;0.856
1048576;71912;0;0;0;0;0;0;0;0;0;0;0.681
262144;5130;0;0;0;0;0;0;0;0;0;0;0.065
262144;4632;0;0;0;0;0;0;0;0;0;0;0.059
4194304;2060;0;0;0;0;0;0;0;0;0;0;0.621
4194304;2826;0;0;0;0;0;0;0;0;0;0;0.645
262144;9828;0;0;0;0;0;0;0;0;0;0;0.066
1048576;2325;0;0;0;0;0;0;0;0;0;0;0.152
262144;385;0;0;0;0;0;0;0;0;0;0;0.056
4194304;394188;0;0;0;0;0;0;0;0;0;0;3.818
4194304;902785;0;0;0;0;0;0;0;0;0;0;4.952
1048576;82840;0;0;0;0;0;0;0;0;0;0;0.615
1048576;212688;0;0;0;0;0;0;0;0;0;0;0.204
4194304;34510;0;0;0;0;0;0;0;0;0;0;0.864
262144;1008;0;0;0;0;0;0;0;0;0;0;0.063
262144;16128;0;0;0;0;0;0;0;0;0;0;0.078
1048576;8294;0;0;0;0;0;0;0;0;0;0;0.180
4194304;48678;0;0;0;0;0;0;0;0;0;0;0.876
1048576;50904;0;0;0;0;0;0;0;0;0;0;0.380
1048576;27621;0;0;0;0;0;0;0;0;0;0;0.168
262144;4615;0;0;0;0;0;0;0;0;0;0;0.054
4194304;31529;0;0;0;0;0;0;0;0;0;0;0.862
262144;4515;0;0;0;0;0;0;0;0;0;0;0.077
4194304;71811;0;0;0;0;0;0;0;0;0;0;0.961
262144;1573;0;0;0;0;0;0;0;0;0;0;0.060
4194304;49767;0;0;0;0;0;0;0;0;0;0;0.957
1048576;59570;0;0;0;0;0;0;0;0;0;0;0.197
4194304;573938;0;0;0;0;0;0;0;0;0;0;0.846
1048576;1696;0;0;0;0;0;0;0;0;0;0;0.142
1048576;49329;0;0;0;0;0;0;0;0;0;0;0.197
1048576;3151;0;0;0;0;0;0;0;0;0;0;0.151
4194304;402804;0;0;0;0;0;0;0;0;0;0;0.955
262144;64349;0;0;0;0;0;0;0;0;0;0;0.080
4194304;1105206;0;0;0;0;0;0;0;0;0;0;6.581
1048576;2450;0;0;0;0;0;0;0;0;0;0;0.202
4194304;72270;0;0;0;0;0;0;0;0;0;0;1.096
1048576;61920;0;0;0;0;0;0;0;0;0;0;0.198
4194304;304184;0;0;0;0;0;0;0;0;0;0;6.675
1048576;248064;0;0;0;0;0;0;0;0;0;0;0.592
4194304;120802;0;0;0;0;0;0;0;0;0;0;0.866
4194304;82438;0;0;0;0;0;0;0;0;0;0;1.197
4194304;1678932;0;0;0;0;0;0;0;0;0;0;1.483
262144;61632;0;0;0;0;0;0;0;0;0;0;0.075
4194304;39990;0;0;0;0;0;0;0;0;0;0;0.980
4194304;1274400;0;0;0;0;0;0;0;0;0;0;1.162
262144;2548;0;0;0;0;0;0;0;0;0;0;0.061
262144;47214;0;0;0;0;0;0;0;0;0;0;0.086
4194304;41327;0;0;0;0;0;0;0;0;0;0;0.820
262144;19968;0;0;0;0;0;0;0;0;0;0;0.088
1048576;6837;0;0;0;0;0;0;0;0;0;0;0.169
262144;1176;0;0;0;0;0;0;0;0;0;0;0.063
4194304;6808;0;0;0;0;0;0;0;0;0;0;0.612
4194304;379176;0;0;0;0;0;0;0;0;0;0;3.562
4194304;170160;0;0;0;0;0;0;0;0;0;0;1.018
1048576;203456;0;0;0;0;0;0;0;0;0;0;0.177
1048576;20608;0;0;0;0;0;0;0;0;0;0;0.174
4194304;18748;0;0;0;0;0;0;0;0;0;0;0.718
4194304;34488;0;0;0;0;0;0;0;0;0;0;0.779
4194304;2552;0;0;0;0;0;0;0;0;0;0;0.616
1048576;80928;0;0;0;0;0;0;0;0;0;0;0.188
262144;8789;0;0;0;0;0;0;0;0;0;0;0.078
1048576;408;0;0;0;0;0;0;0;0;0;0;0.134
4194304;156283;0;0;0;0;0;0;0;0;0;0;2.167
1048576;46912;0;0;0;0;0;0;0;0;0;0;0.232
4194304;71672;0;0;0;0;0;0;0;0;0;0;0.962
1048576;33544;0;0;0;0;0;0;0;0;0;0;0.230
1048576;121875;0;0;0;0;0;0;0;0;0;0;0.170
