4194304;342500;0;89277691;249398128;839424;0;0;0;0;0;0;2.054
4194304;275429;0;86214492;240922505;797546;0;0;0;0;0;0;1.748
1048576;12712;0;7207547;21112113;22852;0;0;0;0;0;0;0.233
4194304;240;0;21162549;63447912;931;0;0;0;0;0;0;0.733
262144;4137;0;2373087;6852850;11772;0;0;0;0;0;0;0.087
262144;45570;0;2630253;7554445;14924;0;0;0;0;0;0;0.091
4194304;717255;0;146734994;406191457;1544447;0;0;0;0;0;0;2.527
4194304;44940;0;37230233;107247286;196509;0;0;0;0;0;0;0.958
4194304;206115;0;100874677;280744243;970017;0;0;0;0;0;0;1.905
1048576;240720;0;9724813;27982303;53816;0;0;0;0;0;0;0.243
1048576;56886;0;26173850;72872169;255902;0;0;0;0;0;0;0.464
4194304;108730;0;92454735;258038320;877370;0;0;0;0;0;0;1.750
1048576;4362;0;7716871;22482222;29088;0;0;0;0;0;0;0.206
4194304;38232;0;49095398;139696718;344611;0;0;0;0;0;0;1.140
262144;15616;0;3934007;11112151;30988;0;0;0;0;0;0;0.101
4194304;76704;0;106119814;295352876;1045738;0;0;0;0;0;0;1.991
262144;3872;0;2249098;6514705;10252;0;0;0;0;0;0;0.077
4194304;190656;0;43428992;124194174;273622;0;0;0;0;0;0;1.038
262144;7398;0;4899464;13750469;43020;0;0;0;0;0;0;0.112
4194304;119260;0;81371789;227676322;736884;0;0;0;0;0;0;1.574
1048576;160230;0;30594076;84955925;310775;0;0;0;0;0;0;0.524
1048576;24444;0;5396155;16156965;222;0;0;0;0;0;0;0.197
4194304;110940;0;46321371;131922588;303027;0;0;0;0;0;0;1.116
1048576;7290;0;7439331;21727173;25291;0;0;0;0;0;0;0.190
1048576;828;0;5701384;16997681;4407;0;0;0;0;0;0;0.166
1048576;44955;0;58394527;160837584;652553;0;0;0;0;0;0;0.921
1048576;3990;0;7627998;22256285;28036;0;0;0;0;0;0;0.199
4194304;48645;0;29718671;86791637;105869;0;0;0;0;0;0;0.905
4194304;151800;0;159293795;440544068;1701120;0;0;0;0;0;0;2.690
262144;7590;0;3923166;11081116;30837;0;0;0;0;0;0;0.137
262144;27730;0;3535684;10025525;26081;0;0;0;0;0;0;0.095
1048576;26820;0;10124050;29070242;58764;0;0;0;0;0;0;0.265
1048576;36084;0;10197982;29272195;59607;0;0;0;0;0;0;0.232
4194304;191875;0;41861082;119956430;255807;0;0;0;0;0;0;1.128
1048576;5049;0;6753413;19855924;17003;0;0;0;0;0;0;0.191
1048576;97020;0;29332655;81503832;295116;0;0;0;0;0;0;0.535
4194304;5796;0;28558608;83638637;91974;0;0;0;0;0;0;0.822
4194304;9120;0;24916472;73680583;46695;0;0;0;0;0;0;0.864
1048576;74253;0;13294197;37725851;97744;0;0;0;0;0;0;0.289
1048576;107635;0;8027195;23348350;32948;0;0;0;0;0;0;0.234
1048576;64575;0;18207558;51137255;158206;0;0;0;0;0;0;0.347
4194304;135864;0;59161002;167178872;468581;0;0;0;0;0;0;1.302
4194304;620620;0;142633890;395040155;1495566;0;0;0;0;0;0;2.473
1048576;1440;0;5724299;17055966;4524;0;0;0;0;0;0;0.183
1048576;272;0;5461608;16341964;1353;0;0;0;0;0;0;0.167
1048576;215;0;5451550;16315182;1231;0;0;0;0;0;0;0.175
1048576;51339;0;5387305;16136003;221;0;0;0;0;0;0;0.163
4194304;6030;0;22870342;68094216;21673;0;0;0;0;0;0;0.762
4194304;506245;0;314231519;863081200;3591307;0;0;0;0;0;0;4.806
1048576;4400;0;6202681;18367290;10576;0;0;0;0;0;0;0.207
4194304;97888;0;57212971;161712730;439118;0;0;0;0;0;0;1.246
4194304;102102;0;59583812;168174224;467856;0;0;0;0;0;0;1.310
1048576;4368;0;7591353;22152987;27526;0;0;0;0;0;0;0.197
1048576;89700;0;40422524;111764007;431012;0;0;0;0;0;0;0.667
262144;37990;0;5433276;15208484;49470;0;0;0;0;0;0;0.121
4194304;1831836;0;579764871;1588216913;6868610;0;0;0;0;0;0;8.556
4194304;12075;0;35390381;102285387;176004;0;0;0;0;0;0;0.945
262144;19549;0;4295141;12099913;35438;0;0;0;0;0;0;0.107
1048576;63602;0;47831132;131994318;522395;0;0;0;0;0;0;0.849
4194304;41736;0;29553614;86275498;101399;0;0;0;0;0;0;1.210
4194304;111340;0;52378563;148474172;377980;0;0;0;0;0;0;1.215
1048576;32700;0;7001307;20549162;20317;0;0;0;0;0;0;0.304
262144;13005;0;1797110;5282700;4680;0;0;0;0;0;0;0.072
1048576;32100;0;9668018;27829541;53162;0;0;0;0;0;0;0.284
4194304;3096;0;21927733;65529348;10204;0;0;0;0;0;0;0.810
1048576;2268;0;5735221;17093311;4724;0;0;0;0;0;0;0.179
1048576;58912;0;23958863;66738612;225535;0;0;0;0;0;0;0.419
4194304;66066;0;53030042;150350497;389800;0;0;0;0;0;0;1.311
4194304;756;0;21305379;63836559;2675;0;0;0;0;0;0;0.743
1048576;26741;0;8383744;24320358;37321;0;0;0;0;0;0;0.242
1048576;240549;0;21087910;59004163;193728;0;0;0;0;0;0;0.383
4194304;1530480;0;543873040;1489672176;6404651;0;0;0;0;0;0;8.038
262144;39917;0;1997872;5830484;7157;0;0;0;0;0;0;0.075
262144;630;0;2282876;6605129;10668;0;0;0;0;0;0;0.075
4194304;48564;0;63687859;179541034;524380;0;0;0;0;0;0;1.370
262144;27176;0;3166890;9023242;21552;0;0;0;0;0;0;0.090
1048576;125979;0;22109190;61783728;206090;0;0;0;0;0;0;0.392
262144;39485;0;2446732;7055182;12685;0;0;0;0;0;0;0.082
4194304;2331;0;22621975;67429340;18848;0;0;0;0;0;0;0.761
1048576;37366;0;8525960;24709627;39086;0;0;0;0;0;0;0.275
262144;4554;0;2993063;8542445;19460;0;0;0;0;0;0;0.088
262144;534;0;1732874;5105715;3892;0;0;0;0;0;0;0.073
262144;35984;0;1450932;4338638;409;0;0;0;0;0;0;0.062
1048576;45590;0;8755016;25332819;41853;0;0;0;0;0;0;0.215
4194304;7548;0;23871493;70831419;33970;0;0;0;0;0;0;0.765
4194304;55278;0;38616025;111061016;214712;0;0;0;0;0;0;1.019
4194304;29610;0;37486683;107977961;200750;0;0;0;0;0;0;0.974
1048576;16758;0;9349789;26952162;49142;0;0;0;0;0;0;0.221
1048576;108000;0;10858107;31058230;68341;0;0;0;0;0;0;0.242
262144;18818;0;4950534;13888328;43526;0;0;0;0;0;0;0.116
4194304;255750;0;83608550;233857762;767323;0;0;0;0;0;0;1.711
4194304;27;0;21133129;63368227;574;0;0;0;0;0;0;0.682
262144;2618;0;3117242;8880373;20918;0;0;0;0;0;0;0.092
1048576;9447;0;7971315;23175561;31703;0;0;0;0;0;0;0.207
1048576;11481;0;8023236;23330263;32779;0;0;0;0;0;0;0.237
4194304;124168;0;90484780;252539445;848351;0;0;0;0;0;0;1.678
4194304;6216;0;25793248;76083344;58060;0;0;0;0;0;0;0.836
1048576;63383;0;14586862;41249488;113575;0;0;0;0;0;0;0.292
262144;128775;0;3569919;10122005;26513;0;0;0;0;0;0;0.093
4194304;1587388;0;200748005;553572773;2206336;0;0;0;0;0;0;3.263
1048576;37211;0;38037664;105265762;402194;0;0;0;0;0;0;0.617
4194304;639616;0;33787255;97914609;156323;0;0;0;0;0;0;0.915
1048576;94956;0;92608588;254191289;1071845;0;0;0;0;0;0;1.411
4194304;21827;0;32667334;94826391;141664;0;0;0;0;0;0;0.899
1048576;157734;0;13513024;38315523;100333;0;0;0;0;0;0;0.280
1048576;57750;0;37233242;103071377;392310;0;0;0;0;0;0;0.609
262144;799;0;1756125;5168929;4180;0;0;0;0;0;0;0.066
4194304;474777;0;138473072;383704123;1445022;0;0;0;0;0;0;2.416
1048576;40488;0;16774245;47224695;140528;0;0;0;0;0;0;0.608
1048576;169519;0;65349066;179815766;738026;0;0;0;0;0;0;1.076
1048576;6466;0;5528007;16528296;2168;0;0;0;0;0;0;0.243
1048576;26334;0;14861272;41991278;116789;0;0;0;0;0;0;0.354
1048576;29792;0;7697172;22446336;28884;0;0;0;0;0;0;0.228
1048576;92638;0;15641015;44128245;126626;0;0;0;0;0;0;0.309
262144;35370;0;8466821;23487772;86797;0;0;0;0;0;0;0.165
4194304;149023;0;88993063;248539819;832991;0;0;0;0;0;0;1.740
4194304;66196;0;78137485;218937859;700488;0;0;0;0;0;0;1.547
4194304;18907;0;24861040;73502731;45247;0;0;0;0;0;0;0.771
262144;8688;0;2030491;5917746;7549;0;0;0;0;0;0;0.072
1048576;96513;0;14706596;41572801;114958;0;0;0;0;0;0;0.300
262144;3855;0;2480008;7145705;13100;0;0;0;0;0;0;0.076
1048576;231;0;5466085;16354050;1409;0;0;0;0;0;0;0.164
262144;8664;0;2182593;6334513;9433;0;0;0;0;0;0;0.074
1048576;1568;0;6319437;18684446;11918;0;0;0;0;0;0;0.187
4194304;104550;0;36793751;106072778;191762;0;0;0;0;0;0;0.951
1048576;21120;0;8184037;23776289;34875;0;0;0;0;0;0;0.257
1048576;4480;0;9104389;26286894;46208;0;0;0;0;0;0;0.209
1048576;135942;0;51258379;141360463;564963;0;0;0;0;0;0;0.812
262144;2720;0;1621408;4801540;2523;0;0;0;0;0;0;0.067
1048576;16744;0;21211892;59327921;194888;0;0;0;0;0;0;0.388
1048576;30049;0;6061071;17980196;8792;0;0;0;0;0;0;0.178
4194304;327613;0;198107782;546448039;2176907;0;0;0;0;0;0;3.246
4194304;56696;0;31503661;91663074;127778;0;0;0;0;0;0;0.906
1048576;44764;0;7638763;22288532;28180;0;0;0;0;0;0;0.223
262144;68526;0;3901452;11028617;30596;0;0;0;0;0;0;0.096
1048576;8492;0;8496472;24621585;38569;0;0;0;0;0;0;0.206
1048576;138600;0;20479280;57328934;185915;0;0;0;0;0;0;0.666
4194304;885948;0;179272695;495033884;1945389;0;0;0;0;0;0;3.084
262144;32163;0;1451721;4334011;264;0;0;0;0;0;0;0.066
262144;1092;0;2287035;6616411;10712;0;0;0;0;0;0;0.077
4194304;323532;0;201066128;554289334;2204218;0;0;0;0;0;0;3.298
1048576;1485;0;6679010;19663509;16362;0;0;0;0;0;0;0.212
1048576;12679;0;10150847;29126665;58670;0;0;0;0;0;0;0.273
4194304;80864;0;62842279;177139666;510703;0;0;0;0;0;0;1.317
1048576;3294;0;6707837;19743473;16682;0;0;0;0;0;0;0.193
4194304;442039;0;190499671;525706435;2084334;0;0;0;0;0;0;3.168
1048576;45305;0;22596421;63120401;212300;0;0;0;0;0;0;0.420
1048576;4576;0;7180463;21036658;22524;0;0;0;0;0;0;0.200
4194304;852774;0;395958240;1085963312;4588066;0;0;0;0;0;0;5.992
262144;2279;0;2396739;6917537;12075;0;0;0;0;0;0;0.083
1048576;33264;0;19988339;55991591;180011;0;0;0;0;0;0;0.366
4194304;220938;0;56868453;160681908;431629;0;0;0;0;0;0;1.216
262144;608;0;1867280;5471163;5553;0;0;0;0;0;0;0.070
1048576;3100;0;6614781;19487111;15509;0;0;0;0;0;0;0.201
262144;54910;0;4403057;12393693;36759;0;0;0;0;0;0;0.105
1048576;241902;0;143144139;392044778;1689955;0;0;0;0;0;0;2.106
1048576;311346;0;14913562;42144034;117663;0;0;0;0;0;0;0.312
4194304;918840;0;280917841;772211004;3184524;0;0;0;0;0;0;4.385
1048576;14214;0;11037348;31556739;69838;0;0;0;0;0;0;0.242
1048576;80088;0;8688037;25153048;41057;0;0;0;0;0;0;0.238
262144;1106;0;1617568;4788906;2476;0;0;0;0;0;0;0.069
1048576;1950;0;6123857;18151612;9508;0;0;0;0;0;0;0.220
4194304;22638;0;34621574;100185957;166512;0;0;0;0;0;0;0.954
4194304;455718;0;296304660;814482305;3384052;0;0;0;0;0;0;4.613
1048576;71456;0;32867766;91148971;338423;0;0;0;0;0;0;0.564
1048576;43264;0;9557668;27524924;51765;0;0;0;0;0;0;0.227
4194304;101565;0;78586201;220130867;704933;0;0;0;0;0;0;1.597
4194304;174;0;21186750;63513904;1230;0;0;0;0;0;0;0.719
4194304;564408;0;54547915;154575134;411469;0;0;0;0;0;0;1.218
1048576;315840;0;19283733;54074174;171448;0;0;0;0;0;0;0.363
4194304;1256264;0;93115266;259850001;885847;0;0;0;0;0;0;1.748
1048576;29312;0;44057538;121708341;476428;0;0;0;0;0;0;0.710
262144;14800;0;5487318;15350716;50068;0;0;0;0;0;0;0.122
4194304;1836016;0;363751925;998388023;4205547;0;0;0;0;0;0;5.604
1048576;119777;0;20318638;56899892;184257;0;0;0;0;0;0;0.375
4194304;129140;0;178065673;491784067;1931966;0;0;0;0;0;0;2.952
1048576;115977;0;7780535;22679080;29897;0;0;0;0;0;0;0.229
1048576;6875;0;6225703;18432587;10756;0;0;0;0;0;0;0.205
4194304;572560;0;125455929;348045452;1280554;0;0;0;0;0;0;2.226
4194304;7042;0;25126122;74262904;49836;0;0;0;0;0;0;0.825
262144;871;0;1634557;4836780;2684;0;0;0;0;0;0;0.064
4194304;224644;0;49677589;141211017;349046;0;0;0;0;0;0;1.167
4194304;215250;0;100290912;279169463;963686;0;0;0;0;0;0;1.848
1048576;142500;0;33207921;92057271;341960;0;0;0;0;0;0;0.549
262144;590;0;1634753;4833981;2676;0;0;0;0;0;0;0.123
1048576;105705;0;11307895;32306711;73334;0;0;0;0;0;0;0.256
4194304;395080;0;111820447;310525949;1100883;0;0;0;0;0;0;2.108
1048576;18624;0;12448467;35409495;87158;0;0;0;0;0;0;0.288
4194304;123500;0;37077311;106885099;196608;0;0;0;0;0;0;1.019
262144;57876;0;2477076;7139580;13072;0;0;0;0;0;0;0.082
1048576;23359;0;12553547;35702583;88668;0;0;0;0;0;0;0.271
262144;9106;0;2650741;7611796;15208;0;0;0;0;0;0;0.154
4194304;10260;0;23855635;70773903;33548;0;0;0;0;0;0;0.820
1048576;143000;0;7651118;22319409;28287;0;0;0;0;0;0;0.230
1048576;13950;0;16528830;46555261;137604;0;0;0;0;0;0;0.339
4194304;679440;0;615319092;1685306485;7307262;0;0;0;0;0;0;9.162
4194304;15732;0;29386907;85885742;101784;0;0;0;0;0;0;0.858
1048576;166664;0;41497262;114672184;443349;0;0;0;0;0;0;0.695
1048576;1462;0;6727400;19797942;16940;0;0;0;0;0;0;0.181
262144;10282;0;2896865;8283503;18237;0;0;0;0;0;0;0.085
1048576;19250;0;14779782;41773919;115877;0;0;0;0;0;0;0.310
262144;6042;0;4414079;12420480;36875;0;0;0;0;0;0;0.141
1048576;107882;0;73030090;200678511;828439;0;0;0;0;0;0;1.133
4194304;32076;0;56129745;158889907;431000;0;0;0;0;0;0;1.279
4194304;58232;0;48765705;138720827;337728;0;0;0;0;0;0;1.226
262144;84152;0;6396480;17836826;61296;0;0;0;0;0;0;0.132
4194304;159250;0;74061933;207862199;652138;0;0;0;0;0;0;1.528
262144;8930;0;4018653;11344643;32041;0;0;0;0;0;0;0.101
4194304;31790;0;49772382;141533682;352560;0;0;0;0;0;0;1.155
4194304;137223;0;154029435;426094357;1633481;0;0;0;0;0;0;2.616
1048576;13800;0;8682595;25134840;41000;0;0;0;0;0;0;0.207
262144;910;0;1869547;5476612;5584;0;0;0;0;0;0;0.069
4194304;161840;0;144736019;400714249;1518958;0;0;0;0;0;0;2.503
4194304;3136;0;22040697;65837012;11608;0;0;0;0;0;0;0.752
4194304;45312;0;28768221;84116177;91402;0;0;0;0;0;0;0.863
1048576;17716;0;9326313;26863630;48020;0;0;0;0;0;0;0.225
1048576;3993;0;6357127;18778770;12177;0;0;0;0;0;0;0.243
4194304;12285;0;24337491;72092494;39305;0;0;0;0;0;0;0.853
1048576;2331;0;6477152;19110986;13784;0;0;0;0;0;0;0.190
4194304;165690;0;77580936;217449189;694823;0;0;0;0;0;0;1.487
4194304;76288;0;54648804;154858856;412907;0;0;0;0;0;0;1.195
4194304;101990;0;65187982;183509399;538310;0;0;0;0;0;0;1.406
4194304;630531;0;182462197;503515302;1975936;0;0;0;0;0;0;2.979
1048576;7964;0;9522658;27428279;51376;0;0;0;0;0;0;0.223
1048576;183150;0;17471894;49126827;149121;0;0;0;0;0;0;0.405
262144;5432;0;4415540;12428820;36932;0;0;0;0;0;0;0.107
4194304;30430;0;58564338;165549504;461173;0;0;0;0;0;0;1.243
1048576;215496;0;12769699;36293478;91303;0;0;0;0;0;0;0.284
4194304;22981;0;49254990;140135785;346627;0;0;0;0;0;0;1.132
262144;6232;0;3117170;8884031;20932;0;0;0;0;0;0;0.088
262144;96;0;1462270;4366836;678;0;0;0;0;0;0;0.064
4194304;287244;0;105143046;292605713;1030999;0;0;0;0;0;0;1.912
1048576;99280;0;9565014;27544355;51845;0;0;0;0;0;0;0.236
262144;4850;0;2896827;8279201;18280;0;0;0;0;0;0;0.087
1048576;110378;0;37801913;104626148;399316;0;0;0;0;0;0;0.623
4194304;376320;0;373879205;1026252854;4338354;0;0;0;0;0;0;5.664
1048576;8733;0;8484650;24595678;38573;0;0;0;0;0;0;0.222
1048576;1312;0;5676904;16929939;4008;0;0;0;0;0;0;0.171
1048576;68276;0;8677395;25120587;40877;0;0;0;0;0;0;0.237
4194304;23760;0;25543532;75360298;53266;0;0;0;0;0;0;0.814
4194304;3120;0;22558506;67253995;18007;0;0;0;0;0;0;0.751
262144;680;0;1684716;4973277;3308;0;0;0;0;0;0;0.067
4194304;1911;0;23693216;70356933;32092;0;0;0;0;0;0;0.856
4194304;31390;0;27283197;80094635;74173;0;0;0;0;0;0;0.865
4194304;67725;0;28966125;84740192;96639;0;0;0;0;0;0;0.908
4194304;18225;0;40745331;116906801;242012;0;0;0;0;0;0;1.038
4194304;115656;0;88893189;248271561;831851;0;0;0;0;0;0;1.718
4194304;73326;0;39283504;112785003;219138;0;0;0;0;0;0;1.030
4194304;186089;0;42526500;121762846;263709;0;0;0;0;0;0;1.083
4194304;3132;0;24303661;72021443;39578;0;0;0;0;0;0;0.776
262144;11256;0;2250644;6519777;10268;0;0;0;0;0;0;0.077
1048576;176095;0;7833660;22820726;30558;0;0;0;0;0;0;0.232
1048576;8850;0;7738171;22539882;28864;0;0;0;0;0;0;0.208
262144;534;0;1803371;5296301;4772;0;0;0;0;0;0;0.070
4194304;588;0;21400123;64095871;3855;0;0;0;0;0;0;0.783
4194304;480246;0;324762673;892004880;3727777;0;0;0;0;0;0;5.006
1048576;3640;0;6665097;19630059;16167;0;0;0;0;0;0;0.214
1048576;518;0;5505554;16461160;1880;0;0;0;0;0;0;0.185
262144;29670;0;3162610;9009906;21497;0;0;0;0;0;0;0.088
4194304;178478;0;59598646;168354524;473431;0;0;0;0;0;0;1.316
1048576;6276;0;6409182;18933115;13012;0;0;0;0;0;0;0.186
4194304;53148;0;54257978;153735433;406187;0;0;0;0;0;0;1.214
1048576;319088;0;7932665;23090279;31782;0;0;0;0;0;0;0.307
1048576;21204;0;9776106;28078920;53075;0;0;0;0;0;0;0.228
4194304;154770;0;137761919;381725550;1434918;0;0;0;0;0;0;2.392
1048576;4700;0;8462889;24530490;38227;0;0;0;0;0;0;0.213
1048576;12360;0;5873350;17470237;6420;0;0;0;0;0;0;0.207
1048576;8840;0;6624911;19519442;15676;0;0;0;0;0;0;0.179
4194304;174096;0;103822190;289068531;1017110;0;0;0;0;0;0;1.975
4194304;130760;0;46218511;131838544;309058;0;0;0;0;0;0;1.103
4194304;99354;0;149565724;413983661;1581283;0;0;0;0;0;0;2.579
4194304;8996;0;22921421;68230861;22029;0;0;0;0;0;0;0.758
1048576;53940;0;6759205;19887914;17334;0;0;0;0;0;0;0.222
1048576;351329;0;18000804;50563613;155416;0;0;0;0;0;0;0.356
4194304;6494;0;23497575;69825300;29684;0;0;0;0;0;0;0.783
4194304;204;0;21164933;63454416;966;0;0;0;0;0;0;0.729
1048576;155608;0;71855178;197563450;817673;0;0;0;0;0;0;1.116
1048576;119106;0;66272860;182293618;747795;0;0;0;0;0;0;1.024
1048576;176800;0;137027615;375406029;1616761;0;0;0;0;0;0;2.028
4194304;115344;0;85256382;238422335;789856;0;0;0;0;0;0;1.642
4194304;21172;0;25176387;74362928;48935;0;0;0;0;0;0;0.810
1048576;143700;0;14520243;41071541;112835;0;0;0;0;0;0;0.297
262144;18;0;1438459;4300040;269;0;0;0;0;0;0;0.065
1048576;378568;0;65089993;179120963;735181;0;0;0;0;0;0;1.007
1048576;34425;0;27162231;75582089;268436;0;0;0;0;0;0;0.482
4194304;185334;0;85532138;238878895;781983;0;0;0;0;0;0;1.633
4194304;211191;0;125402286;347895769;1279475;0;0;0;0;0;0;2.232
4194304;1778127;0;686542470;1878934921;8151571;0;0;0;0;0;0;10.112
1048576;200475;0;7690750;22431110;28780;0;0;0;0;0;0;0.199
1048576;40262;0;25702101;71550019;248961;0;0;0;0;0;0;0.459
1048576;16629;0;9518578;27412545;51198;0;0;0;0;0;0;0.226
4194304;5600;0;22787468;67885528;20932;0;0;0;0;0;0;0.802
4194304;16441;0;30710083;89513446;118550;0;0;0;0;0;0;0.920
262144;5425;0;2295218;6641743;10820;0;0;0;0;0;0;0.075
1048576;19360;0;9820818;28243486;55028;0;0;0;0;0;0;0.227
4194304;188400;0;152636100;422176825;1612147;0;0;0;0;0;0;2.585
4194304;286604;0;113969758;316541598;1133168;0;0;0;0;0;0;2.161
1048576;13908;0;12380526;35214374;86050;0;0;0;0;0;0;0.314
262144;38285;0;2007446;5855804;7278;0;0;0;0;0;0;0.086
4194304;874640;0;245541844;675731654;2752692;0;0;0;0;0;0;3.904
262144;5980;0;1439134;4303681;245;0;0;0;0;0;0;0.067
1048576;3528;0;6901373;20261039;18994;0;0;0;0;0;0;0.187
4194304;50165;0;68226759;191900279;579160;0;0;0;0;0;0;1.438
1048576;16478;0;14957448;42262363;118189;0;0;0;0;0;0;0.299
262144;44;0;1477399;4406345;752;0;0;0;0;0;0;0.068
4194304;13510;0;27716604;81327458;81277;0;0;0;0;0;0;0.874
1048576;7020;0;7903964;23005603;31345;0;0;0;0;0;0;0.196
1048576;6572;0;5925589;17611807;7067;0;0;0;0;0;0;0.176
1048576;3535;0;7217588;21130291;22839;0;0;0;0;0;0;0.224
1048576;58968;0;27176671;75605960;268190;0;0;0;0;0;0;0.473
262144;29346;0;5892180;16458439;55066;0;0;0;0;0;0;0.132
1048576;5082;0;6997978;20529124;20086;0;0;0;0;0;0;0.189
262144;11978;0;3176275;9044000;21660;0;0;0;0;0;0;0.089
262144;1296;0;2018488;5882219;7401;0;0;0;0;0;0;0.073
4194304;18216;0;28923525;84613099;95820;0;0;0;0;0;0;0.821
1048576;100023;0;83990316;230720412;967953;0;0;0;0;0;0;1.286
4194304;336519;0;211695691;583403398;2338689;0;0;0;0;0;0;3.814
4194304;457606;0;163499597;451465681;1731274;0;0;0;0;0;0;2.854
4194304;1101438;0;389052690;1066973539;4497487;0;0;0;0;0;0;5.932
4194304;169265;0;56313840;159390246;433016;0;0;0;0;0;0;1.289
4194304;237312;0;96559122;269264977;928638;0;0;0;0;0;0;1.799
1048576;328;0;5808889;17290643;5631;0;0;0;0;0;0;0.207
262144;16704;0;3276802;9321919;22901;0;0;0;0;0;0;0.091
4194304;61360;0;40339845;115697595;233256;0;0;0;0;0;0;0.972
4194304;18120;0;26217638;77215533;62111;0;0;0;0;0;0;0.804
262144;1744;0;1874177;5492692;5676;0;0;0;0;0;0;0.127
262144;25850;0;4148534;11700994;33644;0;0;0;0;0;0;0.103
4194304;135625;0;57045074;161314078;439313;0;0;0;0;0;0;1.254
4194304;427196;0;95802203;267207219;919536;0;0;0;0;0;0;1.798
4194304;497448;0;60392282;170512538;482836;0;0;0;0;0;0;1.306
4194304;49608;0;30649875;89236918;114494;0;0;0;0;0;0;0.860
1048576;9144;0;7497733;21878985;25890;0;0;0;0;0;0;0.202
4194304;264140;0;73219358;205537329;640977;0;0;0;0;0;0;1.453
4194304;374816;0;89193657;248681498;819586;0;0;0;0;0;0;1.703
1048576;32524;0;5392114;16151691;327;0;0;0;0;0;0;0.194
4194304;13398;0;25053050;74044124;48046;0;0;0;0;0;0;0.835
262144;2475;0;2207495;6395679;9701;0;0;0;0;0;0;0.084
262144;27;0;1456827;4350459;512;0;0;0;0;0;0;0.065
4194304;45560;0;28870711;84396041;92637;0;0;0;0;0;0;0.834
4194304;2227;0;23941444;71035924;35238;0;0;0;0;0;0;0.770
1048576;37654;0;20927589;58560491;191707;0;0;0;0;0;0;0.392
4194304;327294;0;48166114;137134629;332349;0;0;0;0;0;0;1.118
1048576;62014;0;54745512;150876439;607755;0;0;0;0;0;0;1.158
4194304;393700;0;182109813;502741130;1978731;0;0;0;0;0;0;3.125
1048576;30887;0;11211667;32038986;72091;0;0;0;0;0;0;0.248
262144;4715;0;3370137;9574164;24050;0;0;0;0;0;0;0.093
4194304;1812699;0;94793858;264406540;905492;0;0;0;0;0;0;1.905
4194304;174460;0;38518582;110814475;214145;0;0;0;0;0;0;0.963
1048576;11908;0;7202282;21094551;22759;0;0;0;0;0;0;0.225
1048576;36504;0;12333012;35098133;85905;0;0;0;0;0;0;0.403
4194304;2068;0;24010122;71222164;35997;0;0;0;0;0;0;0.752
262144;2107;0;2178848;6323067;9396;0;0;0;0;0;0;0.078
1048576;135387;0;7178900;21035304;22491;0;0;0;0;0;0;0.224
1048576;45796;0;13530395;38278631;97475;0;0;0;0;0;0;0.282
1048576;16095;0;7372230;21558892;24864;0;0;0;0;0;0;0.196
1048576;2250;0;6665454;19626190;16121;0;0;0;0;0;0;0.191
1048576;116560;0;44884700;123965110;486556;0;0;0;0;0;0;0.728
1048576;29696;0;6395097;18895318;12840;0;0;0;0;0;0;0.251
4194304;229244;0;80699451;225984235;733790;0;0;0;0;0;0;1.573
1048576;70000;0;16168459;45572879;133199;0;0;0;0;0;0;0.323
1048576;63368;0;8333918;24188229;36735;0;0;0;0;0;0;0.233
262144;21840;0;2793464;8003846;16949;0;0;0;0;0;0;0.085
4194304;2052;0;21907672;65475918;10051;0;0;0;0;0;0;0.772
262144;56169;0;4125276;11638089;33360;0;0;0;0;0;0;0.101
262144;23643;0;3314284;9424130;23380;0;0;0;0;0;0;0.092
4194304;755212;0;589699587;1615502236;6996887;0;0;0;0;0;0;8.765
4194304;30030;0;41591343;119213633;252298;0;0;0;0;0;0;1.022
4194304;279360;0;92683502;258632198;879159;0;0;0;0;0;0;1.799
1048576;7296;0;9546970;27495970;51655;0;0;0;0;0;0;0.236
1048576;30525;0;7546697;22034355;27028;0;0;0;0;0;0;0.326
4194304;115596;0;51095860;145146136;368916;0;0;0;0;0;0;1.220
1048576;396;0;5816068;17312590;5855;0;0;0;0;0;0;0.195
262144;5626;0;5033227;14107666;44390;0;0;0;0;0;0;0.198
4194304;54808;0;39771358;114206179;228544;0;0;0;0;0;0;1.132
1048576;79968;0;5384792;16136616;373;0;0;0;0;0;0;0.199
1048576;29568;0;19998719;55986306;178902;0;0;0;0;0;0;0.509
1048576;166872;0;83527180;229386475;959780;0;0;0;0;0;0;1.291
4194304;57984;0;37943992;109243977;207070;0;0;0;0;0;0;0.988
1048576;2512;0;8814796;25499040;42764;0;0;0;0;0;0;0.239
262144;48;0;1447664;4325073;383;0;0;0;0;0;0;0.086
262144;11088;0;5743917;16052941;53242;0;0;0;0;0;0;0.125
4194304;491110;0;404795315;1110543695;4714583;0;0;0;0;0;0;6.128
4194304;965004;0;289953482;797205933;3308205;0;0;0;0;0;0;4.507
1048576;1064;0;6023296;17877360;8268;0;0;0;0;0;0;0.209
262144;10992;0;3462145;9828577;25292;0;0;0;0;0;0;0.108
1048576;128136;0;15623378;44082653;126416;0;0;0;0;0;0;0.307
4194304;9889;0;23554490;69956083;29800;0;0;0;0;0;0;0.790
4194304;34476;0;38635931;111103342;214536;0;0;0;0;0;0;1.016
1048576;4432;0;7166448;20996841;22356;0;0;0;0;0;0;0.204
4194304;16659;0;25009186;73938456;48052;0;0;0;0;0;0;0.784
4194304;762372;0;163791877;452817344;1756470;0;0;0;0;0;0;2.781
1048576;32342;0;13920014;39430722;105400;0;0;0;0;0;0;0.281
4194304;223992;0;52939499;150186734;391679;0;0;0;0;0;0;1.223
262144;3264;0;2674321;7676134;15484;0;0;0;0;0;0;0.084
262144;580;0;1695232;5005526;3564;0;0;0;0;0;0;0.084
262144;4982;0;2447247;7053895;12703;0;0;0;0;0;0;0.078
1048576;340;0;5702785;17000708;4328;0;0;0;0;0;0;0.179
1048576;101440;0;21183580;59262404;194854;0;0;0;0;0;0;0.428
4194304;140448;0;97228280;271057869;935574;0;0;0;0;0;0;1.802
4194304;621690;0;392061706;1075709998;4555208;0;0;0;0;0;0;6.355
1048576;37370;0;12414143;35315934;86754;0;0;0;0;0;0;0.314
262144;17871;0;3905489;11036552;30630;0;0;0;0;0;0;0.128
4194304;80004;0;72017816;202275784;626853;0;0;0;0;0;0;1.510
4194304;84912;0;48876252;139093630;341762;0;0;0;0;0;0;1.091
262144;1903;0;2476340;7134492;13060;0;0;0;0;0;0;0.080
4194304;213213;0;54685282;154951392;413208;0;0;0;0;0;0;1.245
4194304;40788;0;48205023;137265360;333631;0;0;0;0;0;0;1.135
1048576;17020;0;10446805;29949113;62680;0;0;0;0;0;0;0.236
262144;3234;0;3707525;10494370;28213;0;0;0;0;0;0;0.100
4194304;20202;0;24384922;72203136;39224;0;0;0;0;0;0;0.754
1048576;20291;0;14385488;40703291;111198;0;0;0;0;0;0;0.289
4194304;4104;0;26721437;78623937;69372;0;0;0;0;0;0;0.829
1048576;41032;0;10300670;29551592;60882;0;0;0;0;0;0;0.237
1048576;84823;0;82974945;227894798;953380;0;0;0;0;0;0;1.273
1048576;21472;0;13402862;38022019;99126;0;0;0;0;0;0;0.278
1048576;4872;0;7053495;20687262;20943;0;0;0;0;0;0;0.182
1048576;21018;0;12520771;35596407;87783;0;0;0;0;0;0;0.296
1048576;382485;0;9242590;26667778;47895;0;0;0;0;0;0;0.229
262144;51062;0;1594700;4732093;2181;0;0;0;0;0;0;0.063
4194304;1778264;0;104789813;291743080;1030104;0;0;0;0;0;0;1.912
1048576;79430;0;18345806;51517701;159996;0;0;0;0;0;0;0.347
4194304;136500;0;92236242;257377240;872276;0;0;0;0;0;0;1.842
4194304;86868;0;35126685;101568232;172804;0;0;0;0;0;0;0.920
4194304;442256;0;68536216;192767906;583776;0;0;0;0;0;0;1.426
1048576;52938;0;19769988;55308736;174083;0;0;0;0;0;0;0.369
262144;1440;0;2199790;6376985;9651;0;0;0;0;0;0;0.076
1048576;3367;0;7706887;22469455;28957;0;0;0;0;0;0;0.196
4194304;246900;0;160142183;442813723;1710032;0;0;0;0;0;0;2.734
4194304;48070;0;42199167;120837683;258601;0;0;0;0;0;0;1.015
4194304;312984;0;388383402;1065955336;4520768;0;0;0;0;0;0;5.905
262144;8892;0;4065760;11474401;32616;0;0;0;0;0;0;0.104
262144;44217;0;3224663;9179828;22262;0;0;0;0;0;0;0.095
1048576;4662;0;6684564;19682714;16420;0;0;0;0;0;0;0.192
4194304;784836;0;48097704;136962866;331878;0;0;0;0;0;0;1.151
4194304;41344;0;30577030;89118155;115856;0;0;0;0;0;0;0.906
262144;35136;0;3191618;9083928;21811;0;0;0;0;0;0;0.090
1048576;81396;0;20387070;57074737;184698;0;0;0;0;0;0;0.380
4194304;2006;0;22202287;66283885;13698;0;0;0;0;0;0;0.775
262144;7015;0;2171808;6302335;9356;0;0;0;0;0;0;0.076
4194304;456781;0;59035793;166818052;466419;0;0;0;0;0;0;1.273
1048576;31886;0;46628940;128724105;508093;0;0;0;0;0;0;0.759
4194304;295182;0;345825911;949673589;3993112;0;0;0;0;0;0;5.321
4194304;9680;0;26073027;76841967;61206;0;0;0;0;0;0;0.792
1048576;40921;0;14783207;41784933;116012;0;0;0;0;0;0;0.310
262144;1200;0;1768008;5202120;4332;0;0;0;0;0;0;0.069
4194304;29928;0;32334923;93898772;136776;0;0;0;0;0;0;0.873
1048576;6125;0;6218484;18414419;10660;0;0;0;0;0;0;0.190
4194304;350280;0;50633818;143897721;363579;0;0;0;0;0;0;1.168
262144;54948;0;7998176;22202084;80913;0;0;0;0;0;0;0.157
4194304;91932;0;129481934;359137681;1333466;0;0;0;0;0;0;2.368
1048576;12870;0;16237479;45760005;134036;0;0;0;0;0;0;0.325
262144;4650;0;2143655;6226709;9017;0;0;0;0;0;0;0.074
4194304;495504;0;73975248;207626500;651093;0;0;0;0;0;0;1.506
4194304;427638;0;172724811;476536007;1840116;0;0;0;0;0;0;2.867
262144;1470;0;2555617;7351232;14112;0;0;0;0;0;0;0.077
262144;2646;0;1705423;5029068;3564;0;0;0;0;0;0;0.066
1048576;31861;0;14100454;39910781;107288;0;0;0;0;0;0;0.288
1048576;31304;0;11099600;31726497;70584;0;0;0;0;0;0;0.250
262144;8505;0;3825613;10812946;29591;0;0;0;0;0;0;0.107
1048576;183920;0;30584930;84917700;310348;0;0;0;0;0;0;0.520
1048576;5544;0;7551779;22038668;26823;0;0;0;0;0;0;0.197
4194304;1867112;0;1151652739;3149162822;13895587;0;0;0;0;0;0;16.669
1048576;18998;0;7737880;22560541;29380;0;0;0;0;0;0;0.202
4194304;251160;0;71514175;200851807;618889;0;0;0;0;0;0;1.462
4194304;198458;0;251293333;691670293;2832323;0;0;0;0;0;0;4.348
262144;3869;0;2604229;7481116;14607;0;0;0;0;0;0;0.093
262144;4212;0;2634230;7566162;14996;0;0;0;0;0;0;0.152
262144;24840;0;6558327;18275461;63298;0;0;0;0;0;0;0.143
4194304;19131;0;30236518;88193630;112180;0;0;0;0;0;0;0.911
1048576;45924;0;11999548;34186640;81758;0;0;0;0;0;0;0.262
4194304;80784;0;33881617;98170287;157482;0;0;0;0;0;0;0.933
262144;6138;0;3601321;10203276;26867;0;0;0;0;0;0;0.093
4194304;2808;0;22038235;65830848;11606;0;0;0;0;0;0;0.738
262144;2418;0;3984851;11250805;31614;0;0;0;0;0;0;0.101
4194304;208638;0;57174042;161518980;435368;0;0;0;0;0;0;1.259
262144;136;0;1477069;4406656;834;0;0;0;0;0;0;0.158
262144;13860;0;2042797;5952627;7712;0;0;0;0;0;0;0.071
4194304;63705;0;95458144;266257750;914896;0;0;0;0;0;0;1.761
4194304;107744;0;57260390;161842973;439764;0;0;0;0;0;0;1.259
1048576;105083;0;29275211;81326412;293682;0;0;0;0;0;0;0.507
4194304;123624;0;80323866;224857597;725641;0;0;0;0;0;0;1.597
4194304;12220;0;24750755;73221443;44413;0;0;0;0;0;0;0.750
1048576;14520;0;11536797;32925407;76103;0;0;0;0;0;0;0.255
4194304;1915;0;22274183;66475842;14687;0;0;0;0;0;0;0.708
262144;58378;0;8983263;24896740;93126;0;0;0;0;0;0;0.172
262144;17792;0;2798147;8011866;16992;0;0;0;0;0;0;0.082
1048576;4890;0;6623434;19503359;15387;0;0;0;0;0;0;0.181
262144;370;0;1602507;4748035;2303;0;0;0;0;0;0;0.135
4194304;184518;0;59782946;168875517;476222;0;0;0;0;0;0;1.288
1048576;171024;0;20700225;57942767;188891;0;0;0;0;0;0;0.397
4194304;18410;0;42258259;121033218;260449;0;0;0;0;0;0;1.052
1048576;61440;0;48951930;135036807;535614;0;0;0;0;0;0;0.771
4194304;10350;0;22961194;68336083;22412;0;0;0;0;0;0;0.874
4194304;207167;0;122381899;339764825;1246603;0;0;0;0;0;0;2.129
4194304;238650;0;129743250;359756558;1333436;0;0;0;0;0;0;2.299
4194304;100061;0;65525802;184538281;546472;0;0;0;0;0;0;1.423
4194304;310803;0;93591871;260624443;870990;0;0;0;0;0;0;1.753
4194304;421005;0;239279690;658851809;2683833;0;0;0;0;0;0;3.827
1048576;5643;0;7370444;21544659;24661;0;0;0;0;0;0;0.198
262144;8560;0;2343935;6773894;11418;0;0;0;0;0;0;0.077
262144;13920;0;2557287;7355454;14048;0;0;0;0;0;0;0.081
4194304;52234;0;32766559;95108073;143179;0;0;0;0;0;0;0.922
262144;29256;0;3602709;10206986;26884;0;0;0;0;0;0;0.101
1048576;108;0;5543789;16567091;2364;0;0;0;0;0;0;0.184
1048576;19864;0;7022065;20601018;20520;0;0;0;0;0;0;0.215
262144;4515;0;2589193;7440421;14437;0;0;0;0;0;0;0.079
1048576;288768;0;14017939;39701017;106647;0;0;0;0;0;0;0.287
262144;8840;0;3837990;10851978;29817;0;0;0;0;0;0;0.105
4194304;2964;0;23825287;70716346;33715;0;0;0;0;0;0;0.791
4194304;592956;0;227341913;625905186;2523060;0;0;0;0;0;0;3.590
1048576;18900;0;11036511;31555989;69831;0;0;0;0;0;0;0.245
4194304;171836;0;51650290;146342936;363868;0;0;0;0;0;0;1.234
1048576;28672;0;22242383;62138146;207496;0;0;0;0;0;0;0.407
4194304;211520;0;56979850;161128189;438251;0;0;0;0;0;0;1.222
4194304;11232;0;32367300;94029763;138677;0;0;0;0;0;0;0.907
4194304;108864;0;55055803;155962003;417780;0;0;0;0;0;0;1.189
4194304;2100;0;23583000;70055309;30726;0;0;0;0;0;0;0.789
262144;38586;0;7521182;20905733;75145;0;0;0;0;0;0;0.149
1048576;65772;0;16606802;46770814;138555;0;0;0;0;0;0;0.391
262144;65565;0;4457670;12544822;37450;0;0;0;0;0;0;0.107
1048576;10700;0;7246794;21192692;22636;0;0;0;0;0;0;0.193
4194304;456988;0;76001978;213124091;674925;0;0;0;0;0;0;1.524
1048576;199950;0;9251524;26691637;47996;0;0;0;0;0;0;0.250
1048576;13400;0;7671813;22376952;28569;0;0;0;0;0;0;0.299
1048576;45780;0;22040791;61559767;204032;0;0;0;0;0;0;0.441
1048576;11264;0;9654109;27787537;52972;0;0;0;0;0;0;0.239
1048576;45458;0;19893849;55742240;179026;0;0;0;0;0;0;0.368
1048576;2952;0;6819575;20049963;18077;0;0;0;0;0;0;0.222
1048576;90090;0;16648827;46871610;138806;0;0;0;0;0;0;0.331
1048576;40180;0;10015117;28776231;57410;0;0;0;0;0;0;0.252
4194304;701100;0;160280330;443092417;1708211;0;0;0;0;0;0;2.698
1048576;38250;0;7173510;21017383;22427;0;0;0;0;0;0;0.222
1048576;50;0;5454181;16322485;1260;0;0;0;0;0;0;0.171
262144;2850;0;1928819;5638225;6314;0;0;0;0;0;0;0.075
262144;31790;0;4131151;11651289;33393;0;0;0;0;0;0;0.104
1048576;57408;0;35965343;99557335;374806;0;0;0;0;0;0;0.615
1048576;197001;0;194512333;532412227;2327158;0;0;0;0;0;0;2.807
1048576;6734;0;7427113;21689645;25240;0;0;0;0;0;0;0.206
4194304;177650;0;87268267;243786439;810102;0;0;0;0;0;0;1.682
4194304;96404;0;25672459;75761068;56441;0;0;0;0;0;0;0.831
262144;13081;0;4310575;12141783;35640;0;0;0;0;0;0;0.108
4194304;118080;0;38061635;109527007;207126;0;0;0;0;0;0;0.966
1048576;26108;0;10626184;30390561;63199;0;0;0;0;0;0;0.252
1048576;2160;0;6601045;19455912;15484;0;0;0;0;0;0;0.189
1048576;16464;0;16019803;45150219;130898;0;0;0;0;0;0;0.318
4194304;1273480;0;118549234;329296212;1199265;0;0;0;0;0;0;2.091
4194304;114176;0;106078968;295160066;1042193;0;0;0;0;0;0;1.948
1048576;38010;0;9971059;28650755;56834;0;0;0;0;0;0;0.228
1048576;19314;0;10577424;30305691;64281;0;0;0;0;0;0;0.244
1048576;7410;0;6820743;20052178;18084;0;0;0;0;0;0;0.189
262144;87984;0;6432111;17937271;61753;0;0;0;0;0;0;0.137
4194304;153430;0;165814123;458331055;1780950;0;0;0;0;0;0;2.791
4194304;1405024;0;63902282;180111441;526706;0;0;0;0;0;0;1.331
1048576;64296;0;8638020;25015723;40452;0;0;0;0;0;0;0.262
4194304;342763;0;92380383;257756477;873412;0;0;0;0;0;0;1.858
1048576;648;0;5513985;16485423;2004;0;0;0;0;0;0;0.199
4194304;128454;0;142055964;393413698;1486389;0;0;0;0;0;0;2.577
262144;88560;0;3435435;9754100;24860;0;0;0;0;0;0;0.100
262144;986;0;1793784;5271128;4647;0;0;0;0;0;0;0.069
4194304;1944404;0;112610237;313034647;1124484;0;0;0;0;0;0;2.052
4194304;3169124;0;122653076;340480003;1249111;0;0;0;0;0;0;2.170
262144;32148;0;4127454;11640309;33374;0;0;0;0;0;0;0.106
4194304;139160;0;47164450;134327950;317286;0;0;0;0;0;0;1.127
1048576;162167;0;80006209;219661419;912058;0;0;0;0;0;0;1.227
1048576;181908;0;33764453;93603938;349642;0;0;0;0;0;0;0.572
262144;7326;0;2682402;7697156;15594;0;0;0;0;0;0;0.082
1048576;13100;0;11504886;32825772;75526;0;0;0;0;0;0;0.266
4194304;2224380;0;56309213;159350054;432040;0;0;0;0;0;0;1.249
262144;192;0;1638755;4846391;2748;0;0;0;0;0;0;0.068
4194304;12060;0;35723297;103196018;180108;0;0;0;0;0;0;0.970
1048576;289373;0;16706421;47041098;139766;0;0;0;0;0;0;0.333
4194304;14442;0;27155159;79806425;74714;0;0;0;0;0;0;0.813
4194304;323737;0;54852289;155419373;415697;0;0;0;0;0;0;1.227
1048576;900;0;5640589;16828602;3526;0;0;0;0;0;0;0.166
4194304;46116;0;78452377;219840995;705942;0;0;0;0;0;0;1.541
4194304;273156;0;111680934;310285625;1104849;0;0;0;0;0;0;2.035
262144;7524;0;3572656;10125951;26551;0;0;0;0;0;0;0.092
1048576;30094;0;7693509;22434891;28844;0;0;0;0;0;0;0.209
262144;3808;0;2963461;8466007;19100;0;0;0;0;0;0;0.088
1048576;48060;0;17333690;48733292;146943;0;0;0;0;0;0;0.342
1048576;115232;0;11992106;34165531;81652;0;0;0;0;0;0;0.259
4194304;1535100;0;79959720;223928987;723619;0;0;0;0;0;0;1.566
4194304;1200;0;22379495;66769816;15919;0;0;0;0;0;0;0.776
1048576;117645;0;8951727;25873637;44326;0;0;0;0;0;0;0.228
4194304;594944;0;205417694;566456578;2268752;0;0;0;0;0;0;3.336
4194304;29964;0;53418219;151492747;397606;0;0;0;0;0;0;1.284
262144;1017;0;1928505;5639110;6308;0;0;0;0;0;0;0.072
4194304;8730;0;22586392;67334425;18419;0;0;0;0;0;0;0.790
262144;5871;0;3322099;9444241;23526;0;0;0;0;0;0;0.090
1048576;2457;0;6856442;20148557;18508;0;0;0;0;0;0;0.201
4194304;16695;0;24138077;71533531;36509;0;0;0;0;0;0;0.802
262144;96174;0;3942632;11141027;31106;0;0;0;0;0;0;0.104
262144;26316;0;4667368;13115270;40138;0;0;0;0;0;0;0.109
1048576;395568;0;7359520;21526236;24699;0;0;0;0;0;0;0.232
262144;11328;0;3298841;9377797;23171;0;0;0;0;0;0;0.088
1048576;66981;0;11660127;33259585;77563;0;0;0;0;0;0;0.256
1048576;43596;0;11970061;34111488;81472;0;0;0;0;0;0;0.290
4194304;69075;0;58216653;164539276;454747;0;0;0;0;0;0;1.241
1048576;3872;0;5970110;17733541;7620;0;0;0;0;0;0;0.203
4194304;63190;0;68724701;193272187;585784;0;0;0;0;0;0;1.415
262144;6692;0;1434774;4288335;114;0;0;0;0;0;0;0.063
4194304;3976;0;22318107;66592033;14984;0;0;0;0;0;0;0.780
4194304;407540;0;208717532;575365852;2305781;0;0;0;0;0;0;3.407
1048576;628401;0;18824392;52818569;165757;0;0;0;0;0;0;0.374
4194304;824463;0;117548234;326574696;1187311;0;0;0;0;0;0;2.116
4194304;113652;0;83992671;234828640;768953;0;0;0;0;0;0;1.604
262144;26026;0;2409717;6953492;12228;0;0;0;0;0;0;0.101
262144;11328;0;4058593;11452702;32544;0;0;0;0;0;0;0.138
