1048576;20128;0;14628164;41389048;0;0;0;0;0;96883;4060741;0.606
4194304;14022;0;39826214;114444990;0;0;0;0;0;193304;10254791;1.134
262144;1776;0;1623747;4805992;0;0;0;0;0;5125;353166;0.071
1048576;868;0;6581516;19402780;0;0;0;0;0;16059;1469499;0.208
262144;17334;0;4564370;12840166;0;0;0;0;0;34687;1300081;0.134
1048576;65188;0;6132842;18176105;0;0;0;0;0;11469;1324845;0.200
4194304;18128;0;29633066;86594333;0;0;0;0;0;92343;6972285;0.914
1048576;7285;0;10030793;28827330;0;0;0;0;0;50682;2580184;0.258
1048576;45012;0;22647186;63300294;0;0;0;0;0;177008;6643325;0.460
262144;12772;0;3476956;9868904;0;0;0;0;0;23808;949883;0.100
1048576;24217;0;9324613;26897243;0;0;0;0;0;43476;2352748;0.271
262144;8600;0;2984501;8525350;0;0;0;0;0;20623;790168;0.136
262144;22270;0;3955091;11164987;0;0;0;0;0;30850;1102300;0.107
1048576;179994;0;74458845;204874855;0;0;0;0;0;695450;23329694;1.312
1048576;748;0;6373155;18833201;0;0;0;0;0;13899;1402278;0.218
1048576;13200;0;19090528;53582315;0;0;0;0;0;141466;5497853;0.399
1048576;6034;0;6407974;18928339;0;0;0;0;0;14298;1413591;0.260
262144;11310;0;5042027;14145331;0;0;0;0;0;39604;1453820;0.124
4194304;238564;0;160262929;443538850;0;0;0;0;0;1397624;49042896;3.076
1048576;25440;0;9174965;26488371;0;0;0;0;0;42054;2304598;0.236
1048576;107568;0;27104605;75479420;0;0;0;0;0;221650;8078594;0.529
4194304;2622200;0;979977810;2683407182;0;0;0;0;0;9592483;313037111;16.530
4194304;1914;0;22041941;65853035;0;0;0;0;0;17482;4525890;0.761
262144;640;0;2106119;6123891;0;0;0;0;0;10060;508468;0.077
262144;20532;0;3810853;10771633;0;0;0;0;0;29242;1055974;0.212
1048576;3936;0;9591480;27627613;0;0;0;0;0;46861;2438471;0.255
262144;464;0;1683260;4968365;0;0;0;0;0;5898;372247;0.071
262144;28485;0;3005646;8581506;0;0;0;0;0;19023;798143;0.092
4194304;26768;0;56367700;159645388;0;0;0;0;0;358458;15582401;1.390
1048576;230232;0;179202844;491087469;0;0;0;0;0;1742978;57063271;3.042
262144;111;0;1614815;4781757;0;0;0;0;0;5094;350368;0.068
1048576;45192;0;14277598;40430681;0;0;0;0;0;93112;3947789;0.333
4194304;1116645;0;1238350157;3389418205;0;0;0;0;0;12175704;396250314;20.795
1048576;128366;0;10974154;31404614;0;0;0;0;0;60108;2883921;0.546
4194304;347949;0;448338063;1230701289;0;0;0;0;0;4279804;141818060;7.923
4194304;12489;0;37631317;108448339;0;0;0;0;0;170810;9548250;1.104
4194304;94484;0;95592375;266827354;0;0;0;0;0;751753;28215706;2.001
4194304;36595;0;69512315;195563737;0;0;0;0;0;490918;19816396;1.535
1048576;26163;0;39811163;110202201;0;0;0;0;0;349110;12171212;0.766
1048576;459;0;5887509;17508899;0;0;0;0;0;12054;1244114;0.194
4194304;64975;0;53293775;151245791;0;0;0;0;0;327644;14592692;1.293
262144;705;0;1795321;5275553;0;0;0;0;0;7655;408016;0.072
1048576;108160;0;21758856;60872255;0;0;0;0;0;168035;6357055;0.444
1048576;23052;0;9748722;28056150;0;0;0;0;0;47735;2489361;0.276
4194304;167376;0;98222753;274013824;0;0;0;0;0;777515;29062506;2.072
4194304;160896;0;162437378;449476071;0;0;0;0;0;1421789;49741195;3.130
4194304;252185;0;111870631;311305397;0;0;0;0;0;914059;33457098;2.300
4194304;346437;0;464464699;1274770820;0;0;0;0;0;4439701;147012868;8.110
1048576;72268;0;66865665;184126737;0;0;0;0;0;619748;20883822;1.196
4194304;662400;0;58536538;165568043;0;0;0;0;0;379841;16280517;1.490
4194304;113270;0;51603882;146629902;0;0;0;0;0;312556;14046189;1.259
4194304;77964;0;63631563;179492425;0;0;0;0;0;431648;17921294;1.508
4194304;491722;0;490800860;1346732776;0;0;0;0;0;4702649;155494867;8.510
4194304;46200;0;43065775;123298119;0;0;0;0;0;225515;11298888;1.168
4194304;254248;0;203550834;561822760;0;0;0;0;0;1831176;62984463;3.836
1048576;66066;0;38106138;105543392;0;0;0;0;0;333161;11621515;0.738
1048576;1824;0;7032562;20634901;0;0;0;0;0;20577;1614603;0.210
4194304;111969;0;167653457;463734651;0;0;0;0;0;1471834;51423234;3.202
4194304;135810;0;78095172;219015064;0;0;0;0;0;575780;22580255;1.707
1048576;71400;0;16424266;46296698;0;0;0;0;0;114838;4639313;0.354
1048576;199167;0;74672124;205456586;0;0;0;0;0;698325;23398003;1.327
1048576;17197;0;10595147;30369155;0;0;0;0;0;56494;2761810;0.258
4194304;737751;0;361051556;992190836;0;0;0;0;0;3406016;113708265;6.521
4194304;65504;0;46678635;133169082;0;0;0;0;0;261345;12461908;1.226
1048576;42958;0;10229135;29370645;0;0;0;0;0;54247;2642118;0.263
1048576;8784;0;9555590;27528653;0;0;0;0;0;45917;2427111;0.262
1048576;73530;0;40785272;112861095;0;0;0;0;0;358558;12484499;0.769
4194304;128011;0;188649915;521106113;0;0;0;0;0;1682046;58184604;3.604
262144;4332;0;3051780;8707822;0;0;0;0;0;19604;813003;0.099
1048576;32084;0;8661626;25085955;0;0;0;0;0;36867;2139317;0.229
1048576;32148;0;8199931;23824465;0;0;0;0;0;32358;1990648;0.221
1048576;146718;0;12161639;34649228;0;0;0;0;0;71934;3266412;0.314
4194304;131300;0;122440145;340187103;0;0;0;0;0;1019599;36861782;2.429
262144;46440;0;12181938;33654654;0;0;0;0;0;111053;3753265;0.244
262144;330;0;1507359;4490600;0;0;0;0;0;6807;313776;0.071
4194304;1452;0;22355070;66706823;0;0;0;0;0;17513;4628741;0.819
4194304;2122136;0;1172921608;3210627196;0;0;0;0;0;11521921;375176587;19.610
1048576;145863;0;51560043;142303136;0;0;0;0;0;466989;15954526;0.933
262144;3960;0;1467833;4380106;0;0;0;0;0;3502;303004;0.068
262144;1640;0;1606577;4758310;0;0;0;0;0;5067;347548;0.071
1048576;11781;0;7822999;22794452;0;0;0;0;0;28567;1869100;0.216
4194304;487613;0;29465920;86135851;0;0;0;0;0;88940;6918703;0.939
1048576;95040;0;72224334;198768344;0;0;0;0;0;673079;22609737;1.271
4194304;293889;0;89923125;251330948;0;0;0;0;0;693756;26388674;1.906
1048576;6716;0;10739560;30765196;0;0;0;0;0;58900;2807849;0.274
1048576;109040;0;8763725;25364520;0;0;0;0;0;37836;2172090;0.244
1048576;29565;0;44714631;123600405;0;0;0;0;0;401166;13748988;0.831
1048576;7843;0;5999474;17812000;0;0;0;0;0;10071;1281939;0.220
4194304;227088;0;96365039;268935432;0;0;0;0;0;758659;28463316;1.999
4194304;1626104;0;98560075;274933139;0;0;0;0;0;780343;29170396;2.119
1048576;94;0;5360238;16065754;0;0;0;0;0;3552;1076159;0.185
1048576;61677;0;31575722;87698052;0;0;0;0;0;266811;9518559;0.610
262144;1833;0;2030570;5917432;0;0;0;0;0;9267;484151;0.077
1048576;2295;0;6197382;18352899;0;0;0;0;0;12074;1345715;0.218
1048576;7216;0;15011216;42436720;0;0;0;0;0;100827;4184367;0.336
4194304;410892;0;449191035;1233036974;0;0;0;0;0;4287006;142095124;7.766
4194304;130790;0;192189890;530780438;0;0;0;0;0;1717170;59325303;3.557
1048576;102960;0;109967607;301904157;0;0;0;0;0;1051909;34765796;1.921
1048576;4704;0;5585853;16681833;0;0;0;0;0;5970;1148742;0.208
1048576;1561;0;5715155;17035470;0;0;0;0;0;7256;1190470;0.176
1048576;64;0;5462928;16346288;0;0;0;0;0;4655;1109207;0.186
1048576;10566;0;6315617;18675840;0;0;0;0;0;13310;1383736;0.221
4194304;42744;0;77279192;216785820;0;0;0;0;0;567812;22317017;1.844
262144;876;0;2350631;6791962;0;0;0;0;0;12532;587192;0.095
1048576;17346;0;10426944;29909958;0;0;0;0;0;55618;2706321;0.299
262144;5580;0;2295923;6642478;0;0;0;0;0;11933;569600;0.083
1048576;219375;0;8250770;23963410;0;0;0;0;0;32715;2007009;0.248
4194304;265132;0;367776564;1010572964;0;0;0;0;0;3474207;115875339;6.548
1048576;274428;0;48705376;134502704;0;0;0;0;0;437686;15035231;0.910
262144;47168;0;4278594;12059522;0;0;0;0;0;31806;1208089;0.112
1048576;36621;0;9656627;27804559;0;0;0;0;0;46850;2459656;0.251
4194304;289993;0;165633129;458209882;0;0;0;0;0;1451655;50771792;3.133
1048576;75036;0;11221722;32081237;0;0;0;0;0;62560;2963741;0.301
1048576;69255;0;8771067;25384973;0;0;0;0;0;38015;2174486;0.234
1048576;22191;0;11197516;32015489;0;0;0;0;0;62419;2956089;0.276
4194304;29678;0;60333130;170481646;0;0;0;0;0;398634;16860047;1.483
1048576;82688;0;16096487;45400950;0;0;0;0;0;111398;4533654;0.352
4194304;1960;0;22436087;66927334;0;0;0;0;0;18691;4654456;0.834
1048576;26488;0;5523223;16510630;0;0;0;0;0;5288;1128580;0.273
4194304;164169;0;235741625;649785939;0;0;0;0;0;2152746;73351594;4.370
4194304;306020;0;243026202;669689889;0;0;0;0;0;2226259;75697879;4.486
1048576;399;0;5921927;17601105;0;0;0;0;0;10036;1256548;0.197
1048576;24206;0;6412793;18941199;0;0;0;0;0;14294;1415026;0.210
4194304;160810;0;138352378;383669039;0;0;0;0;0;1179476;41986937;2.741
4194304;432;0;21740169;65029017;0;0;0;0;0;14128;4428712;0.821
1048576;43008;0;44492581;122992993;0;0;0;0;0;395901;13678646;0.828
262144;54145;0;4817965;13533066;0;0;0;0;0;37232;1381746;0.156
4194304;10584;0;27455672;80644007;0;0;0;0;0;68785;6271425;0.892
1048576;9144;0;6924210;20338700;0;0;0;0;0;19415;1579729;0.231
1048576;332;0;5523791;16512397;0;0;0;0;0;5364;1128744;0.172
1048576;190632;0;23987302;66883373;0;0;0;0;0;207121;7063007;0.509
1048576;3168;0;9635728;27748016;0;0;0;0;0;46775;2452967;0.244
1048576;64214;0;13979176;39615767;0;0;0;0;0;90252;3851727;0.594
4194304;35700;0;35245136;101927002;0;0;0;0;0;147367;8779391;1.248
1048576;29280;0;15568835;43959186;0;0;0;0;0;106215;4363574;0.373
262144;2940;0;1728923;5093307;0;0;0;0;0;6202;387044;0.078
1048576;1694;0;5903694;17550536;0;0;0;0;0;9133;1251131;0.251
1048576;7332;0;6138943;18193258;0;0;0;0;0;11512;1326894;0.202
4194304;721063;0;47201597;134598187;0;0;0;0;0;266450;12630430;1.302
4194304;71978;0;59178326;167324729;0;0;0;0;0;386319;16487723;1.370
262144;6460;0;3525936;10003191;0;0;0;0;0;24298;965733;0.101
1048576;30627;0;9939191;28576812;0;0;0;0;0;49710;2550690;0.248
1048576;74460;0;28077308;78137130;0;0;0;0;0;231369;8391841;0.593
262144;13206;0;3352686;9529678;0;0;0;0;0;22515;909925;0.098
1048576;18600;0;29232111;81294247;0;0;0;0;0;243205;8763890;0.574
1048576;7384;0;10357555;29720569;0;0;0;0;0;54147;2685636;0.254
4194304;512676;0;659047367;1806471387;0;0;0;0;0;6384685;209681270;11.305
4194304;305730;0;44271381;126591156;0;0;0;0;0;237137;11686706;1.171
1048576;16469;0;18056103;50757950;0;0;0;0;0;133046;5163914;0.409
4194304;78480;0;115256059;320561105;0;0;0;0;0;951316;34546700;2.370
262144;15933;0;5157247;14460739;0;0;0;0;0;40680;1491136;0.127
1048576;65412;0;15111181;42708359;0;0;0;0;0;101539;4216294;0.342
4194304;1303760;0;336691750;925624641;0;0;0;0;0;3161358;105862061;6.039
262144;26666;0;1777100;5225002;0;0;0;0;0;6683;402587;0.070
4194304;511462;0;82024904;229751849;0;0;0;0;0;614859;23845491;1.777
1048576;6477;0;5604243;16732242;0;0;0;0;0;6125;1154732;0.218
4194304;750294;0;190159457;525226374;0;0;0;0;0;1695970;58670470;3.590
262144;15950;0;4139613;11679871;0;0;0;0;0;30454;1163346;0.147
4194304;35802;0;68134014;191797348;0;0;0;0;0;476158;19372115;1.530
4194304;120205;0;41646494;119419654;0;0;0;0;0;210877;10841549;1.085
4194304;208941;0;72146263;202756923;0;0;0;0;0;516407;20663338;1.624
4194304;90534;0;34430044;99700003;0;0;0;0;0;138615;8517307;1.026
4194304;94095;0;144364895;400097373;0;0;0;0;0;1239030;43922368;2.795
1048576;6880;0;9225336;26626293;0;0;0;0;0;42658;2320733;0.239
1048576;258965;0;32614922;90535525;0;0;0;0;0;276741;9853197;0.625
262144;36180;0;2338504;6758690;0;0;0;0;0;12336;583319;0.082
262144;3196;0;2383799;6883656;0;0;0;0;0;13960;597126;0.080
4194304;19572;0;47208268;134615756;0;0;0;0;0;267579;12631995;1.233
1048576;27830;0;9048293;26142570;0;0;0;0;0;40753;2263790;0.301
4194304;847482;0;65634483;184965191;0;0;0;0;0;450772;18566808;1.541
1048576;184258;0;10994657;31460433;0;0;0;0;0;60212;2890568;0.305
262144;23790;0;2923568;8357201;0;0;0;0;0;18175;771727;0.095
4194304;537732;0;122807000;341186498;0;0;0;0;0;1023001;36978819;2.464
262144;1026;0;1868035;5473372;0;0;0;0;0;7586;431830;0.076
4194304;197800;0;50010641;142273318;0;0;0;0;0;294816;13534990;1.243
4194304;109474;0;164795502;455925530;0;0;0;0;0;1444482;50503347;3.156
1048576;38178;0;18251345;51289293;0;0;0;0;0;133015;5227644;0.389
4194304;118456;0;85382059;238925669;0;0;0;0;0;648425;24926782;1.808
4194304;30282;0;60942374;172146210;0;0;0;0;0;404174;17055971;1.411
1048576;15104;0;21567991;60351981;0;0;0;0;0;166501;6295596;0.443
262144;23112;0;4467741;12576580;0;0;0;0;0;33786;1269006;0.118
1048576;131652;0;37966820;105160150;0;0;0;0;0;330401;11576925;0.721
4194304;44352;0;66223315;186574930;0;0;0;0;0;456938;18756346;1.503
4194304;30414;0;61284122;173078526;0;0;0;0;0;408134;17165399;1.470
262144;11583;0;5593729;15653023;0;0;0;0;0;45004;1631602;0.136
4194304;290400;0;290359905;799027580;0;0;0;0;0;2698457;90940970;5.249
1048576;148780;0;37174890;102996421;0;0;0;0;0;322629;11321933;0.749
1048576;87423;0;66547496;183256193;0;0;0;0;0;616884;20781119;1.197
4194304;464797;0;79206657;222050590;0;0;0;0;0;587102;22937652;1.716
4194304;68256;0;97898243;273127119;0;0;0;0;0;773778;28957764;2.007
4194304;857706;0;1046988043;2866520942;0;0;0;0;0;10262316;334620532;17.710
4194304;10980;0;34267415;99256527;0;0;0;0;0;139397;8465660;1.043
262144;35250;0;12812231;35376641;0;0;0;0;0;117332;3956252;0.255
4194304;11193;0;36069997;104183393;0;0;0;0;0;156315;9045312;0.999
4194304;1035;0;21234582;63644815;0;0;0;0;0;6094;4267779;0.764
262144;14750;0;2874030;8221786;0;0;0;0;0;17691;755765;0.091
4194304;21754;0;49772282;141623866;0;0;0;0;0;292324;13458499;1.252
4194304;2145;0;24005985;71217787;0;0;0;0;0;34058;5160306;0.799
4194304;30940;0;42077711;120597619;0;0;0;0;0;215095;10980394;1.102
4194304;251674;0;313650111;862667322;0;0;0;0;0;2931598;98441502;5.610
262144;12880;0;2060682;5997720;0;0;0;0;0;10424;493237;0.077
262144;9558;0;2998821;8556655;0;0;0;0;0;20281;795026;0.092
262144;5940;0;1572733;4666581;0;0;0;0;0;4652;336714;0.256
4194304;224812;0;92130939;257365823;0;0;0;0;0;715978;27100000;2.200
1048576;400;0;5540836;16559080;0;0;0;0;0;5465;1134275;0.201
4194304;2241;0;24338465;72126363;0;0;0;0;0;38026;5267634;1.008
4194304;50560;0;52866160;150077725;0;0;0;0;0;325348;14454033;1.369
1048576;39270;0;7553306;22057463;0;0;0;0;0;25668;1782333;0.275
4194304;56525;0;95311101;266058946;0;0;0;0;0;748411;28124910;2.063
1048576;12606;0;7142822;20936031;0;0;0;0;0;21666;1650097;0.211
4194304;20535;0;48187503;137293237;0;0;0;0;0;276494;12948000;1.245
1048576;57500;0;11412056;32600695;0;0;0;0;0;64551;3024841;0.271
4194304;761136;0;113811867;316607243;0;0;0;0;0;932664;34082344;2.294
1048576;6006;0;11069848;31666449;0;0;0;0;0;61104;2914881;0.265
1048576;9500;0;7282720;21319492;0;0;0;0;0;24292;1694489;0.198
262144;50370;0;10047661;27823065;0;0;0;0;0;89678;3065958;0.210
4194304;114660;0;136909610;379720423;0;0;0;0;0;1167172;41519465;2.650
1048576;27027;0;24798685;69178302;0;0;0;0;0;199484;7335568;0.499
262144;16575;0;3535205;10019822;0;0;0;0;0;26181;967390;0.103
262144;1147;0;1947425;5690368;0;0;0;0;0;8404;457438;0.073
4194304;1225;0;22778025;67862483;0;0;0;0;0;21690;4764858;0.849
1048576;3782;0;10365158;29743762;0;0;0;0;0;56850;2686019;0.253
4194304;72468;0;31976474;92995996;0;0;0;0;0;114162;7726959;0.998
4194304;19928;0;47395192;135128224;0;0;0;0;0;268569;12692819;1.187
4194304;372528;0;92259421;257714753;0;0;0;0;0;717134;27141078;1.945
4194304;398379;0;94602111;264117876;0;0;0;0;0;740530;27895744;2.020
262144;25000;0;4090035;11544216;0;0;0;0;0;30006;1147280;0.110
1048576;49028;0;9508223;27399149;0;0;0;0;0;45489;2411976;0.243
1048576;19729;0;7450727;21777228;0;0;0;0;0;24794;1749280;0.211
262144;412;0;1547123;4596692;0;0;0;0;0;4347;328504;0.067
4194304;148698;0;201665281;556665107;0;0;0;0;0;1814872;62374366;3.759
4194304;38240;0;63028457;177841016;0;0;0;0;0;427668;17725888;1.481
4194304;7136;0;27904354;81870020;0;0;0;0;0;73377;6415969;0.854
1048576;91260;0;33252077;92278287;0;0;0;0;0;283196;10058582;0.650
262144;13213;0;4474905;12595822;0;0;0;0;0;33878;1271262;0.117
4194304;382075;0;484945711;1330736296;0;0;0;0;0;4644083;153609862;8.399
4194304;117600;0;103333808;287981938;0;0;0;0;0;831915;30707861;2.107
4194304;3390;0;25949930;76527918;0;0;0;0;0;54510;5785783;0.871
4194304;286880;0;218790793;603466350;0;0;0;0;0;1984575;67892786;4.044
1048576;94116;0;17605672;49524789;0;0;0;0;0;126716;5019567;0.668
4194304;129300;0;47629543;135767939;0;0;0;0;0;270881;12768152;1.417
1048576;275;0;5752263;17138283;0;0;0;0;0;9153;1201358;0.208
4194304;4640;0;27326944;80292016;0;0;0;0;0;67479;6229751;0.900
1048576;15496;0;12555868;35726387;0;0;0;0;0;75940;3393307;0.400
1048576;131040;0;12261532;34893739;0;0;0;0;0;78922;3294283;0.289
262144;4913;0;2320611;6711849;0;0;0;0;0;14275;576144;0.105
1048576;15050;0;11105999;31765211;0;0;0;0;0;61527;2926600;0.279
1048576;17220;0;28130752;78285104;0;0;0;0;0;232256;8409257;0.561
4194304;122223;0;52709877;149648757;0;0;0;0;0;321842;14404212;1.260
262144;90277;0;5094517;14289176;0;0;0;0;0;39995;1470906;0.128
4194304;42240;0;67850334;191020367;0;0;0;0;0;473249;19280191;1.540
1048576;936;0;6677160;19666672;0;0;0;0;0;19925;1498363;0.196
4194304;919080;0;409311167;1124059115;0;0;0;0;0;3888418;129249678;7.209
4194304;1845;0;23713300;70417098;0;0;0;0;0;31591;5065729;0.772
1048576;3000;0;6104836;18100079;0;0;0;0;0;11479;1316019;0.190
4194304;14171;0;40067851;115105009;0;0;0;0;0;195870;10332524;1.078
262144;6420;0;4229429;11925304;0;0;0;0;0;31366;1192264;0.111
1048576;213556;0;23015222;64305085;0;0;0;0;0;180633;6761649;0.463
262144;28466;0;3835384;10848606;0;0;0;0;0;27365;1065333;0.106
1048576;9210;0;8563051;24816754;0;0;0;0;0;35954;2107594;0.226
4194304;9653;0;33965765;98432903;0;0;0;0;0;134178;8368086;1.039
4194304;700150;0;196693793;543083083;0;0;0;0;0;1761981;60775042;3.666
1048576;744;0;6646056;19577716;0;0;0;0;0;17422;1489757;0.211
262144;672;0;2247519;6512740;0;0;0;0;0;14017;552398;0.080
1048576;185093;0;25095583;69907550;0;0;0;0;0;219026;7419248;0.526
4194304;555096;0;23924924;70984029;0;0;0;0;0;35555;5132397;0.840
4194304;50790;0;61034073;172391332;0;0;0;0;0;407817;17083558;1.419
1048576;120374;0;15523848;43836024;0;0;0;0;0;105564;4349151;0.345
4194304;36160;0;32992679;95773287;0;0;0;0;0;124252;8054594;0.978
4194304;2350566;0;168702803;466597219;0;0;0;0;0;1481602;51760608;3.206
1048576;4257;0;9241973;26672771;0;0;0;0;0;43308;2325906;0.277
4194304;38610;0;71836646;201914802;0;0;0;0;0;513220;20564559;1.800
262144;43555;0;3395806;9647531;0;0;0;0;0;22961;923771;0.121
1048576;24500;0;7293375;21347399;0;0;0;0;0;23161;1698690;0.234
1048576;148755;0;75741564;208380296;0;0;0;0;0;708519;23742707;1.336
1048576;1341;0;5718711;17044857;0;0;0;0;0;7423;1191468;0.180
4194304;1081800;0;413779497;1136267618;0;0;0;0;0;3932713;130689248;7.231
1048576;3344;0;7464249;21814486;0;0;0;0;0;24882;1753710;0.208
4194304;25476;0;28263562;82850634;0;0;0;0;0;76782;6531307;0.875
1048576;8280;0;8236318;23923721;0;0;0;0;0;32641;2002243;0.246
262144;19950;0;5603669;15679961;0;0;0;0;0;45094;1634782;0.136
4194304;277236;0;106564404;296804922;0;0;0;0;0;860921;31747953;2.177
1048576;2232;0;6214478;18399796;0;0;0;0;0;12373;1351305;0.189
262144;1935;0;2081543;6058243;0;0;0;0;0;11773;498114;0.078
1048576;91506;0;7662693;22356370;0;0;0;0;0;26780;1817532;0.241
1048576;117;0;5525065;16518281;0;0;0;0;0;7733;1127552;0.190
4194304;1224101;0;177507202;490655067;0;0;0;0;0;1569841;54595741;3.348
4194304;50721;0;57762823;163455145;0;0;0;0;0;373255;16030926;1.340
1048576;37808;0;7419271;21691195;0;0;0;0;0;24384;1739164;0.220
4194304;951912;0;1262053124;3454190940;0;0;0;0;0;12412564;403884261;21.249
4194304;1276655;0;1039860075;2847038845;0;0;0;0;0;10191827;332324900;17.563
4194304;320814;0;59640205;168584568;0;0;0;0;0;390860;16635978;1.420
1048576;76;0;5502996;16455640;0;0;0;0;0;5149;1122053;0.181
1048576;119315;0;16985883;47830284;0;0;0;0;0;120365;4819932;0.372
4194304;563976;0;461997486;1268027340;0;0;0;0;0;4414874;146218333;8.050
4194304;93469;0;140010430;388199951;0;0;0;0;0;1195722;42520945;2.743
4194304;607620;0;234357785;646000766;0;0;0;0;0;2138883;72905346;4.270
1048576;13578;0;17937069;50431894;0;0;0;0;0;131035;5126434;0.384
262144;3650;0;3955041;11175561;0;0;0;0;0;28564;1103874;0.106
1048576;81952;0;17869741;50246319;0;0;0;0;0;129174;5104694;0.398
1048576;42670;0;26787626;74614004;0;0;0;0;0;218631;7976501;0.561
4194304;471000;0;107650555;299772842;0;0;0;0;0;871038;32098256;2.194
1048576;102111;0;14910116;42120142;0;0;0;0;0;107750;4145655;0.381
262144;4774;0;7448629;20722038;0;0;0;0;0;63736;2229044;0.172
1048576;112520;0;10392778;29815360;0;0;0;0;0;54235;2696657;0.272
4194304;2152;0;24588624;72806864;0;0;0;0;0;41697;5346939;0.799
1048576;11508;0;8420994;24428482;0;0;0;0;0;34574;2061847;0.220
262144;41124;0;6623888;18467776;0;0;0;0;0;55345;1963317;0.152
1048576;12772;0;22316684;62398108;0;0;0;0;0;174075;6536763;0.459
4194304;96968;0;125350200;348138834;0;0;0;0;0;1048572;37798625;2.516
4194304;379572;0;121273274;336996924;0;0;0;0;0;1007634;36485461;2.471
4194304;138387;0;193247301;533669186;0;0;0;0;0;1727689;59665878;3.672
1048576;18816;0;25656596;71524759;0;0;0;0;0;208407;7613007;0.508
262144;250;0;1778198;5230630;0;0;0;0;0;9538;400987;0.072
4194304;10982;0;35039355;101366129;0;0;0;0;0;145283;8713896;0.980
1048576;69546;0;9153765;26430175;0;0;0;0;0;41762;2297686;0.269
1048576;2815;0;5838645;17372890;0;0;0;0;0;8593;1230262;0.250
4194304;11760;0;36670400;105823032;0;0;0;0;0;161093;9238931;1.106
4194304;229362;0;31957133;92942738;0;0;0;0;0;113976;7720782;0.985
1048576;137025;0;12132883;34570587;0;0;0;0;0;71692;3257144;0.288
4194304;257202;0;117873337;327705025;0;0;0;0;0;973419;35390274;2.511
1048576;118030;0;107650994;295573163;0;0;0;0;0;1027781;34019459;1.895
4194304;110124;0;82179462;230174733;0;0;0;0;0;616818;23894923;1.773
262144;1216;0;2444234;7047736;0;0;0;0;0;13455;617363;0.090
4194304;407256;0;73879304;207492949;0;0;0;0;0;533382;21221819;1.611
4194304;130086;0;108794624;302898328;0;0;0;0;0;882842;32466429;2.186
4194304;639072;0;58397348;165190048;0;0;0;0;0;378586;16236247;1.377
4194304;75044;0;89654411;250601829;0;0;0;0;0;692752;26303426;1.894
262144;2160;0;2317983;6702735;0;0;0;0;0;12139;576706;0.081
1048576;250250;0;15310138;43251895;0;0;0;0;0;103417;4280309;0.413
1048576;80;0;5481184;16396216;0;0;0;0;0;4829;1115107;0.176
262144;46905;0;4899072;13754876;0;0;0;0;0;38049;1407865;0.130
1048576;17507;0;8989908;25983150;0;0;0;0;0;40160;2245027;0.229
4194304;280026;0;165972371;459137276;0;0;0;0;0;1454380;50881484;3.149
1048576;4836;0;5627548;16796021;0;0;0;0;0;7757;1161205;0.231
1048576;213411;0;91030354;250155705;0;0;0;0;0;861442;28666545;1.610
1048576;14123;0;13072620;37138272;0;0;0;0;0;81505;3559529;0.293
1048576;197881;0;12674877;36051949;0;0;0;0;0;77148;3431694;0.295
262144;4956;0;2635240;7569627;0;0;0;0;0;15337;678931;0.085
1048576;17894;0;6613283;19489078;0;0;0;0;0;16313;1479580;0.234
1048576;31666;0;12497736;35567155;0;0;0;0;0;75275;3374575;0.396
1048576;17141;0;7169467;21008567;0;0;0;0;0;21897;1658688;0.248
1048576;65320;0;16114024;45449216;0;0;0;0;0;111566;4539369;0.350
4194304;247299;0;248921287;685797325;0;0;0;0;0;2284174;77595594;4.532
262144;39044;0;4148958;11705543;0;0;0;0;0;30483;1166385;0.110
4194304;1922;0;23769348;70566264;0;0;0;0;0;33458;5083179;0.835
4194304;126869;0;149726193;414746453;0;0;0;0;0;1292381;45649352;2.916
262144;12400;0;2753137;7891496;0;0;0;0;0;16472;716838;0.086
1048576;6540;0;10796938;30920854;0;0;0;0;0;58343;2826995;0.264
4194304;89539;0;59202522;167389988;0;0;0;0;0;386528;16495443;1.408
4194304;808353;0;239908867;661166769;0;0;0;0;0;2193517;74692612;4.615
1048576;20979;0;10427644;29911205;0;0;0;0;0;54532;2707995;0.317
1048576;91686;0;29206689;81224700;0;0;0;0;0;242811;8755874;0.602
262144;15104;0;3932429;11113531;0;0;0;0;0;28366;1096564;0.115
1048576;38280;0;16273219;45883030;0;0;0;0;0;113146;4590404;0.367
1048576;48438;0;68978731;189902793;0;0;0;0;0;641215;21565060;1.246
4194304;2113108;0;985358527;2698111050;0;0;0;0;0;9645480;314770450;16.803
262144;9088;0;4005848;11314453;0;0;0;0;0;29086;1120263;0.107
4194304;1036018;0;305353415;839993001;0;0;0;0;0;2848400;95768938;5.431
262144;12716;0;4839411;13591911;0;0;0;0;0;37476;1388636;0.124
262144;828;0;1659998;4904914;0;0;0;0;0;5581;364793;0.152
1048576;111840;0;17308333;48711936;0;0;0;0;0;123530;4923852;0.384
1048576;6657;0;9792628;28174504;0;0;0;0;0;49616;2502753;0.248
1048576;21945;0;18765821;52695112;0;0;0;0;0;138446;5393146;0.400
4194304;443880;0;180244502;498136444;0;0;0;0;0;1597122;55477777;3.461
4194304;107365;0;84932864;237698328;0;0;0;0;0;644060;24781867;1.949
4194304;2535984;0;415744419;1141635567;0;0;0;0;0;3952241;131321388;7.255
1048576;47277;0;12562257;35743968;0;0;0;0;0;76031;3395502;0.303
4194304;814436;0;619763580;1699120982;0;0;0;0;0;5991193;197027521;10.638
1048576;152900;0;82844385;227788415;0;0;0;0;0;779649;26030108;1.466
4194304;88150;0;78524403;220186628;0;0;0;0;0;580793;22717474;1.773
262144;2074;0;3500190;9933044;0;0;0;0;0;24087;957423;0.106
4194304;198;0;21335251;63922471;0;0;0;0;0;10153;4298306;0.806
262144;17098;0;3068964;8754342;0;0;0;0;0;19717;818535;0.094
4194304;7931;0;30154525;88017906;0;0;0;0;0;98649;7141132;0.942
4194304;86860;0;134910804;374264132;0;0;0;0;0;1144431;40877643;2.673
1048576;8666;0;9560183;27540599;0;0;0;0;0;46435;2428312;0.237
1048576;5124;0;6095713;18074935;0;0;0;0;0;11072;1312914;0.306
1048576;70890;0;24658365;68796163;0;0;0;0;0;197217;7290906;0.491
4194304;613672;0;50627776;143959608;0;0;0;0;0;300986;13733995;1.249
1048576;211393;0;258008491;706426693;0;0;0;0;0;2531758;82443868;4.357
262144;9112;0;4973588;13958657;0;0;0;0;0;38878;1431875;0.124
4194304;1142;0;21991956;65713379;0;0;0;0;0;14486;4511295;0.806
4194304;142568;0;118196733;328590689;0;0;0;0;0;976907;35494448;2.380
262144;2751;0;3596657;10199111;0;0;0;0;0;27567;986958;0.103
1048576;169068;0;12577542;35785340;0;0;0;0;0;76163;3400219;0.295
4194304;2548419;0;775127748;2123654352;0;0;0;0;0;7545857;247064783;13.271
4194304;698420;0;141905726;393375241;0;0;0;0;0;1213651;43130275;2.750
1048576;1296;0;6197550;18353466;0;0;0;0;0;12100;1345799;0.197
4194304;346500;0;128108774;355674329;0;0;0;0;0;1076604;38686771;2.523
4194304;61506;0;52026040;147782266;0;0;0;0;0;315286;14184619;1.256
1048576;1438;0;7395800;21629784;0;0;0;0;0;28854;1730115;0.226
4194304;400860;0;100467501;280146202;0;0;0;0;0;799325;29784904;2.506
4194304;180;0;21311941;63858823;0;0;0;0;0;9892;4290800;0.877
4194304;166662;0;82635101;231418961;0;0;0;0;0;621150;24041794;2.340
1048576;161113;0;23407539;65377549;0;0;0;0;0;185032;6888120;0.471
4194304;1917582;0;467915942;1284195529;0;0;0;0;0;4474607;148123727;8.145
1048576;231504;0;45674600;126221305;0;0;0;0;0;407319;14059143;0.864
1048576;62034;0;17402287;48968120;0;0;0;0;0;124450;4954016;0.388
4194304;15189;0;21531860;64455458;0;0;0;0;0;9412;4363275;0.800
4194304;202188;0;60589442;171179844;0;0;0;0;0;400359;16942159;1.410
4194304;77532;0;122678504;340840104;0;0;0;0;0;1021892;36938489;2.436
4194304;19468;0;46903508;133785220;0;0;0;0;0;263983;12534859;1.237
262144;27676;0;4967420;13941371;0;0;0;0;0;38743;1429867;0.126
1048576;29240;0;8115454;23593622;0;0;0;0;0;31352;1963405;0.241
4194304;110349;0;53106304;150732020;0;0;0;0;0;325627;14532029;1.309
1048576;23010;0;15148391;42810457;0;0;0;0;0;101942;4228352;0.334
262144;56932;0;3797360;10744611;0;0;0;0;0;26977;1053111;0.107
1048576;43955;0;17265626;48595225;0;0;0;0;0;123081;4910011;0.372
1048576;254696;0;12611724;35878370;0;0;0;0;0;76469;3411247;0.293
1048576;28060;0;15943668;44983616;0;0;0;0;0;109877;4484399;0.349
4194304;46308;0;76964765;215926366;0;0;0;0;0;564420;22215828;1.719
4194304;102078;0;122613570;340660076;0;0;0;0;0;1021515;36916773;2.501
262144;11322;0;5377395;15061716;0;0;0;0;0;42822;1561916;0.133
262144;5904;0;3598735;10202103;0;0;0;0;0;25044;989188;0.103
262144;1338;0;1848388;5419499;0;0;0;0;0;7605;425397;0.073
262144;10443;0;2375108;6858799;0;0;0;0;0;12692;595119;0.082
262144;10176;0;6329132;17662745;0;0;0;0;0;52410;1868511;0.182
262144;220;0;1541831;4582165;0;0;0;0;0;4331;326776;0.068
262144;14536;0;4342299;12233546;0;0;0;0;0;32472;1228580;0.115
1048576;35105;0;29865353;83024832;0;0;0;0;0;249645;8968142;0.574
4194304;26496;0;41105738;117942279;0;0;0;0;0;205511;10667437;1.134
262144;3262;0;2251167;6520301;0;0;0;0;0;11595;555202;0.081
1048576;33755;0;18479249;51911375;0;0;0;0;0;135300;5300868;0.399
4194304;3675;0;26557139;78185937;0;0;0;0;0;61326;5980948;0.869
262144;6634;0;4162066;11741384;0;0;0;0;0;30733;1170567;0.115
4194304;156948;0;226327760;624062647;0;0;0;0;0;2058618;70319781;4.542
4194304;11760;0;36820040;106230888;0;0;0;0;0;163065;9286723;1.108
4194304;52020;0;42092429;120638337;0;0;0;0;0;215941;10985398;1.166
262144;270;0;1449535;4330050;0;0;0;0;0;3320;297094;0.076
262144;54665;0;2957174;8448916;0;0;0;0;0;18535;782533;0.092
1048576;61635;0;66186109;182269231;0;0;0;0;0;613574;20664622;1.177
1048576;2376;0;8588616;24887956;0;0;0;0;0;37590;2114829;0.224
1048576;382;0;5364092;16076258;0;0;0;0;0;3599;1077395;0.173
1048576;24890;0;16034273;45230956;0;0;0;0;0;110952;4513544;0.370
262144;52440;0;3296355;9375536;0;0;0;0;0;21966;891740;0.096
262144;7728;0;3485827;9893609;0;0;0;0;0;23933;952754;0.100
1048576;25920;0;11332875;32385384;0;0;0;0;0;63720;2999684;0.274
4194304;375882;0;362009024;994808876;0;0;0;0;0;3415693;114016735;6.399
4194304;63840;0;60420574;170716343;0;0;0;0;0;400712;16886469;1.438
1048576;7854;0;11477171;32780082;0;0;0;0;0;65636;3045818;0.275
1048576;15900;0;14958328;42291738;0;0;0;0;0;100150;4167247;0.331
1048576;35956;0;9804013;28207521;0;0;0;0;0;48323;2507180;0.248
4194304;736981;0;313138329;861266245;0;0;0;0;0;2926248;98276490;5.574
1048576;96150;0;15294982;43210819;0;0;0;0;0;103399;4275545;0.337
1048576;153974;0;102469425;281413465;0;0;0;0;0;976018;32350222;1.775
4194304;231896;0;100666505;280689937;0;0;0;0;0;801360;29849078;2.129
4194304;326094;0;145135332;402200577;0;0;0;0;0;1246001;44170541;2.803
262144;34860;0;1770491;5206856;0;0;0;0;0;6624;400424;0.070
4194304;28236;0;48025625;136849722;0;0;0;0;0;275061;12895544;1.188
4194304;158844;0;90660335;253347257;0;0;0;0;0;701352;26626440;1.892
4194304;87756;0;82524295;231116631;0;0;0;0;0;620171;24006104;1.765
262144;4935;0;3762697;10650147;0;0;0;0;0;26658;1041994;0.101
1048576;3276;0;8010873;23308242;0;0;0;0;0;30354;1929766;0.217
1048576;62212;0;26053124;72607576;0;0;0;0;0;211297;7740245;0.532
1048576;135252;0;11936560;34034279;0;0;0;0;0;69757;3193991;0.284
1048576;502276;0;7675048;22389830;0;0;0;0;0;26929;1821491;0.247
262144;7254;0;3380583;9606217;0;0;0;0;0;22807;918964;0.097
4194304;258662;0;109302515;304286167;0;0;0;0;0;888324;32630182;2.601
262144;44073;0;4831255;13569526;0;0;0;0;0;37334;1386048;0.252
262144;137846;0;5034972;14125906;0;0;0;0;0;39429;1451615;0.230
4194304;242627;0;172692601;477497921;0;0;0;0;0;1523028;53044854;3.354
4194304;44745;0;33347981;96744123;0;0;0;0;0;127750;8168954;1.004
262144;9492;0;4401396;12395349;0;0;0;0;0;33093;1247683;0.122
262144;790;0;1424997;4263099;0;0;0;0;0;3044;289210;0.073
4194304;38808;0;72212568;202940740;0;0;0;0;0;517358;20685069;1.629
4194304;60287;0;100205599;279433165;0;0;0;0;0;797214;29701136;2.090
4194304;473280;0;102002056;284338137;0;0;0;0;0;814659;30278935;2.128
1048576;142832;0;14616204;41356065;0;0;0;0;0;96587;4056835;0.330
1048576;8540;0;11274290;32223955;0;0;0;0;0;63927;2980191;0.287
4194304;13440;0;39460079;113448212;0;0;0;0;0;193657;10136034;1.067
4194304;1368;0;23750608;70521080;0;0;0;0;0;35653;5077379;0.806
1048576;184952;0;9692429;27901960;0;0;0;0;0;47316;2471054;0.250
4194304;59882;0;47252238;134736560;0;0;0;0;0;267139;12646755;1.256
1048576;327936;0;13383437;37987200;0;0;0;0;0;84156;3659802;0.340
262144;8840;0;3702421;10485167;0;0;0;0;0;26101;1022506;0.105
4194304;19500;0;27710820;81341098;0;0;0;0;0;71676;6353531;0.917
4194304;493116;0;157595726;436248042;0;0;0;0;0;1370356;48183585;3.032
4194304;154298;0;49644876;141275240;0;0;0;0;0;290919;13417483;1.220
4194304;18560;0;39072355;112383876;0;0;0;0;0;186060;10011688;1.063
1048576;544;0;5957489;17699994;0;0;0;0;0;12503;1266514;0.312
1048576;26712;0;15690037;44290282;0;0;0;0;0;107735;4402466;0.338
1048576;8990;0;7664806;22364764;0;0;0;0;0;29801;1816293;0.211
4194304;7960;0;24559341;72727334;0;0;0;0;0;41023;5337682;0.837
4194304;475426;0;135451713;375737681;0;0;0;0;0;1149212;41051418;2.679
262144;36110;0;4850510;13622006;0;0;0;0;0;37555;1392229;0.207
1048576;33124;0;46075205;127318310;0;0;0;0;0;411973;14188762;0.848
4194304;81700;0;111650530;310705538;0;0;0;0;0;911756;33387109;2.250
4194304;163984;0;107465061;299266847;0;0;0;0;0;869191;32038590;2.191
4194304;127896;0;188805216;521532256;0;0;0;0;0;1684529;58235883;3.522
262144;79002;0;1984911;5792601;0;0;0;0;0;8784;469434;0.076
262144;44016;0;6206536;17327647;0;0;0;0;0;51212;1829047;0.209
1048576;7191;0;8152091;23693603;0;0;0;0;0;31970;1975030;0.227
4194304;496125;0;36388854;105052109;0;0;0;0;0;158101;9148033;1.027
262144;6450;0;5005238;14045511;0;0;0;0;0;39169;1442221;0.122
262144;224;0;1754640;5164152;0;0;0;0;0;6971;394991;0.076
4194304;772702;0;499317859;1370007931;0;0;0;0;0;4787363;158238630;8.668
4194304;41548;0;32870006;95437646;0;0;0;0;0;122866;8014865;0.975
1048576;15114;0;25653326;71516106;0;0;0;0;0;208312;7611967;0.647
1048576;1892;0;6276920;18570407;0;0;0;0;0;12973;1371407;0.230
4194304;477420;0;290143464;798437329;0;0;0;0;0;2696410;90871927;5.290
1048576;203885;0;158566641;434697851;0;0;0;0;0;1536719;50416794;2.707
1048576;4708;0;10910303;31230781;0;0;0;0;0;59553;2863570;0.273
262144;9030;0;3368542;9573184;0;0;0;0;0;22742;915093;0.098
1048576;2525;0;7048997;20679724;0;0;0;0;0;20672;1619988;0.230
1048576;26433;0;7985424;23238327;0;0;0;0;0;30062;1921515;0.367
262144;3224;0;1635347;4837651;0;0;0;0;0;5242;356908;0.069
1048576;34986;0;41330382;114352526;0;0;0;0;0;364241;12660277;0.773
1048576;2046;0;8464002;24544678;0;0;0;0;0;35980;2075051;0.223
1048576;108192;0;6107487;18107190;0;0;0;0;0;11219;1316750;0.224
1048576;1782;0;6713971;19766013;0;0;0;0;0;19312;1511108;0.207
1048576;8325;0;15700736;44319686;0;0;0;0;0;107859;4405949;0.358
262144;5840;0;1545038;4590626;0;0;0;0;0;4354;327801;0.071
1048576;17000;0;12825211;36464664;0;0;0;0;0;80987;3478548;0.298
262144;378;0;1711034;5044632;0;0;0;0;0;6026;381339;0.072
4194304;4556;0;24490785;72542525;0;0;0;0;0;39139;5316612;0.830
1048576;239820;0;28974163;80587485;0;0;0;0;0;240280;8680712;0.559
262144;62985;0;7174397;19971541;0;0;0;0;0;60886;2140582;0.161
4194304;1905255;0;1641689485;4491545099;0;0;0;0;0;16206484;526149112;27.648
1048576;45850;0;15453327;43643221;0;0;0;0;0;104970;4326446;0.343
1048576;39200;0;35888106;99480979;0;0;0;0;0;310184;10907239;0.689
4194304;204048;0;147509995;408689178;0;0;0;0;0;1271008;44934616;2.891
1048576;53558;0;7122543;20880320;0;0;0;0;0;21362;1643584;0.230
4194304;46718;0;50131507;142603670;0;0;0;0;0;295751;13574026;1.247
262144;763;0;2256886;6535730;0;0;0;0;0;11697;556967;0.081
4194304;1650;0;23214599;69053132;0;0;0;0;0;27431;4904688;0.813
262144;13986;0;4895398;13744962;0;0;0;0;0;38058;1406705;0.192
4194304;155115;0;224552675;619207233;0;0;0;0;0;2042830;69746148;4.173
262144;1070;0;1668776;4931698;0;0;0;0;0;8439;365761;0.069
1048576;98042;0;36006742;99805140;0;0;0;0;0;310860;10945791;0.674
1048576;19952;0;5933048;17630440;0;0;0;0;0;9429;1260531;0.212
4194304;2984;0;25939792;76497616;0;0;0;0;0;56049;5781659;0.847
4194304;74259;0;97559195;272198718;0;0;0;0;0;771106;28847714;2.033
1048576;108054;0;55416595;152840939;0;0;0;0;0;505013;17196652;1.004
4194304;15450;0;37193913;107253472;0;0;0;0;0;166615;9407746;1.143
262144;1120;0;2195356;6369525;0;0;0;0;0;12758;536045;0.092
1048576;139520;0;146221012;400964538;0;0;0;0;0;1413989;46440625;2.528
1048576;7125;0;7467753;21823915;0;0;0;0;0;24989;1754856;0.207
1048576;65596;0;6174886;18291712;0;0;0;0;0;12915;1337045;0.222
1048576;28855;0;11266051;32202392;0;0;0;0;0;63041;2978006;0.267
1048576;176616;0;24500826;68365147;0;0;0;0;0;195535;7240215;0.514
1048576;41890;0;27633992;76929094;0;0;0;0;0;228575;8248929;0.565
1048576;22737;0;7970929;23198636;0;0;0;0;0;29964;1916842;0.229
4194304;227424;0;52097977;147975578;0;0;0;0;0;315692;14206802;1.273
262144;15792;0;2956253;8446541;0;0;0;0;0;18550;782222;0.091
4194304;119966;0;178372910;493025918;0;0;0;0;0;1579926;54875979;3.377
4194304;363727;0;61605706;173956991;0;0;0;0;0;410660;17269549;1.426
4194304;308730;0;30047902;87724393;0;0;0;0;0;95189;7105479;0.977
4194304;693693;0;399810011;1098100914;0;0;0;0;0;3792941;126191040;6.968
4194304;150350;0;95197872;265748380;0;0;0;0;0;746949;28088399;1.957
4194304;1057978;0;136126354;377582572;0;0;0;0;0;1155806;41269153;2.692
4194304;249660;0;56172352;159110448;0;0;0;0;0;356259;15519509;1.427
4194304;48024;0;30427736;88763604;0;0;0;0;0;98922;7228001;0.905
1048576;1296;0;7181489;21042315;0;0;0;0;0;22431;1662610;0.209
4194304;81137;0;104873735;292188523;0;0;0;0;0;843771;31204634;2.151
4194304;19136;0;44924367;128376825;0;0;0;0;0;243762;11897272;1.128
1048576;644;0;5509709;16474666;0;0;0;0;0;5846;1123880;0.207
1048576;3406;0;9987962;28710238;0;0;0;0;0;50430;2566311;0.251
1048576;22785;0;13332401;37848356;0;0;0;0;0;83703;3643518;0.319
262144;24255;0;4086462;11534691;0;0;0;0;0;29913;1146209;0.108
1048576;2345;0;5843753;17386651;0;0;0;0;0;8590;1231782;0.185
1048576;35014;0;13419888;38087211;0;0;0;0;0;84826;3671423;0.304
262144;4776;0;2272550;6578653;0;0;0;0;0;11657;562091;0.081
4194304;212025;0;103513007;288467124;0;0;0;0;0;830299;30765554;2.180
1048576;2871;0;9440447;27213333;0;0;0;0;0;45430;2389696;0.248
262144;5576;0;1633995;4835757;0;0;0;0;0;7839;353502;0.072
262144;594;0;2149306;6242157;0;0;0;0;0;10492;522497;0.095
4194304;884234;0;160562265;444354627;0;0;0;0;0;1400238;49138846;3.158
1048576;128961;0;13369304;37949306;0;0;0;0;0;84150;3655333;0.317
4194304;162131;0;85506855;239267173;0;0;0;0;0;649845;24966968;1.847
4194304;9672;0;23709864;70408266;0;0;0;0;0;31049;5064911;0.937
4194304;5031;0;23636135;70207283;0;0;0;0;0;30780;5041408;0.906
262144;2249;0;2347999;6784902;0;0;0;0;0;12507;586460;0.083
1048576;67517;0;10064325;28918220;0;0;0;0;0;50876;2590930;0.283
4194304;891271;0;629624383;1726066582;0;0;0;0;0;6090685;200203336;10.790
1048576;71208;0;6808435;20017688;0;0;0;0;0;19160;1541774;0.217
4194304;345948;0;99572080;277698108;0;0;0;0;0;790316;29496539;2.060
4194304;1236672;0;580668115;1592291224;0;0;0;0;0;5600404;184436752;9.935
4194304;83400;0;63154212;178189079;0;0;0;0;0;426157;17768337;1.454
1048576;33696;0;40022008;110776670;0;0;0;0;0;351232;12238629;0.767
1048576;121923;0;11079225;31691380;0;0;0;0;0;61160;2917694;0.273
4194304;91140;0;61965682;174941530;0;0;0;0;0;414278;17385463;1.473
4194304;21010;0;47493312;135396540;0;0;0;0;0;270025;12724835;1.223
1048576;25806;0;11196394;32011741;0;0;0;0;0;62331;2955559;0.359
4194304;1543044;0;802869043;2199457320;0;0;0;0;0;7822203;255998724;13.607
262144;2691;0;2170579;6302237;0;0;0;0;0;12965;527838;0.081
1048576;3600;0;8160696;23718649;0;0;0;0;0;33332;1976997;0.225
262144;54766;0;6118957;17088059;0;0;0;0;0;50267;1800758;0.157
1048576;3912;0;10685020;30614756;0;0;0;0;0;57518;2790737;0.261
262144;867;0;1570879;4662515;0;0;0;0;0;6169;334082;0.070
4194304;35760;0;49633370;141244048;0;0;0;0;0;292737;13414345;1.302
262144;622;0;1482197;4419398;0;0;0;0;0;3675;307646;0.065
1048576;20996;0;33053792;91737488;0;0;0;0;0;281480;9994841;0.627
4194304;307411;0;212314639;585766184;0;0;0;0;0;1918630;65805122;4.082
1048576;51597;0;73125509;201232863;0;0;0;0;0;682710;22899998;1.300
4194304;408370;0;70216030;197484525;0;0;0;0;0;496755;20042253;1.609
1048576;20592;0;16834800;47418639;0;0;0;0;0;118880;4771409;0.358
1048576;224808;0;36326707;100678737;0;0;0;0;0;314118;11048734;0.679
262144;40740;0;5526750;15469696;0;0;0;0;0;44343;1609997;0.133
4194304;230850;0;315116970;866678652;0;0;0;0;0;2946246;98914889;5.606
1048576;17714;0;10060072;28906650;0;0;0;0;0;51363;2589719;0.281
1048576;9516;0;17933645;50421483;0;0;0;0;0;130008;5125222;0.380
1048576;70432;0;39274063;108734279;0;0;0;0;0;343716;11998368;0.728
262144;1302;0;2405282;6941463;0;0;0;0;0;13062;604923;0.079
262144;92;0;1550612;4606935;0;0;0;0;0;5171;329089;0.086
1048576;6443;0;7024399;20612403;0;0;0;0;0;20522;1611940;0.347
262144;5733;0;2722809;7811591;0;0;0;0;0;18978;705324;0.091
4194304;22222;0;50456554;143493900;0;0;0;0;0;299399;13679081;1.267
262144;2640;0;2350768;6792470;0;0;0;0;0;12485;587297;0.090
1048576;120712;0;8295525;24085240;0;0;0;0;0;33140;2021314;0.265
1048576;15984;0;8404184;24382579;0;0;0;0;0;34305;2056423;0.269
4194304;1431924;0;205704628;567705400;0;0;0;0;0;1851602;63677543;3.808
4194304;1060946;0;150614337;417168928;0;0;0;0;0;1300536;45934646;2.933
1048576;211788;0;8241003;23936320;0;0;0;0;0;32582;2003764;0.348
1048576;12587;0;15820931;44649877;0;0;0;0;0;109768;4444650;0.343
1048576;105560;0;85375388;234705581;0;0;0;0;0;804969;26845551;1.482
1048576;60;0;5462613;16347729;0;0;0;0;0;7389;1107234;0.170
1048576;69104;0;7330860;21442204;0;0;0;0;0;25041;1709555;0.212
1048576;31122;0;19773537;55447862;0;0;0;0;0;148472;5717638;0.405
4194304;814572;0;168240548;465333628;0;0;0;0;0;1477117;51611053;3.212
262144;181152;0;10440708;28896521;0;0;0;0;0;93579;3192491;0.217
4194304;5432;0;28350944;83091056;0;0;0;0;0;78410;6559213;0.886
262144;19296;0;2373711;6855042;0;0;0;0;0;12763;594660;0.084
1048576;88088;0;71202285;195977305;0;0;0;0;0;663176;22280900;1.260
1048576;15336;0;5570116;16638114;0;0;0;0;0;5899;1143579;0.255
1048576;93496;0;8004561;23290340;0;0;0;0;0;30272;1927582;0.252
262144;15000;0;2205816;6396141;0;0;0;0;0;10959;540599;0.080
262144;17464;0;3966775;11207626;0;0;0;0;0;28682;1107646;0.110
1048576;24928;0;14191787;40196910;0;0;0;0;0;92463;3920264;0.319
1048576;32688;0;26410550;73585084;0;0;0;0;0;215373;7855707;0.559
262144;11025;0;4520484;12720468;0;0;0;0;0;34284;1286007;0.118
262144;5044;0;3531538;10018658;0;0;0;0;0;24369;967531;0.103
4194304;15376;0;37487431;108054875;0;0;0;0;0;169232;9501936;1.014
4194304;40300;0;53330793;151344893;0;0;0;0;0;328784;14603650;1.371
4194304;9540;0;33832356;98067520;0;0;0;0;0;132896;8324685;0.981
4194304;194796;0;77777883;218146107;0;0;0;0;0;572709;22477760;1.733
1048576;117162;0;10080404;28962423;0;0;0;0;0;51157;2596165;0.283
262144;870;0;2184210;6337464;0;0;0;0;0;10776;533655;0.289
262144;24566;0;2997891;8560350;0;0;0;0;0;18981;795656;0.100
1048576;59160;0;24703641;68919627;0;0;0;0;0;197742;7305372;0.546
1048576;41354;0;45202120;124930735;0;0;0;0;0;403841;13906565;0.844
1048576;29070;0;13959009;39560809;0;0;0;0;0;90093;3845236;0.314
1048576;156;0;5588988;16690792;0;0;0;0;0;5968;1149797;0.180
1048576;38413;0;7605194;22199160;0;0;0;0;0;26187;1799025;0.256
4194304;58156;0;28770494;84236246;0;0;0;0;0;81855;6694617;0.923
4194304;400610;0;172751157;477659136;0;0;0;0;0;1522907;53063892;3.254
262144;72828;0;4686324;13173231;0;0;0;0;0;35943;1339331;0.126
4194304;16814;0;35687954;103134477;0;0;0;0;0;153494;8921131;0.993
1048576;53801;0;51549075;142273649;0;0;0;0;0;467340;15950694;0.957
1048576;1736;0;7728872;22537856;0;0;0;0;0;27581;1838987;0.227
1048576;241150;0;18600016;52184825;0;0;0;0;0;148470;5331325;0.392
1048576;68376;0;10761003;30822357;0;0;0;0;0;58073;2815450;0.264
262144;31980;0;3020803;8622721;0;0;0;0;0;19184;803016;0.094
262144;5015;0;3664295;10381323;0;0;0;0;0;25853;1010192;0.103
4194304;146280;0;132948440;368899066;0;0;0;0;0;1125577;40244805;2.591
4194304;513360;0;558479861;1531667475;0;0;0;0;0;5379269;177291968;9.548
1048576;47985;0;33729403;93581914;0;0;0;0;0;288119;10212256;0.641
4194304;557208;0;232588509;641165963;0;0;0;0;0;2121129;72335756;4.235
4194304;146608;0;138382902;383752019;0;0;0;0;0;1179636;41996661;2.669
1048576;165010;0;22560719;62992199;0;0;0;0;0;191282;6604570;0.479
4194304;868805;0;106619701;296952983;0;0;0;0;0;860930;31765734;2.153
262144;50882;0;4510292;12692697;0;0;0;0;0;34139;1282715;0.118
1048576;345396;0;10283994;29518365;0;0;0;0;0;53093;2661661;0.268
4194304;22550;0;50886369;144667565;0;0;0;0;0;303995;13816616;1.273
1048576;22306;0;13522845;38368638;0;0;0;0;0;85884;3704598;0.302
262144;99;0;1560830;4636740;0;0;0;0;0;7327;330977;0.065
4194304;9190;0;34198665;99070227;0;0;0;0;0;141090;8442360;1.007
1048576;72000;0;46784938;129256619;0;0;0;0;0;418658;14417145;0.853
4194304;420552;0;255828469;704667222;0;0;0;0;0;2353865;79818992;4.714
4194304;30800;0;62206072;175595512;0;0;0;0;0;418677;17461547;1.474
1048576;48375;0;10741946;30769725;0;0;0;0;0;57669;2809149;0.307
4194304;99441;0;42423324;121540114;0;0;0;0;0;219094;11091211;1.168
4194304;177834;0;61015818;172344650;0;0;0;0;0;404965;17078941;1.437
1048576;264504;0;27165713;75645840;0;0;0;0;0;222216;8098278;0.538
4194304;75816;0;120443516;334733124;0;0;0;0;0;999550;36218769;2.462
262144;65844;0;8812771;24418346;0;0;0;0;0;83732;2663712;0.193
4194304;14364;0;40315104;115782394;0;0;0;0;0;198320;10413081;1.108
262144;1920;0;1928099;5637704;0;0;0;0;0;8303;451266;0.077
4194304;39882;0;27196184;79934771;0;0;0;0;0;66420;6187907;0.916
262144;1936;0;1605472;4755418;0;0;0;0;0;5038;347203;0.069
4194304;762173;0;347437387;954986858;0;0;0;0;0;3269108;109322268;6.200
262144;3952;0;5508283;15419618;0;0;0;0;0;44377;1604004;0.135
4194304;72025;0;115504577;321236947;0;0;0;0;0;950182;34627882;2.338
262144;3580;0;2710905;7777455;0;0;0;0;0;17287;702678;0.090
1048576;54824;0;49210910;135884847;0;0;0;0;0;442908;15197967;0.980
4194304;459435;0;35296062;102066376;0;0;0;0;0;147426;8796341;1.013
4194304;453945;0;162701299;450197790;0;0;0;0;0;1421468;49827570;3.114
4194304;163830;0;75485595;211882387;0;0;0;0;0;549446;21739034;1.697
1048576;43016;0;6122178;18144839;0;0;0;0;0;11795;1321107;0.180
1048576;40630;0;43591964;120530874;0;0;0;0;0;387440;13388203;0.803
1048576;69482;0;84263763;231668956;0;0;0;0;0;794798;26488020;1.505
4194304;619826;0;152952362;423560156;0;0;0;0;0;1324398;46687873;2.950
1048576;16016;0;10170743;29208809;0;0;0;0;0;52090;2625132;0.264
1048576;6890;0;14554114;41187334;0;0;0;0;0;96222;4036863;0.321
1048576;37779;0;15608448;44066555;0;0;0;0;0;106499;4376311;0.382
262144;6435;0;2908760;8317132;0;0;0;0;0;18104;767003;0.091
262144;30160;0;3468307;9845511;0;0;0;0;0;23660;947136;0.111
262144;10692;0;3699642;10478163;0;0;0;0;0;26054;1021705;0.106
4194304;162036;0;201423684;556006482;0;0;0;0;0;1811396;62297223;3.722
262144;15510;0;5083870;14259925;0;0;0;0;0;39907;1467431;0.131
262144;6641;0;3943673;11144625;0;0;0;0;0;28538;1100200;0.110
262144;3630;0;3937019;11126399;0;0;0;0;0;28434;1098072;0.109
1048576;114953;0;139245646;381906606;0;0;0;0;0;1344781;44195381;2.359
262144;32864;0;2946988;8421189;0;0;0;0;0;18436;779263;0.090
262144;8784;0;1747080;5142929;0;0;0;0;0;6378;392917;0.073
4194304;61495;0;46577295;132891719;0;0;0;0;0;260976;12428864;1.194
1048576;97290;0;27709119;77131790;0;0;0;0;0;227677;8273420;0.539
4194304;1309575;0;1622506726;4439130414;0;0;0;0;0;16014997;519971171;26.753
4194304;131224;0;96464294;269209645;0;0;0;0;0;759519;28496241;1.992
1048576;270;0;5578168;16663120;0;0;0;0;0;8056;1144905;0.330
262144;2091;0;2366088;6834209;0;0;0;0;0;12621;592225;0.080
4194304;54516;0;60746738;171611527;0;0;0;0;0;403675;16993481;1.477
4194304;573870;0;512892992;1407100954;0;0;0;0;0;4923935;162610375;8.779
1048576;16200;0;5884756;17497097;0;0;0;0;0;9207;1244797;0.206
1048576;219816;0;12594478;35831787;0;0;0;0;0;76271;3405773;0.292
4194304;248234;0;182024730;502998053;0;0;0;0;0;1615988;56050401;3.368
4194304;93093;0;134238529;372426627;0;0;0;0;0;1137274;40661486;2.628
